step lat batch_size token_budget decode_reqs prefill_reqs kv_blocks_used
1 0.05331970995757729 1 17 0 1 2
2 0.0035450650029815733 1 0 1 0 2
3 0.0008638370200060308 1 1 1 0 2
4 0.00566052197245881 1 0 1 0 2
5 0.0005170960212126374 1 1 1 0 2
6 0.005725688999518752 1 0 1 0 2
7 0.000533502025064081 1 1 1 0 2
8 0.005713510967325419 1 0 1 0 2
9 0.0006372770294547081 1 1 1 0 2
10 0.005729194963350892 1 0 1 0 2
11 0.0004772359970957041 1 1 1 0 2
12 0.00570992601569742 1 0 1 0 2
13 0.0004663399886339903 1 1 1 0 2
14 0.005760252010077238 1 0 1 0 2
15 0.0005463900160975754 1 1 1 0 2
16 0.005758668994531035 1 0 1 0 2
17 0.0004782279720529914 1 1 1 0 2
18 0.005715303996112198 1 0 1 0 2
19 0.00046440702863037586 1 1 1 0 2
20 0.0057427550200372934 1 0 1 0 2
21 0.0004492249572649598 1 1 1 0 2
22 0.005746770999394357 1 0 1 0 2
23 0.0004904770175926387 1 1 1 0 2
24 0.005776705977041274 1 0 1 0 2
25 0.0005012930487282574 1 1 1 0 2
26 0.00575472298078239 1 0 1 0 2
27 0.0004978569922968745 1 1 1 0 2
28 0.005777116981334984 1 0 1 0 2
29 0.0004876420134678483 1 1 1 0 2
30 0.005774844030383974 1 0 1 0 2
31 0.0004883329966105521 1 1 1 0 2
32 0.005787322006653994 1 0 1 0 2
33 0.0005058199749328196 1 1 1 0 3
34 0.005723676003981382 1 0 1 0 3
35 0.000495464017149061 1 1 1 0 3
36 0.005770527001004666 1 0 1 0 3
37 0.0004897149628959596 1 1 1 0 3
38 0.005770255986135453 1 0 1 0 3
39 0.00048460805555805564 1 1 1 0 3
40 0.005760321975685656 1 0 1 0 3
41 0.0004983880207873881 1 1 1 0 3
42 0.005698678956832737 1 0 1 0 3
43 0.0004709570202976465 1 1 1 0 3
44 0.005723987007513642 1 0 1 0 3
45 0.00047918001655489206 1 1 1 0 3
46 0.005777807964477688 1 0 1 0 3
47 0.0005093539948575199 1 1 1 0 3
48 0.005779210012406111 1 0 1 0 3
49 0.0005597510025836527 1 1 1 0 3
50 0.005774512013886124 1 0 1 0 3
51 0.00048268598038703203 1 1 1 0 3
52 0.005769765004515648 1 0 1 0 3
53 0.0004809219972230494 1 1 1 0 3
54 0.0057726200320757926 1 0 1 0 3
55 0.00048781296936795115 1 1 1 0 3
56 0.005774852994363755 1 0 1 0 3
57 0.0007148139993660152 1 1 1 0 3
58 0.005764738016296178 1 0 1 0 3
59 0.00048426701687276363 1 1 1 0 3
60 0.005772899952717125 1 0 1 0 3
61 0.0004949840367771685 1 1 1 0 3
62 0.005776805977802724 1 0 1 0 3
63 0.0007072020089253783 1 1 1 0 3
64 0.005729814991354942 1 0 1 0 3
65 0.0005155749968253076 1 1 1 0 4
66 0.0057637160061858594 1 0 1 0 4
67 0.0005057700327597558 1 1 1 0 4
68 0.005775173951406032 1 0 1 0 4
69 0.0007682529976591468 1 1 1 0 4
70 0.005774092045612633 1 0 1 0 4
71 0.0004788599908351898 1 1 1 0 4
72 0.00576707097934559 1 0 1 0 4
73 0.0005088640027679503 1 1 1 0 4
74 0.0057819539797492325 1 0 1 0 4
75 0.0007708180346526206 1 1 1 0 4
76 0.005714922968763858 1 0 1 0 4
77 0.0004802810144610703 1 1 1 0 4
78 0.005773391982074827 1 0 1 0 4
79 0.0004910569987259805 1 1 1 0 4
80 0.005783015047200024 1 0 1 0 4
81 0.0005205819616094232 1 1 1 0 4
82 0.005795634991955012 1 0 1 0 4
83 0.0005386490374803543 1 1 1 0 4
84 0.0057763149961829185 1 0 1 0 4
85 0.0004949839785695076 1 1 1 0 4
86 0.0057642870233394206 1 0 1 0 4
87 0.0004930099821649492 1 1 1 0 4
88 0.005769615992903709 1 0 1 0 4
89 0.0004804410273209214 1 1 1 0 4
90 0.005779519968200475 1 0 1 0 4
91 0.0004879829939454794 1 1 1 0 4
92 0.005774843040853739 1 0 1 0 4
93 0.0004961949889548123 1 1 1 0 4
94 0.005756867001764476 1 0 1 0 4
95 0.0004916280158795416 1 1 1 0 4
96 0.005783415981568396 1 0 1 0 4
97 0.00048390700249001384 1 1 1 0 5
98 0.005772869975771755 1 0 1 0 5
99 0.0004852089914493263 1 1 1 0 5
100 0.0057752340217120945 1 0 1 0 5
101 0.0005059899995103478 1 1 1 0 5
102 0.0057745520025491714 1 0 1 0 5
103 0.0007973479805514216 1 1 1 0 5
104 0.00577356101712212 1 0 1 0 5
105 0.0004800710012204945 1 1 1 0 5
106 0.0057729100226424634 1 0 1 0 5
107 0.000494603009428829 1 1 1 0 5
108 0.005779910949058831 1 0 1 0 5
109 0.0007435770239681005 1 1 1 0 5
110 0.005774141987785697 1 0 1 0 5
111 0.0004811030230484903 1 1 1 0 5
112 0.005772439006250352 1 0 1 0 5
113 0.0005424249684438109 1 1 1 0 5
114 0.0057410020381212234 1 0 1 0 5
115 0.0007376080029644072 1 1 1 0 5
116 0.005779429979156703 1 0 1 0 5
117 0.0004856489831581712 1 1 1 0 5
118 0.005779811006505042 1 0 1 0 5
119 0.0005144330207258463 1 1 1 0 5
120 0.005805669003166258 1 0 1 0 5
121 0.0005075020017102361 1 1 1 0 5
122 0.005793871998321265 1 0 1 0 5
123 0.0005333209992386401 1 1 1 0 5
124 0.005776325997430831 1 0 1 0 5
125 0.0004997699870727956 1 1 1 0 5
126 0.005789635004475713 1 0 1 0 5
127 0.0007636469672434032 1 1 1 0 5
128 0.005776336009148508 1 0 1 0 5
129 0.0004962550010532141 1 1 1 0 6
130 0.005762054002843797 1 0 1 0 6
131 0.0004940120270475745 1 1 1 0 6
132 0.005803665961138904 1 0 1 0 6
133 0.000698579999152571 1 1 1 0 6
134 0.005783155036624521 1 0 1 0 6
135 0.0004906869726255536 1 1 1 0 6
136 0.005766211019363254 1 0 1 0 6
137 0.0004964150139130652 1 1 1 0 6
138 0.005796866957098246 1 0 1 0 6
139 0.0007362750475294888 1 1 1 0 6
140 0.0057750039850361645 1 0 1 0 6
141 0.0004921589861623943 1 1 1 0 6
142 0.00576070201350376 1 0 1 0 6
143 0.000494561973027885 1 1 1 0 6
144 0.005793512042146176 1 0 1 0 6
145 0.0007073019514791667 1 1 1 0 6
146 0.005773241049610078 1 0 1 0 6
147 0.00048342597438022494 1 1 1 0 6
148 0.005764106987044215 1 0 1 0 6
149 0.0004912880249321461 1 1 1 0 6
150 0.005725518974941224 1 0 1 0 6
151 0.0005541120190173388 1 1 1 0 6
152 0.005794232012704015 1 0 1 0 6
153 0.0005640679737553 1 1 1 0 6
154 0.0057596100377850235 1 0 1 0 6
155 0.0005088439793325961 1 1 1 0 6
156 0.00577850901754573 1 0 1 0 6
157 0.0004865709925070405 1 1 1 0 6
158 0.005771897966042161 1 0 1 0 6
159 0.0004837170126847923 1 1 1 0 6
160 0.0057668209774419665 1 0 1 0 6
161 0.0005076220259070396 1 1 1 0 7
162 0.005764488014392555 1 0 1 0 7
163 0.0004891849821433425 1 1 1 0 7
164 0.005724497023038566 1 0 1 0 7
165 0.0004853889695368707 1 1 1 0 7
166 0.005790327035356313 1 0 1 0 7
167 0.0004931599833071232 1 1 1 0 7
168 0.005789154965896159 1 0 1 0 7
169 0.0005447780131362379 1 1 1 0 7
170 0.005760041007306427 1 0 1 0 7
171 0.0005015829810872674 1 1 1 0 7
172 0.005765570036601275 1 0 1 0 7
173 0.0007982389652170241 1 1 1 0 7
174 0.005764778004959226 1 0 1 0 7
175 0.0004921890213154256 1 1 1 0 7
176 0.005702523980289698 1 0 1 0 7
177 0.00048342603258788586 1 1 1 0 7
178 0.005731538985855877 1 0 1 0 7
179 0.0008085240260697901 1 1 1 0 7
180 0.0057137609692290425 1 0 1 0 7
181 0.0004927910049445927 1 1 1 0 7
182 0.005740160006098449 1 0 1 0 7
183 0.0004914589808322489 1 1 1 0 7
184 0.005737486993893981 1 0 1 0 7
185 0.0004710170323960483 1 1 1 0 7
186 0.005752530007157475 1 0 1 0 7
187 0.0005256489966996014 1 1 1 0 7
188 0.0057512379717081785 1 0 1 0 7
189 0.0005160850123502314 1 1 1 0 7
190 0.005715603998396546 1 0 1 0 7
191 0.0004729299689643085 1 1 1 0 7
192 0.005750688025727868 1 0 1 0 7
193 0.000474542030133307 1 1 1 0 8
194 0.005719469976611435 1 0 1 0 8
195 0.0007433270220644772 1 1 1 0 8
196 0.005729063996113837 1 0 1 0 8
197 0.00047577498480677605 1 1 1 0 8
198 0.005702734983060509 1 0 1 0 8
199 0.0004676820244640112 1 1 1 0 8
200 0.005740922002587467 1 0 1 0 8
201 0.00046366697642952204 1 1 1 0 8
202 0.005761873035226017 1 0 1 0 8
203 0.0005017339717596769 1 1 1 0 8
204 0.005750225973315537 1 0 1 0 8
205 0.00048166303895413876 1 1 1 0 8
206 0.005742654961068183 1 0 1 0 8
207 0.0004747729981318116 1 1 1 0 8
208 0.0057519590482115746 1 0 1 0 8
209 0.00047105696285143495 1 1 1 0 8
210 0.005744658003095537 1 0 1 0 8
211 0.0007989199948497117 1 1 1 0 8
212 0.005753011035267264 1 0 1 0 8
213 0.0004874920123256743 1 1 1 0 8
214 0.005741402972489595 1 0 1 0 8
215 0.0004634259967133403 1 1 1 0 8
216 0.005751036980655044 1 0 1 0 8
217 0.0004711880465038121 1 1 1 0 8
218 0.005761312961112708 1 0 1 0 8
219 0.0006905070040374994 1 1 1 0 8
220 0.005729664990212768 1 0 1 0 8
221 0.00046043202746659517 1 1 1 0 8
222 0.005750435986556113 1 0 1 0 8
223 0.0% 1 1 1 0 8
224 0.005751447984948754 1 0 1 0 8
225 0.0005827450077049434 1 1 1 0 9
226 0.005741243017837405 1 0 1 0 9
227 0.0006181880016811192 1 1 1 0 9
228 0.00573029596125707 1 0 1 0 9
229 0.0004639070248231292 1 1 1 0 9
230 0.005717187013942748 1 0 1 0 9
231 0.00046581897186115384 1 1 1 0 9
232 0.005710837023798376 1 0 1 0 9
233 0.00047741696471348405 1 1 1 0 9
234 0.005716376006603241 1 0 1 0 9
235 0.00048386602429673076 1 1 1 0 9
236 0.0057057300000451505 1 0 1 0 9
237 0.00047456298489123583 1 1 1 0 9
238 0.005685287993401289 1 0 1 0 9
239 0.00046545901568606496 1 1 1 0 9
240 0.004686800006311387 1 0 1 0 9
241 0.029086344002280384 0 0 0 0 0
242 0.0028106410172767937 1 17 0 1 2
243 0.003166084992699325 7 448 1 6 32
244 0.017529146978631616 10 945 7 3 93
245 0.03279255097731948 14 822 10 4 146
246 0.02883843204472214 44 8000 13 31 637
247 0.21681731595890597 64 4767 44 20 947
248 0.13265873899217695 100 8000 63 37 1418
249 0.21986946900142357 135 8000 100 35 1933
250 0.22103464003885165 178 8000 134 44 2444
251 0.22381687798770145 215 8000 176 39 2910
252 0.2240213860059157 248 8000 213 35 3389
253 0.2267038240097463 287 8000 247 40 3894
254 0.2263122859876603 333 8000 286 47 4414
255 0.22797464299947023 379 8000 332 47 4938
256 0.2278519090032205 396 4214 375 21 5103
257 0.12934603297617286 397 966 393 4 5112
258 0.04203058499842882 398 591 395 3 5076
259 0.029763852013275027 398 1136 396 2 5070
260 0.04875140998046845 400 616 398 2 5108
261 0.03019408800173551 398 187 398 0 5094
262 0.011675545014441013 398 410 396 2 5068
263 0.023991573019884527 396 185 396 0 5017
264 0.011795925965998322 399 1045 395 4 5033
265 0.04792154300957918 397 183 397 0 4990
266 0.012024269031826407 398 1067 395 3 5034
267 0.04954664397519082 393 178 393 0 4911
268 0.011607702996116132 397 2285 390 7 4961
269 0.0828223199932836 394 175 394 0 4930
270 0.01161652704467997 398 1869 392 6 4990
271 0.06794653797987849 397 174 397 0 4981
272 0.011397388007026166 398 1253 395 3 5028
273 0.05100837897043675 398 174 398 0 5040
274 0.011989446997176856 400 1537 398 2 5138
275 0.05666343204211444 396 170 396 0 5033
276 0.011018567951396108 398 1684 394 4 5096
277 0.06110530404839665 397 169 397 0 5077
278 0.011676447000354528 398 591 395 3 5075
279 0.030922070960514247 397 168 397 0 5062
280 0.010951618023682386 396 853 393 3 5036
281 0.039800907019525766 391 163 391 0 4922
282 0.01107053697342053 399 2043 390 9 5046
283 0.07300581701565534 394 158 394 0 4968
284 0.011064226971939206 398 1226 392 6 5011
285 0.053643967024981976 396 156 396 0 4966
286 0.010764006001409143 398 385 394 4 4968
287 0.02551954798400402 398 156 398 0 4979
288 0.011583957995753735 396 274 394 2 4884
289 0.025486767990514636 395 155 395 0 4855
290 0.011413801985327154 399 806 394 5 4894
291 0.03874147601891309 399 155 399 0 4899
292 0.011082654993515462 396 420 395 1 4827
293 0.02732058201218024 396 155 396 0 4840
294 0.011250547016970813 394 887 390 4 4776
295 0.04014907998498529 390 151 390 0 4777
296 0.012445440981537104 398 2892 388 10 4907
297 0.09284467302495614 397 150 397 0 4901
298 0.012943650013767183 393 884 390 3 4785
299 0.03955818200483918 391 148 391 0 4756
300 0.010461361962370574 395 2548 386 9 4757
301 0.08983461203752086 393 146 393 0 4736
302 0.011604177998378873 397 1547 390 7 4799
303 0.054945682000834495 396 145 396 0 4776
304 0.011026460968423635 398 564 394 4 4736
305 0.03108207101467997 398 145 398 0 4744
306 0.010597025975584984 396 1035 394 2 4749
307 0.05053928500274196 394 143 394 0 4719
308 0.011784458009060472 397 680 391 6 4636
309 0.034092332993168384 397 143 397 0 4641
310 0.010582144022919238 397 461 394 3 4617
311 0.027538980008102953 395 141 395 0 4575
312 0.010920861968770623 400 1058 395 5 4646
313 0.051198003988247365 398 139 398 0 4645
314 0.010581802052911371 396 305 394 2 4545
315 0.02462224999908358 395 138 395 0 4551
316 0.010797075985465199 398 1798 393 5 4606
317 0.06917497399263084 397 137 397 0 4592
318 0.010702122992370278 399 1045 396 3 4650
319 0.0512362610315904 399 137 399 0 4661
320 0.010580490983556956 398 341 397 1 4616
321 0.025894920981954783 398 137 398 0 4626
322 0.010730526002589613 399 828 397 2 4671
323 0.04107064398704097 397 135 397 0 4638
324 0.010815053014084697 397 1161 394 3 4685
325 0.050530361011624336 397 135 397 0 4695
326 0.010738458018749952 399 321 396 3 4680
327 0.02615243796026334 398 134 398 0 4685
328 0.010912299039773643 400 680 398 2 4730
329 0.03581842494895682 399 133 399 0 4726
330 0.010243805008940399 398 286 397 1 4674
331 0.026321401994209737 398 133 398 0 4683
332 0.011176987027283758 397 782 395 2 4635
333 0.03966694499831647 396 132 396 0 4640
334 0.01041422097478062 398 1161 394 4 4659
335 0.050880988012067974 397 131 397 0 4661
336 0.010961021995171905 398 1445 395 3 4693
337 0.056683092028833926 397 130 397 0 4686
338 0.010481422010343522 397 267 397 0 4699
339 0.02109077596105635 394 127 394 0 4596
340 0.00961886701406911 392 265 392 0 4568
341 0.021057686011772603 391 126 391 0 4559
342 0.009460938978008926 389 263 389 0 4552
343 0.020814921997953206 389 126 389 0 4565
344 0.010053518984932452 388 262 388 0 4553
345 0.020786539011169225 388 126 388 0 4559
346 0.01191836001817137 396 4595 384 12 4742
347 0.13863300200318918 396 126 396 0 4751
348 0.009524665016215295 399 480 395 4 4743
349 0.029435448988806456 399 126 399 0 4747
350 0.009759426990058273 399 349 398 1 4747
351 0.02723197900922969 399 126 399 0 4758
352 0.0121517310035415 399 1112 398 1 4826
353 0.05060027597937733 399 126 399 0 4833
354 0.009756984014529735 400 284 399 1 4856
355 0.026496094011235982 400 126 400 0 4861
356 0.009774109988939017 397 271 397 0 4818
357 0.021087581000756472 397 126 397 0 4828
358 0.010238136979751289 400 602 397 3 4873
359 0.031096103019081056 399 125 399 0 4879
360 0.009895291004795581 397 898 396 1 4882
361 0.04613132501253858 397 125 397 0 4889
362 0.010255802946630865 399 671 396 3 4894
363 0.03614215104607865 399 125 399 0 4902
364 0.009480798966251314 398 507 397 1 4908
365 0.02953515900298953 397 124 397 0 4913
366 0.01069607399404049 400 617 397 3 4948
367 0.03191251901444048 400 124 400 0 4953
368 0.00943208602257073 399 275 399 0 4915
369 0.021696755953598768 399 124 399 0 4922
370 0.009463132999371737 399 303 398 1 4897
371 0.025843564013484865 399 124 399 0 4904
372 0.010535443027038127 399 651 398 1 4938
373 0.03569775400683284 399 124 399 0 4943
374 0.009948771970812231 399 288 398 1 4913
375 0.026850497000850737 398 123 398 0 4921
376 0.010742673999629915 399 789 397 2 4966
377 0.040404993982519954 399 123 399 0 4972
378 0.009784555004443973 398 287 397 1 4926
379 0.026284216030035168 398 123 398 0 4935
380 0.009981642011553049 400 462 398 2 4970
381 0.02897697000298649 400 123 400 0 4974
382 0.009628109983168542 399 276 399 0 4968
383 0.021573121019173414 399 123 399 0 4978
384 0.010737145959865302 399 749 398 1 5022
385 0.03645952802617103 399 123 399 0 5029
386 0.00999706401489675 399 312 398 1 5050
387 0.02578369399998337 399 123 399 0 5054
388 0.009740989946294576 400 324 399 1 5074
389 0.02650955505669117 400 123 400 0 5084
390 0.009843343985266984 399 276 399 0 5100
391 0.021779709961265326 399 123 399 0 5111
392 0.01052973500918597 397 516 396 1 5062
393 0.03150241303956136 397 123 397 0 5069
394 0.009632926958147436 399 465 396 3 5084
395 0.029512605047784746 399 123 399 0 5092
396 0.0148061269428581 400 604 399 1 5125
397 0.027374714030884206 400 123 400 0 5135
398 0.010248031001538038 399 276 399 0 5127
399 0.02129509299993515 399 123 399 0 5132
400 0.012578110967297107 400 730 399 1 5172
401 0.034838123014196754 400 123 400 0 5179
402 0.010247019992675632 400 277 400 0 5193
403 0.021410256042145193 399 122 399 0 5192
404 0.010046508978120983 396 356 395 1 5090
405 0.026950886996928602 395 121 395 0 5078
406 0.011192610021680593 397 1136 392 5 5086
407 0.049455726984888315 397 121 397 0 5098
408 0.010602494003251195 399 1541 396 3 5168
409 0.05838066100841388 399 121 399 0 5174
410 0.010651318007148802 399 833 398 1 5174
411 0.04096716799540445 398 120 398 0 5177
412 0.010678497957997024 399 625 397 2 5189
413 0.031318496039602906 397 118 397 0 5158
414 0.011908445972949266 400 994 397 3 5225
415 0.04348302603466436 400 118 400 0 5235
416 0.010009352990891784 397 279 397 0 5214
417 0.021756926958914846 397 118 397 0 5220
418 0.011109986051451415 400 1236 397 3 5302
419 0.051891354960389435 400 118 400 0 5306
420 0.01003270799992606 399 281 399 0 5288
421 0.021763877011835575 399 118 399 0 5298
422 0.009795972029678524 400 452 399 1 5332
423 0.029327055963221937 399 117 399 0 5331
424 0.009720740024931729 399 291 398 1 5310
425 0.025644836015999317 399 117 399 0 5317
426 0.010041099973022938 398 298 397 1 5286
427 0.025777816015761346 398 117 398 0 5294
428 0.011274393007624894 400 965 398 2 5351
429 0.0451331950025633 400 117 400 0 5360
430 0.009882521990220994 400 283 400 0 5373
431 0.021663927007466555 400 117 400 0 5378
432 0.009741891000885516 400 283 400 0 5391
433 0.021269364980980754 399 116 399 0 5369
434 0.010488491971045732 400 299 399 1 5386
435 0.026229604030959308 399 115 399 0 5385
436 0.009548000001814216 400 298 399 1 5398
437 0.02624129201285541 400 115 400 0 5403
438 0.009632676956243813 400 285 400 0 5416
439 0.021453871042467654 400 115 400 0 5428
440 0.0101602099603042 399 284 399 0 5400
441 0.021739960997365415 399 115 399 0 5405
442 0.009365576028358191 399 301 398 1 5395
443 0.026403966010548174 399 115 399 0 5404
444 0.01115496299462393 398 1047 397 1 5414
445 0.050752063980326056 397 114 397 0 5390
446 0.010182393016293645 400 425 397 3 5421
447 0.029130009992513806 400 114 400 0 5431
448 0.009406477969605476 398 284 398 0 5419
449 0.02153666503727436 398 114 398 0 5425
450 0.010862964962143451 397 357 395 2 5342
451 0.02643639501184225 396 113 396 0 5334
452 0.012500423996243626 400 1144 396 4 5409
453 0.05019226303556934 400 113 400 0 5419
454 0.009836583980359137 400 287 400 0 5443
455 0.02167091699084267 400 113 400 0 5451
456 0.009874180017504841 400 287 400 0 5471
457 0.021654011972714216 398 111 398 0 5406
458 0.01041777600767091 400 520 398 2 5438
459 0.032221163040958345 400 111 400 0 5446
460 0.009839937963988632 400 289 400 0 5458
461 0.020865829021204263 400 111 400 0 5467
462 0.009745145973283798 398 287 398 0 5415
463 0.02163374103838578 397 110 397 0 5401
464 0.00975734496023506 400 337 397 3 5420
465 0.02735088800545782 400 110 400 0 5426
466 0.0098028130014427 400 290 400 0 5441
467 0.020841530989855528 400 110 400 0 5447
468 0.009729363024234772 400 290 400 0 5460
469 0.020767149981111288 400 110 400 0 5465
470 0.010002613009419292 399 289 399 0 5468
471 0.021271065983455628 399 110 399 0 5480
472 0.009055841015651822 399 428 398 1 5503
473 0.029623340989928693 399 110 399 0 5508
474 0.010049764008726925 400 324 399 1 5529
475 0.02820249699288979 399 109 399 0 5503
476 0.012544489989522845 400 797 399 1 5559
477 0.039150951022747904 400 109 400 0 5563
478 0.00977909698849544 400 291 400 0 5585
479 0.021083916013594717 400 109 400 0 5595
480 0.009811185009311885 400 291 400 0 5618
481 0.021236855012830347 400 109 400 0 5622
482 0.009738205990288407 395 286 395 0 5596
483 0.02171749697299674 395 109 395 0 5599
484 0.016515914991032332 399 1147 394 5 5665
485 0.04563849401893094 399 109 399 0 5675
486 0.009829883987549692 399 359 398 1 5680
487 0.028447063989005983 398 108 398 0 5656
488 0.012402097054291517 398 1280 396 2 5717
489 0.05358841398265213 398 108 398 0 5724
490 0.012158059980720282 399 1038 397 2 5780
491 0.0499176710145548 399 108 399 0 5787
492 0.009753538004588336 400 306 399 1 5801
493 0.028031139983795583 399 107 399 0 5796
494 0.009581129997968674 397 420 396 1 5783
495 0.0306695619947277 396 106 396 0 5778
496 0.0116032570367679 398 797 394 4 5809
497 0.041047698992770165 398 106 398 0 5815
498 0.010139729012735188 399 329 397 2 5824
499 0.02902461198391393 398 105 398 0 5819
500 0.013656469993293285 400 1598 398 2 5914
501 0.057716073002666235 400 105 400 0 5919
502 0.009597413998562843 396 291 396 0 5859
503 0.021668875007890165 396 105 396 0 5870
504 0.013683621014934033 399 2012 395 4 5995
505 0.07244830997660756 398 104 398 0 5982
506 0.009708270023111254 397 495 395 2 5935
507 0.031356633990071714 396 103 396 0 5933
508 0.012641045963391662 399 851 395 4 5976
509 0.040206856036093086 399 103 399 0 5980
510 0.011074262962210923 400 757 399 1 6029
511 0.03871398401679471 400 103 400 0 6039
512 0.009522692009340972 399 296 399 0 6051
513 0.021730906970333308 399 103 399 0 6055
514 0.009669853025116026 398 322 397 1 6000
515 0.028695397020783275 398 103 398 0 6003
516 0.011352329980581999 399 649 397 2 6022
517 0.03754183399723843 399 103 399 0 6031
518 0.013762750022578984 400 1020 399 1 6103
519 0.0462285399553366 400 103 400 0 6110
520 0.009487960021942854 399 296 399 0 6124
521 0.021208173013292253 399 103 399 0 6131
522 0.011482314963359386 400 1040 399 1 6195
523 0.053256475017406046 400 103 400 0 6201
524 0.009865436994004995 397 294 397 0 6142
525 0.021426961000543088 397 103 397 0 6151
526 0.012442858016584069 398 1248 395 3 6155
527 0.0539538930170238 398 103 398 0 6159
528 0.011277868004981428 400 1100 398 2 6227
529 0.052204474981408566 400 103 400 0 6233
530 0.009818686987273395 396 293 396 0 6134
531 0.021809055004268885 396 103 396 0 6140
532 0.013574337004683912 399 607 395 4 6164
533 0.031556874979287386 399 103 399 0 6169
534 0.009528540016617626 399 328 398 1 6137
535 0.029191693000029773 399 103 399 0 6148
536 0.009602211997844279 397 318 396 1 6142
537 0.028310648980550468 397 103 397 0 6147
538 0.012031410005874932 397 1062 394 3 6151
539 0.052812198002357036 397 103 397 0 6158
540 0.009371605003252625 399 454 396 3 6176
541 0.031188611988909543 399 103 399 0 6180
542 0.010898198001086712 397 546 396 1 6159
543 0.03369542700238526 395 101 395 0 6133
544 0.010750546003691852 400 737 395 5 6186
545 0.038224238029215485 400 101 400 0 6190
546 0.009993359970394522 399 298 399 0 6164
547 0.02156233403366059 399 101 399 0 6167
548 0.015186898992396891 399 753 398 1 6198
549 0.035205143969506025 399 101 399 0 6207
550 0.010979750019032508 397 515 396 1 6212
551 0.03338039398659021 397 101 397 0 6218
552 0.010140158992726356 399 407 396 3 6229
553 0.02966180903604254 399 101 399 0 6236
554 0.009461820998694748 400 346 399 1 6254
555 0.029781758959870785 400 101 400 0 6260
556 0.009794700017664582 400 299 400 0 6275
557 0.022064078017137945 399 100 399 0 6272
558 0.00973678397713229 400 308 399 1 6290
559 0.028604470018763095 400 100 400 0 6294
560 0.009882612968795002 397 297 397 0 6287
561 0.022055194014683366 397 100 397 0 6293
562 0.012204010039567947 398 978 395 3 6304
563 0.04673658299725503 398 100 398 0 6310
564 0.0101310049649328 398 330 396 2 6271
565 0.02957986603723839 398 100 398 0 6275
566 0.01006448594853282 399 665 397 2 6304
567 0.03954223799519241 399 100 399 0 6315
568 0.010099348030053079 400 326 399 1 6338
569 0.02953897399129346 399 99 399 0 6331
570 0.009730433986987919 400 549 399 1 6365
571 0.03542553604347631 400 99 400 0 6372
572 0.01000889198621735 399 300 399 0 6381
573 0.021935994969680905 399 99 399 0 6385
574 0.009691426006611437 399 326 398 1 6397
575 0.02982345101190731 399 99 399 0 6406
576 0.010055272025056183 398 327 397 1 6411
577 0.02999340696260333 398 99 398 0 6415
578 0.011783908004872501 399 1038 397 2 6458
579 0.05289918900234625 399 99 399 0 6461
580 0.009981181006878614 398 348 397 1 6456
581 0.029828267986886203 398 99 398 0 6465
582 0.010036533989477903 400 381 398 2 6493
583 0.03006941103376448 400 99 400 0 6499
584 0.010080831008963287 398 299 398 0 6466
585 0.021749664971139282 398 99 398 0 6473
586 0.012473213020712137 400 1406 398 2 6562
587 0.05940658296458423 400 99 400 0 6568
588 0.010179598000831902 400 301 400 0 6582
589 0.021948424051515758 400 99 400 0 6591
590 0.009946328995283693 398 299 398 0 6572
591 0.022093921958003193 398 99 398 0 6576
592 0.012662307999562472 399 645 397 2 6592
593 0.03743702603969723 398 98 398 0 6585
594 0.011456095962785184 398 875 396 2 6615
595 0.04367302200989798 398 98 398 0 6621
596 0.011108262988273054 398 881 396 2 6650
597 0.04397231200709939 398 98 398 0 6654
598 0.011712461011484265 398 943 396 2 6688
599 0.048035714018624276 398 98 398 0 6699
600 0.011280822975095361 399 540 397 2 6697
601 0.03408100502565503 398 97 398 0 6688
602 0.01110205496661365 400 671 398 2 6732
603 0.039569207991007715 399 96 399 0 6718
604 0.008624914044048637 400 325 399 1 6743
605 0.030420978961046785 400 96 400 0 6746
606 0.008809630991891026 399 303 399 0 6753
607 0.02224266604753211 399 96 399 0 6762
608 0.008768650004640222 399 431 398 1 6780
609 0.03254248498706147 399 96 399 0 6783
610 0.008490571985021234 400 461 399 1 6815
611 0.03272209397982806 400 96 400 0 6818
612 0.008949682000093162 398 302 398 0 6808
613 0.02202227502129972 398 96 398 0 6816
614 0.008713495975825936 400 328 398 2 6840
615 0.03040493599837646 400 96 400 0 6846
616 0.00867086200742051 398 302 398 0 6810
617 0.02235485502751544 398 96 398 0 6817
618 0.008619385014753789 399 325 397 2 6795
619 0.030416883004363626 399 96 399 0 6801
620 0.008502449956722558 398 331 397 1 6779
621 0.029952305019833148 398 96 398 0 6788
622 0.009155641018878669 399 373 397 2 6794
623 0.030126355995889753 399 96 399 0 6798
624 0.013284441956784576 400 554 399 1 6832
625 0.03059615200618282 400 96 400 0 6837
626 0.009157063032034785 398 302 398 0 6797
627 0.022119280009064823 397 95 397 0 6757
628 0.013479414978064597 399 1930 396 3 6860
629 0.07178787799784914 398 94 398 0 6836
630 0.012733754003420472 397 691 395 2 6823
631 0.036194280022755265 396 93 396 0 6820
632 0.013004811946302652 399 1635 395 4 6901
633 0.05796551803359762 399 93 399 0 6905
634 0.00888603599742055 399 324 398 1 6915
635 0.030854769982397556 399 93 399 0 6922
636 0.009055419999640435 400 326 399 1 6945
637 0.030454138992354274 400 93 400 0 6948
638 0.00890487403376028 399 306 399 0 6964
639 0.022489586961455643 399 93 399 0 6973
640 0.008923102053813636 398 368 397 1 6947
641 0.030566246947273612 398 93 398 0 6950
642 0.012788987020030618 399 1389 397 2 7028
643 0.058767202019225806 399 93 399 0 7031
644 0.012800454976968467 398 783 397 1 7035
645 0.041264475032221526 398 93 398 0 7043
646 0.014074117003474385 400 1312 398 2 7129
647 0.057419948978349566 399 92 399 0 7121
648 0.009003492014016956 400 331 399 1 7147
649 0.03094459598651156 400 92 400 0 7154
650 0.008776901988312602 400 308 400 0 7171
651 0.023029787989798933 399 91 399 0 7163
652 0.008685073989909142 398 420 397 1 7167
653 0.03256701200734824 398 91 398 0 7175
654 0.011540563020389527 400 649 398 2 7210
655 0.038498640002217144 399 90 399 0 7199
656 0.008437953016255051 398 338 397 1 7156
657 0.031147620000410825 397 89 397 0 7132
658 0.011213491961825639 398 1455 395 3 7169
659 0.059842607006430626 398 89 398 0 7175
660 0.011867363005876541 397 1453 395 2 7158
661 0.06096726702526212 396 88 396 0 7148
662 0.012620644003618509 399 2155 395 4 7273
663 0.08409881696570665 399 88 399 0 7283
664 0.012074295023921877 399 575 398 1 7277
665 0.03393043897813186 399 88 399 0 7281
666 0.008403332030866295 398 333 397 1 7277
667 0.03177761600818485 398 88 398 0 7283
668 0.008344171976204962 399 390 397 2 7278
669 0.031142493011429906 399 88 399 0 7281
670 0.011257497011683881 399 712 398 1 7264
671 0.039699133951216936 399 88 399 0 7272
672 0.013077541021630168 400 777 399 1 7322
673 0.042049493989907205 400 88 400 0 7325
674 0.008896351035218686 399 311 399 0 7333
675 0.023205142002552748 399 88 399 0 7335
676 0.00845439697150141 398 327 397 1 7289
677 0.031709204020444304 398 88 398 0 7296
678 0.01236969797173515 398 732 396 2 7281
679 0.03831448400160298 398 88 398 0 7287
680 0.012409607996232808 400 1097 398 2 7361
681 0.05356890399707481 400 88 400 0 7368
682 0.008902591012883931 399 311 399 0 7369
683 0.022849638015031815 398 87 398 0 7360
684 0.009051033004652709 399 357 397 2 7348
685 0.03148568799952045 399 87 399 0 7356
686 0.00881627097260207 399 344 398 1 7359
687 0.03121646400541067 399 87 399 0 7361
688 0.011084116995334625 398 605 397 1 7355
689 0.035324494005180895 398 87 398 0 7360
690 0.011336034978739917 396 632 394 2 7305
691 0.03488496399950236 396 87 396 0 7311
692 0.013639885000884533 399 691 395 4 7338
693 0.03700985503382981 399 87 399 0 7342
694 0.008613766985945404 397 356 396 1 7297
695 0.03178896300960332 397 87 397 0 7307
696 0.013207926996983588 399 1160 396 3 7379
697 0.05260234297020361 398 86 398 0 7366
698 0.011617048003245145 398 1031 396 2 7396
699 0.0527148520341143 398 86 398 0 7402
700 0.012815086985938251 400 576 398 2 7441
701 0.03317171998787671 400 86 400 0 7444
702 0.008960047038272023 398 312 398 0 7415
703 0.02309934195363894 398 86 398 0 7423
704 0.008698204008396715 399 412 397 2 7402
705 0.03228216402931139 399 86 399 0 7405
706 0.011903898965101689 397 639 396 1 7423
707 0.03502266004215926 397 86 397 0 7425
708 0.011709135957062244 398 706 395 3 7428
709 0.039273925009183586 396 84 396 0 7355
710 0.012706484005320817 398 1521 394 4 7433
711 0.059819812013302 398 84 398 0 7439
712 0.013935389986727387 398 1846 396 2 7499
713 0.07160610402934253 398 84 398 0 7506
714 0.012081314984243363 397 965 395 2 7454
715 0.047319818986579776 397 84 397 0 7460
716 0.011921795026864856 397 2634 394 3 7538
717 0.09363330795895308 397 84 397 0 7545
718 0.013504351023584604 399 1049 396 3 7590
719 0.05213346896925941 399 84 399 0 7592
720 0.008444733044598252 399 441 398 1 7603
721 0.034656019997783005 399 84 399 0 7608
722 0.013815308979246765 396 621 395 1 7573
723 0.032629024994093925 396 84 396 0 7579
724 0.012265171040780842 398 1127 394 4 7607
725 0.05349143798230216 397 83 397 0 7595
726 0.01356883900007233 399 1492 396 3 7668
727 0.05973898200318217 399 83 399 0 7676
728 0.008966255991254002 400 483 399 1 7708
729 0.03517064201878384 399 82 399 0 7678
730 0.01254158595111221 400 601 399 1 7719
731 0.0350617790245451 400 82 400 0 7725
732 0.0085130559746176 399 317 399 0 7728
733 0.023937942052725703 399 82 399 0 7731
734 0.008568258956074715 399 348 398 1 7738
735 0.03279581503011286 398 81 398 0 7729
736 0.013272935000713915 399 1848 397 2 7840
737 0.07346454600337893 398 80 398 0 7826
738 0.012650088989175856 399 1121 397 2 7872
739 0.05443065898725763 398 79 398 0 7857
740 0.012878320994786918 399 846 397 2 7874
741 0.04327919101342559 399 79 399 0 7879
742 0.011712690989952534 398 1022 397 1 7890
743 0.0504449830041267 398 79 398 0 7896
744 0.012858011003118008 399 756 397 2 7905
745 0.039431451994460076 399 79 399 0 7911
746 0.008501799020450562 397 339 396 1 7851
747 0.03373735898640007 396 78 396 0 7840
748 0.012546824989840388 395 898 391 4 7823
749 0.047327539999969304 394 77 394 0 7812
750 0.01286641403567046 398 1598 392 6 7863
751 0.060090979968663305 398 77 398 0 7865
752 0.013303801009897143 398 572 396 2 7880
753 0.0340725330170244 397 76 397 0 7865
754 0.012948176998179406 399 1006 396 3 7913
755 0.04860090295551345 399 76 399 0 7919
756 0.011947374034207314 399 886 398 1 7955
757 0.045097460970282555 399 76 399 0 7959
758 0.012888337019830942 400 873 399 1 8009
759 0.044712362985592335 400 76 400 0 8015
760 0.008799686038400978 397 321 397 0 7953
761 0.024983622948639095 395 74 395 0 7918
762 0.014714580029249191 396 656 395 1 7963
763 0.037667030992452055 396 74 396 0 7969
764 0.013628569024149328 398 1405 394 4 8028
765 0.06200391298625618 398 74 398 0 8031
766 0.012901046022307128 400 697 398 2 8077
767 0.03997030097525567 400 74 400 0 8085
768 0.008079204009845853 398 324 398 0 8052
769 0.024949070997536182 398 74 398 0 8054
770 0.008811593987047672 398 430 396 2 8050
771 0.03554702800465748 398 74 398 0 8052
772 0.012229065992869437 396 1095 394 2 8032
773 0.054666823998559266 395 73 395 0 8019
774 0.013294956996105611 399 2521 394 5 8160
775 0.09388130001025274 399 73 399 0 8165
776 0.008022798981983215 398 358 397 1 8143
777 0.033995156991295516 397 72 397 0 8128
778 0.013242759043350816 398 1609 395 3 8185
779 0.06032941897865385 398 72 398 0 8191
780 0.012891701015178114 398 952 396 2 8205
781 0.04981324396794662 398 72 398 0 8210
782 0.008250722021330148 397 422 395 2 8152
783 0.035455561010167 397 72 397 0 8154
784 0.01369548897491768 400 1692 397 3 8259
785 0.06562165601644665 399 71 399 0 8206
786 0.007944001001305878 399 473 398 1 8216
787 0.03708946402184665 399 71 399 0 8222
788 0.00790277897613123 396 333 395 1 8161
789 0.03460103698307648 396 71 396 0 8165
790 0.014732086041476578 400 1385 396 4 8248
791 0.06139747297856957 400 71 400 0 8254
792 0.0075975299696438015 396 325 396 0 8213
793 0.025718507007695735 396 71 396 0 8216
794 0.01299494702834636 400 980 396 4 8283
795 0.04890515998704359 400 71 400 0 8289
796 0.008270491030998528 398 327 398 0 8254
797 0.02556937199551612 398 71 398 0 8256
798 0.008553817984648049 395 393 393 2 8186
799 0.03369493497302756 395 71 395 0 8194
800 0.014595551008824259 397 990 392 5 8182
801 0.045815550023689866 397 71 397 0 8184
802 0.013098171970341355 399 1286 396 3 8258
803 0.06050827703438699 398 70 398 0 8214
804 0.008251993975136429 400 434 398 2 8240
805 0.03612238203641027 400 70 400 0 8244
806 0.008086614951025695 399 329 399 0 8265
807 0.02519998699426651 399 70 399 0 8269
808 0.013619776000268757 400 695 399 1 8315
809 0.03953392500989139 400 70 400 0 8320
810 0.00812707602744922 400 330 400 0 8340
811 0.02483263600151986 399 69 399 0 8327
812 0.012556498986668885 399 678 398 1 8346
813 0.04064699698938057 399 69 399 0 8351
814 0.008290320984087884 399 425 398 1 8356
815 0.036305687041021883 399 69 399 0 8358
816 0.01336995098972693 399 513 398 1 8371
817 0.03480600396869704 399 69 399 0 8376
818 0.012606534000951797 397 703 396 1 8372
819 0.04056437301915139 395 67 395 0 8337
820 0.01595237903529778 397 2181 392 5 8390
821 0.0856879839557223 396 66 396 0 8374
822 0.012995678000152111 399 1921 395 4 8447
823 0.07621904299594462 399 66 399 0 8453
824 0.00797472702106461 400 370 399 1 8477
825 0.03524726699106395 400 66 400 0 8479
826 0.007669508981052786 399 333 399 0 8488
827 0.02546916203573346 399 66 399 0 8494
828 0.008663480984978378 398 355 397 1 8496
829 0.034404552017804235 398 66 398 0 8498
830 0.013463330978993326 400 869 398 2 8557
831 0.04459519701777026 399 65 399 0 8541
832 0.008049409021623433 396 358 395 1 8438
833 0.034992173954378814 396 65 396 0 8439
834 0.013311483024153858 395 1303 391 4 8383
835 0.060970991966314614 395 65 395 0 8385
836 0.013814548030495644 397 1095 392 5 8380
837 0.053792189981322736 397 65 397 0 8384
838 0.013982500007841736 400 673 397 3 8433
839 0.03970596397994086 400 65 400 0 8437
840 0.007839224010240287 398 333 398 0 8432
841 0.026009763008914888 398 65 398 0 8437
842 0.014244234014768153 400 906 398 2 8497
843 0.048661222972441465 400 65 400 0 8503
844 0.00814945000456646 397 332 397 0 8465
845 0.02561938704457134 396 64 396 0 8448
846 0.01275961397914216 399 1070 395 4 8495
847 0.0547368080005981 399 64 399 0 8497
848 0.01692208496388048 398 1105 397 1 8519
849 0.05422761500813067 396 62 396 0 8480
850 0.013039113022387028 394 996 390 4 8405
851 0.048023495997767895 394 62 394 0 8409
852 0.013988668972160667 399 1523 393 6 8479
853 0.06028287805384025 399 62 399 0 8483
854 0.009293297945987433 398 370 397 1 8464
855 0.03316115401685238 398 62 398 0 8470
856 0.008599897031672299 398 376 396 2 8456
857 0.033258270006626844 398 62 398 0 8458
858 0.013658893993124366 396 1874 394 2 8490
859 0.07409978000214323 395 61 395 0 8466
860 0.013803220994304866 399 2168 394 5 8598
861 0.08585138898342848 398 60 398 0 8578
862 0.013574447017163038 398 1003 396 2 8622
863 0.04879077896475792 397 59 397 0 8605
864 0.013963431003503501 399 1007 396 3 8646
865 0.04866845504147932 399 59 399 0 8647
866 0.009035459952428937 397 356 396 1 8659
867 0.03327126003568992 397 59 397 0 8660
868 0.01552613900275901 398 1561 395 3 8692
869 0.06032704398967326 398 59 398 0 8696
870 0.013343981001526117 397 732 395 2 8674
871 0.03943390597123653 397 59 397 0 8678
872 0.014118384046014398 399 701 396 3 8710
873 0.038874444959219545 398 58 398 0 8694
874 0.009132256032899022 399 365 397 2 8676
875 0.03340728400507942 399 58 399 0 8682
876 0.008887026982847601 397 362 396 1 8604
877 0.03378754499135539 397 58 397 0 8609
878 0.01424568600486964 400 1446 397 3 8698
879 0.06168210902251303 398 56 398 0 8617
880 0.01502267294563353 399 1135 397 2 8678
881 0.055737762013450265 399 56 399 0 8682
882 0.013368087005801499 399 587 398 1 8682
883 0.03521983703831211 399 56 399 0 8686
884 0.013918873970396817 399 665 398 1 8705
885 0.03962191799655557 399 56 399 0 8709
886 0.013276409998070449 399 713 398 1 8746
887 0.03945101099088788 398 55 398 0 8726
888 0.01292185700731352 399 569 397 2 8754
889 0.03622690902557224 399 55 399 0 8756
890 0.013821547967381775 400 1118 399 1 8831
891 0.056026165024377406 399 54 399 0 8808
892 0.013736922002863139 399 628 398 1 8815
893 0.03635140601545572 399 54 399 0 8816
894 0.01327833195682615 397 667 396 1 8806
895 0.040054587996564806 397 54 397 0 8812
896 0.013558803009800613 396 1442 393 3 8740
897 0.060783180000726134 395 53 395 0 8715
898 0.013188318000175059 399 2141 394 5 8835
899 0.0874058129847981 399 53 399 0 8836
900 0.013398353010416031 396 1117 395 1 8836
901 0.05588158802129328 396 53 396 0 8840
902 0.013732454972341657 399 1168 395 4 8866
903 0.05648952099727467 399 53 399 0 8870
904 0.009670995001215488 398 360 397 1 8812
905 0.03321973199490458 398 53 398 0 8817
906 0.013678614050149918 399 897 397 2 8862
907 0.04904787498526275 399 53 399 0 8868
908 0.014845545985735953 398 667 397 1 8867
909 0.03904804599005729 398 53 398 0 8872
910 0.013376790040638298 398 1653 396 2 8942
911 0.0632636749651283 398 53 398 0 8944
912 0.013050279987510294 398 1127 396 2 8961
913 0.05643993703415617 398 53 398 0 8965
914 0.00946962198941037 399 383 397 2 8966
915 0.03376802598359063 399 53 399 0 8970
916 0.013769781042356044 399 831 398 1 8964
917 0.044314635975752026 397 51 397 0 8922
918 0.013660695985890925 397 1105 394 3 8897
919 0.0562558610108681 396 50 396 0 8879
920 0.013914217008277774 398 1603 394 4 8917
921 0.06289725500391796 398 50 398 0 8919
922 0.012225831975229084 398 468 396 2 8913
923 0.03530638600932434 398 50 398 0 8915
924 0.013855529017746449 399 802 397 2 8950
925 0.04472164798062295 399 50 399 0 8951
926 0.014105895010288805 395 654 394 1 8875
927 0.039836540003307164 394 49 394 0 8844
928 0.013977373018860817 398 2029 392 6 8857
929 0.0793701849761419 397 48 397 0 8834
930 0.013627075997646898 394 1237 391 3 8707
931 0.058518828998785466 394 48 394 0 8707
932 0.01380244002211839 396 1384 390 6 8687
933 0.06051820097491145 396 48 396 0 8691
934 0.013731784012634307 396 1404 392 4 8696
935 0.06125301599968225 396 48 396 0 8700
936 0.013426353980321437 397 756 393 4 8676
937 0.039895148016512394 397 48 397 0 8681
938 0.013417312002275139 400 966 397 3 8747
939 0.04923352296464145 399 47 399 0 8726
940 0.013227306015323848 396 749 395 1 8642
941 0.040098213008604944 396 47 396 0 8647
942 0.013540085987187922 400 923 396 4 8710
943 0.048671709024347365 399 46 399 0 8687
944 0.00967690401012078 400 364 399 1 8713
945 0.033898942987434566 400 46 400 0 8717
946 0.00666453898884356 400 354 400 0 8737
947 0.02640296402387321 400 46 400 0 8739
948 0.00676265696529299 395 349 395 0 8575
949 0.02639157703379169 395 46 395 0 8578
950 0.014566306956112385 398 1634 393 5 8643
951 0.06158080801833421 398 46 398 0 8647
952 0.0132343570003286 395 706 393 2 8589
953 0.03976822702679783 395 46 395 0 8591
954 0.013479013985488564 399 1275 394 5 8673
955 0.056096090003848076 399 46 399 0 8674
956 0.00914256100077182 400 374 399 1 8709
957 0.034359404002316296 400 46 400 0 8710
958 0.006552981969434768 398 352 398 0 8650
959 0.02660464699147269 397 45 397 0 8630
960 0.014469051035121083 398 696 395 3 8636
961 0.039656130014918745 398 45 398 0 8636
962 0.012855766981374472 397 596 395 2 8600
963 0.035401299013756216 397 45 397 0 8600
964 0.013604111969470978 400 1158 397 3 8668
965 0.055271201010327786 399 44 399 0 8633
966 0.012885964009910822 399 1129 398 1 8700
967 0.05634465301409364 399 44 399 0 8704
968 0.012837610964197665 399 592 398 1 8708
969 0.036486449011135846 399 44 399 0 8712
970 0.013298942998517305 398 773 397 1 8718
971 0.04524523299187422 398 44 398 0 8723
972 0.01307420601369813 398 976 396 2 8772
973 0.05006321001565084 398 44 398 0 8777
974 0.008465343969874084 396 424 394 2 8675
975 0.036005126021336764 396 44 396 0 8676
976 0.015020268969237804 398 1301 394 4 8696
977 0.06134813802782446 397 43 397 0 8666
978 0.013182547991164029 400 1360 397 3 8753
979 0.062326067010872066 400 43 400 0 8755
980 0.007096758985426277 397 354 397 0 8639
981 0.025586939009372145 397 43 397 0 8642
982 0.013567286019679159 397 1467 394 3 8656
983 0.06250661797821522 395 41 395 0 8605
984 0.01375662098871544 398 1676 393 5 8652
985 0.06618738599354401 398 41 398 0 8654
986 0.013294487027451396 397 548 395 2 8639
987 0.03580265201162547 397 41 397 0 8640
988 0.014776992960833013 397 1268 394 3 8681
989 0.05702350300271064 396 40 396 0 8652
990 0.013419124006759375 398 882 394 4 8631
991 0.0457525760284625 398 40 398 0 8634
992 0.01358757697744295 397 613 395 2 8568
993 0.03583967697340995 397 40 397 0 8568
994 0.01357731205644086 398 1089 395 3 8596
995 0.05486499099060893 398 40 398 0 8596
996 0.00844140799017623 397 384 395 2 8552
997 0.03473249397939071 397 40 397 0 8556
998 0.013428017031401396 397 1194 394 3 8570
999 0.057078026002272964 396 39 396 0 8549
1000 0.013692213979084045 396 1996 392 4 8583
1001 0.07919858698733151 395 38 395 0 8555
1002 0.013710602011997253 397 1059 392 5 8537
1003 0.0548380910186097 397 38 397 0 8542
1004 0.013363469974137843 397 1071 394 3 8535
1005 0.05545260402141139 397 38 397 0 8539
1006 0.013647777959704399 396 1314 393 3 8604
1007 0.060456228035036474 396 38 396 0 8605
1008 0.01366425200831145 400 1849 396 4 8720
1009 0.07542104396270588 400 38 400 0 8722
1010 0.006631701020523906 397 359 397 0 8697
1011 0.026252618001308292 397 38 397 0 8699
1012 0.015479828987736255 398 918 395 3 8700
1013 0.049055796989705414 398 38 398 0 8703
1014 0.00924536504317075 399 461 397 2 8698
1015 0.03678421600488946 399 38 399 0 8702
1016 0.010786118975374848 394 372 393 1 8609
1017 0.033976670005358756 394 38 394 0 8610
1018 0.013648177962750196 395 1621 389 6 8623
1019 0.06181306601502001 395 38 395 0 8624
1020 0.013462189002893865 397 1112 392 5 8674
1021 0.055470400024205446 397 38 397 0 8675
1022 0.013608417997602373 400 1593 397 3 8783
1023 0.0635740919969976 400 38 400 0 8786
1024 0.006761034019291401 395 357 395 0 8670
1025 0.026502052962314337 395 38 395 0 8670
1026 0.014569081016816199 397 1937 392 5 8710
1027 0.07629121199715883 397 38 397 0 8710
1028 0.013638894015457481 397 1758 394 3 8702
1029 0.06668384099612013 396 37 396 0 8680
1030 0.009436602995265275 394 419 390 4 8518
1031 0.0362719270051457 394 37 394 0 8522
1032 0.013941637997049838 400 2767 394 6 8691
1033 0.09967032400891185 399 36 399 0 8665
1034 0.009034108952619135 396 428 395 1 8582
1035 0.03624475502874702 396 36 396 0 8587
1036 0.013823551998939365 400 1525 396 4 8687
1037 0.06380525801796466 398 34 398 0 8614
1038 0.01336218899814412 399 1220 397 2 8672
1039 0.05852324498118833 399 34 399 0 8672
1040 0.013247677008621395 396 802 395 1 8604
1041 0.045487125986255705 396 34 396 0 8606
1042 0.01348749699536711 393 1531 389 4 8513
1043 0.06242895103059709 393 34 393 0 8515
1044 0.013709620980080217 399 1776 392 7 8601
1045 0.06729299697326496 399 34 399 0 8603
1046 0.013151842053048313 397 525 396 1 8549
1047 0.03655511199031025 396 33 396 0 8484
1048 0.010272248007822782 398 458 394 4 8483
1049 0.036877404956612736 398 33 398 0 8484
1050 0.015071056026499718 396 763 394 2 8417
1051 0.040897051978390664 396 33 396 0 8418
1052 0.014095681020990014 400 2094 396 4 8562
1053 0.08610471896827221 400 33 400 0 8562
1054 0.00702336902031675 399 366 399 0 8563
1055 0.02592265303246677 398 32 398 0 8538
1056 0.01286446099402383 398 850 396 2 8538
1057 0.04560384195065126 398 32 398 0 8538
1058 0.013379254029132426 398 579 396 2 8543
1059 0.035922631970606744 398 32 398 0 8543
1060 0.01701648603193462 398 987 396 2 8564
1061 0.04834162397310138 398 32 398 0 8568
1062 0.013029419002123177 400 646 398 2 8609
1063 0.040712386020459235 400 32 400 0 8613
1064 0.006671319017186761 397 365 397 0 8545
1065 0.026033779955469072 397 32 397 0 8547
1066 0.01570720103336498 399 1290 396 3 8625
1067 0.060407935990951955 398 31 398 0 8562
1068 0.01548148097936064 397 740 395 2 8573
1069 0.039983580994885415 397 31 397 0 8576
1070 0.015996695030480623 399 1831 396 3 8662
1071 0.07380381500115618 399 31 399 0 8662
1072 0.008632425975520164 399 395 398 1 8666
1073 0.0352257449994795 399 31 399 0 8668
1074 0.015404035046231002 396 629 395 1 8632
1075 0.034868437971454114 396 31 396 0 8634
1076 0.014962101995479316 397 1533 393 4 8693
1077 0.06284023902844638 397 31 397 0 8694
1078 0.013218321953900158 398 994 395 3 8664
1079 0.051852377015165985 398 31 398 0 8668
1080 0.017226622032467276 397 809 395 2 8628
1081 0.04310669197002426 396 30 396 0 8600
1082 0.01736197603167966 399 1495 395 4 8692
1083 0.05979496496729553 399 30 399 0 8693
1084 0.013855650031473488 394 714 393 1 8594
1085 0.041586197970900685 394 30 394 0 8594
1086 0.013909019995480776 395 1725 389 6 8602
1087 0.06734792899806052 395 30 395 0 8605
1088 0.01709213003050536 395 895 390 5 8550
1089 0.042789564991835505 395 30 395 0 8550
1090 0.017324890999589115 398 1261 393 5 8578
1091 0.054856697970535606 398 30 398 0 8578
1092 0.013813405996188521 397 1090 395 2 8584
1093 0.057011616008821875 397 30 397 0 8588
1094 0.013781658024527133 396 1022 393 3 8559
1095 0.05097714200383052 396 30 396 0 8563
1096 0.014062500966247171 398 2046 394 4 8618
1097 0.08015281002735719 398 30 398 0 8620
1098 0.014904014009516686 397 1639 395 2 8682
1099 0.06342869298532605 397 30 397 0 8686
1100 0.01382664602715522 397 1110 394 3 8700
1101 0.05573365598684177 396 29 396 0 8627
1102 0.013932164991274476 397 2167 393 4 8706
1103 0.08825211500516161 397 29 397 0 8706
1104 0.013648177962750196 398 975 395 3 8703
1105 0.05099316604901105 398 29 398 0 8704
1106 0.013754568004515022 399 694 397 2 8746
1107 0.04176891199313104 399 29 399 0 8748
1108 0.01365095196524635 397 695 396 1 8726
1109 0.04205332003766671 397 29 397 0 8727
1110 0.013693415967281908 398 1011 395 3 8762
1111 0.05159682303201407 398 29 398 0 8766
1112 0.009356751979794353 398 404 396 2 8721
1113 0.03557444899342954 398 29 398 0 8722
1114 0.00970766000682488 399 491 397 2 8747
1115 0.03817606600932777 399 29 399 0 8748
1116 0.01421777397627011 399 807 398 1 8773
1117 0.04612820904003456 399 29 399 0 8773
1118 0.009222561959177256 396 457 395 1 8652
1119 0.0377355040400289 396 29 396 0 8655
1120 0.014230672968551517 400 2146 396 4 8788
1121 0.08619924198137596 400 29 400 0 8788
1122 0.007685743039473891 398 369 398 0 8792
1123 0.02649184799520299 398 29 398 0 8792
1124 0.014336481981445104 398 917 396 2 8795
1125 0.0502362489933148 398 29 398 0 8799
1126 0.00899368803948164 399 398 397 2 8821
1127 0.03514304099371657 398 28 398 0 8795
1128 0.00876658596098423 400 457 398 2 8822
1129 0.03728879400296137 400 28 400 0 8824
1130 0.007077269023284316 399 371 399 0 8829
1131 0.026761853019706905 399 28 399 0 8832
1132 0.010456864954903722 399 405 398 1 8839
1133 0.03579826600616798 399 28 399 0 8842
1134 0.009318936034105718 395 379 394 1 8782
1135 0.035881068964954466 395 28 395 0 8782
1136 0.014175319985952228 398 1296 393 5 8822
1137 0.062056702037807554 398 28 398 0 8823
1138 0.013537791965063661 399 988 397 2 8863
1139 0.05227907805237919 399 28 399 0 8865
1140 0.00932090898277238 399 391 398 1 8867
1141 0.03599934699013829 398 27 398 0 8838
1142 0.009782381996046752 394 397 392 2 8712
1143 0.03557902597822249 394 27 394 0 8716
1144 0.015184485004283488 400 1824 394 6 8824
1145 0.07648628402967006 400 27 400 0 8825
1146 0.006634523975662887 396 369 396 0 8719
1147 0.026523515989538282 396 27 396 0 8720
1148 0.014479887031484395 398 1621 394 4 8811
1149 0.06454693200066686 398 27 398 0 8811
1150 0.013852806005161256 397 1159 395 2 8819
1151 0.05743253696709871 397 27 397 0 8822
1152 0.009493428049609065 398 492 395 3 8801
1153 0.03847916197264567 398 27 398 0 8801
1154 0.014978796010836959 400 896 398 2 8856
1155 0.04697854700498283 400 27 400 0 8856
1156 0.006852080987300724 396 369 396 0 8726
1157 0.0261484119691886 396 27 396 0 8730
1158 0.009931055014021695 398 511 394 4 8676
1159 0.03716722101671621 398 27 398 0 8679
1160 0.012821527023334056 399 829 397 2 8699
1161 0.046797984978184104 399 27 399 0 8701
1162 0.00889443897176534 396 382 395 1 8634
1163 0.03596386400749907 396 27 396 0 8636
1164 0.014090090990066528 398 1304 394 4 8648
1165 0.06114062701817602 397 26 397 0 8563
1166 0.013764703006017953 400 908 397 3 8629
1167 0.04996900801779702 400 26 400 0 8629
1168 0.00729940296150744 398 372 398 0 8600
1169 0.026787712005898356 398 26 398 0 8601
1170 0.014147358015179634 397 753 395 2 8610
1171 0.04205194697715342 397 26 397 0 8612
1172 0.013612925016786903 397 1123 394 3 8624
1173 0.05563721101498231 397 26 397 0 8625
1174 0.016155634017195553 400 884 397 3 8676
1175 0.04445421596756205 400 26 400 0 8680
1176 0.007438671018462628 399 373 399 0 8692
1177 0.02641855797264725 399 26 399 0 8693
1178 0.014408360002562404 400 767 399 1 8741
1179 0.04207615402992815 400 26 400 0 8742
1180 0.006959361955523491 398 372 398 0 8709
1181 0.026803977030795068 398 26 398 0 8709
1182 0.009226477006450295 399 473 397 2 8725
1183 0.038400843972340226 399 26 399 0 8728
1184 0.009462771995458752 398 403 397 1 8694
1185 0.03630957304267213 398 26 398 0 8694
1186 0.009596381976734847 398 427 396 2 8677
1187 0.03768936498090625 398 26 398 0 8677
1188 0.009768141026142985 399 475 397 2 8659
1189 0.038077818986494094 399 26 399 0 8663
1190 0.015170353988651186 396 1143 395 1 8609
1191 0.05640192999271676 396 26 396 0 8612
1192 0.015073238057084382 399 824 395 4 8625
1193 0.04457293398445472 399 26 399 0 8626
1194 0.016915704996790737 400 631 399 1 8668
1195 0.03599291801219806 400 26 400 0 8670
1196 0.007224489992950112 397 371 397 0 8642
1197 0.027021723974030465 397 26 397 0 8645
1198 0.016865940007846802 398 940 395 3 8664
1199 0.05112120899138972 398 26 398 0 8664
1200 0.013254937017336488 399 758 397 2 8709
1201 0.04291023698169738 398 25 398 0 8678
1202 0.013776070030871779 399 772 397 2 8709
1203 0.046419376973062754 399 25 399 0 8711
1204 0.00941799400607124 398 396 397 1 8654
1205 0.035870513995178044 397 24 397 0 8622
1206 0.014142881031148136 399 1393 396 3 8686
1207 0.06398880400229245 398 23 398 0 8657
1208 0.014808310952503234 400 518 398 2 8685
1209 0.03618694900069386 400 23 400 0 8686
1210 0.007359503011684865 398 375 398 0 8642
1211 0.026848092034924775 398 23 398 0 8643
1212 0.015445507946424186 397 739 395 2 8649
1213 0.04127765505108982 397 23 397 0 8649
1214 0.01429113297490403 396 1303 393 3 8633
1215 0.062144745024852455 396 23 396 0 8635
1216 0.014999637962318957 399 1480 395 4 8696
1217 0.06308190198615193 399 23 399 0 8696
1218 0.014218885044101626 398 899 397 1 8686
1219 0.05138532497221604 398 23 398 0 8686
1220 0.00941485003568232 400 435 398 2 8703
1221 0.03816007199930027 400 23 400 0 8707
1222 0.008155137998983264 398 375 398 0 8657
1223 0.026644366967957467 398 23 398 0 8660
1224 0.01081107702339068 399 418 397 2 8676
1225 0.03631134598981589 399 23 399 0 8677
1226 0.015171765990089625 398 655 397 1 8680
1227 0.04191867698682472 398 23 398 0 8682
1228 0.014110882999375463 399 745 397 2 8684
1229 0.04284415801521391 399 23 399 0 8686
1230 0.01365236402489245 398 585 397 1 8673
1231 0.03772499895421788 397 22 397 0 8624
1232 0.013895830023102462 398 1485 395 3 8654
1233 0.06441790802637115 398 22 398 0 8655
1234 0.013772745965979993 398 850 396 2 8669
1235 0.04721390001941472 398 22 398 0 8671
1236 0.009502691973466426 399 441 397 2 8648
1237 0.03764050203608349 399 22 399 0 8649
1238 0.009677874972112477 398 403 397 1 8638
1239 0.036009292001836 398 22 398 0 8641
1240 0.013981598021928221 397 1160 395 2 8628
1241 0.05909500498091802 397 22 397 0 8629
1242 0.01364097697660327 400 1056 397 3 8695
1243 0.0565192760550417 400 22 400 0 8696
1244 0.0074211349710822105 397 375 397 0 8670
1245 0.026872440008446574 397 22 397 0 8670
1246 0.015033037983812392 400 903 397 3 8731
1247 0.04973907198291272 400 22 400 0 8732
1248 0.007323359022848308 397 375 397 0 8642
1249 0.026684007025323808 397 22 397 0 8642
1250 0.015018295962363482 395 1424 392 3 8601
1251 0.06323710503056645 394 21 394 0 8568
1252 0.013505103008355945 398 620 392 6 8569
1253 0.03786536998813972 398 21 398 0 8573
1254 0.009629711974412203 399 472 397 2 8588
1255 0.03842112503480166 399 21 399 0 8591
1256 0.013846555957570672 398 722 397 1 8562
1257 0.04343531501945108 398 21 398 0 8563
1258 0.015540749998763204 399 1243 397 2 8636
1259 0.06069900299189612 398 20 398 0 8603
1260 0.019763824006076902 400 1183 398 2 8678
1261 0.057668031018693 400 20 400 0 8680
1262 0.010132608003914356 399 379 399 0 8681
1263 0.026732850004918873 399 20 399 0 8681
1264 0.014588058984372765 400 1008 399 1 8741
1265 0.05234382499475032 400 20 400 0 8742
1266 0.0073381109978072345 398 378 398 0 8732
1267 0.026987552002537996 398 20 398 0 8734
1268 0.013573536009062082 397 606 395 2 8729
1269 0.038126352010294795 396 19 396 0 8690
1270 0.014724764972925186 396 1045 392 4 8648
1271 0.055519574030768126 395 18 395 0 8590
1272 0.01408458297373727 395 2684 390 5 8607
1273 0.09773322497494519 395 18 395 0 8607
1274 0.013995800050906837 396 1340 391 5 8573
1275 0.06288551696343347 396 18 396 0 8574
1276 0.014103452034760267 399 1496 395 4 8639
1277 0.06424249499104917 399 18 399 0 8639
1278 0.013939976983238012 398 664 397 1 8657
1279 0.042882264009676874 398 18 398 0 8658
1280 0.014041688991710544 399 755 397 2 8686
1281 0.043166371004190296 399 18 399 0 8686
1282 0.013797593011986464 397 1008 396 1 8688
1283 0.05259824701352045 397 18 397 0 8688
1284 0.013989329978358 400 570 397 3 8714
1285 0.03754563897382468 400 18 400 0 8718
1286 0.007642137992661446 397 379 397 0 8638
1287 0.026838839054107666 397 18 397 0 8640
1288 0.014404883957467973 394 543 391 3 8548
1289 0.03740405704593286 394 18 394 0 8548
1290 0.015298366954084486 397 1148 391 6 8524
1291 0.05695201503112912 397 18 397 0 8525
1292 0.013646936975419521 396 830 393 3 8512
1293 0.04640696803107858 396 18 396 0 8514
1294 0.013833987002726644 398 1193 394 4 8552
1295 0.059038598963525146 398 18 398 0 8552
1296 0.013588859001174569 399 1307 397 2 8626
1297 0.06461152003612369 399 18 399 0 8627
1298 0.013827376998960972 395 1156 394 1 8582
1299 0.058745749993249774 395 18 395 0 8584
1300 0.014897433982696384 398 1035 393 5 8599
1301 0.055803431023377925 398 18 398 0 8600
1302 0.013138701964635402 399 1444 397 2 8671
1303 0.06504700402729213 399 18 399 0 8674
1304 0.012778731994330883 399 664 398 1 8687
1305 0.04316888499306515 399 18 399 0 8687
1306 0.013604563020635396 397 684 396 1 8585
1307 0.042512027954217046 397 18 397 0 8586
1308 0.013972906046546996 398 861 395 3 8582
1309 0.046389511961024255 398 18 398 0 8582
1310 0.013806085044052452 397 1691 395 2 8650
1311 0.070319190970622 396 17 396 0 8617
1312 0.01407932600704953 399 1916 395 4 8725
1313 0.07819817500421777 399 17 399 0 8725
1314 0.013860517006833106 397 1031 396 1 8718
1315 0.058911217958666384 397 17 397 0 8718
1316 0.013965575024485588 395 1912 392 3 8709
1317 0.07850199198583141 395 17 395 0 8712
1318 0.01428764802403748 397 1090 392 5 8667
1319 0.05821007501799613 397 17 397 0 8669
1320 0.009691525949165225 397 491 394 3 8603
1321 0.03890385903650895 397 17 397 0 8603
1322 0.015070643974468112 397 1059 394 3 8597
1323 0.057996254006866366 396 16 396 0 8541
1324 0.013811433978844434 397 1428 393 4 8567
1325 0.06421893904916942 397 16 397 0 8569
1326 0.01463813497684896 397 918 394 3 8527
1327 0.05054703599307686 397 16 397 0 8527
1328 0.013409679988399148 396 1736 393 3 8550
1329 0.07042912702308968 396 16 396 0 8551
1330 0.013818053004797548 398 2885 394 4 8679
1331 0.10366081696702167 398 16 398 0 8681
1332 0.013856311037670821 400 1783 398 2 8795
1333 0.07142850797390565 400 16 400 0 8796
1334 0.007693395018577576 399 383 399 0 8804
1335 0.02706719096750021 399 16 399 0 8806
1336 0.010884848015848547 399 412 398 1 8785
1337 0.036269223026465625 399 16 399 0 8785
1338 0.00958600698504597 398 489 397 1 8791
1339 0.039504521002527326 398 16 398 0 8792
1340 0.010075092024635524 399 462 397 2 8783
1341 0.03869020799174905 399 16 399 0 8783
1342 0.01412450399948284 398 1064 397 1 8790
1343 0.05897664598887786 398 16 398 0 8791
1344 0.013871103001292795 399 1058 397 2 8810
1345 0.058802094019483775 399 16 399 0 8810
1346 0.013688939972780645 398 737 397 1 8812
1347 0.04405200097244233 398 16 398 0 8812
1348 0.01388257002690807 399 1170 397 2 8859
1349 0.06040744500933215 399 16 399 0 8862
1350 0.009692827996332198 399 401 398 1 8843
1351 0.037165928981266916 399 16 399 0 8845
1352 0.01410708698676899 398 893 397 1 8869
1353 0.04899168002884835 398 16 398 0 8869
1354 0.01373228500597179 396 532 394 2 8782
1355 0.03830799396382645 396 16 396 0 8783
1356 0.014308600046206266 400 926 396 4 8841
1357 0.05095572996651754 400 16 400 0 8843
1358 0.007407936034724116 398 382 398 0 8813
1359 0.027537637972272933 398 16 398 0 8813
1360 0.01060509798116982 399 448 397 2 8805
1361 0.038286923023406416 399 16 399 0 8806
1362 0.009397694026120007 398 406 397 1 8787
1363 0.03705089696450159 398 16 398 0 8789
1364 0.01508439501048997 396 979 394 2 8800
1365 0.051988950988743454 395 15 395 0 8764
1366 0.015842403983697295 394 1596 389 5 8709
1367 0.06351541302865371 394 15 394 0 8711
1368 0.015475942986086011 399 1145 393 6 8752
1369 0.05757859698496759 399 15 399 0 8752
1370 0.014675501035526395 396 1405 395 1 8733
1371 0.06853318901266903 396 15 396 0 8734
1372 0.018036949972156435 398 1054 394 4 8733
1373 0.05658372200559825 398 15 398 0 8733
1374 0.01300165697466582 397 720 395 2 8678
1375 0.0439312300295569 397 15 397 0 8679
1376 0.009123121970333159 398 460 395 3 8662
1377 0.038794956053607166 398 15 398 0 8662
1378 0.012867134995758533 400 815 398 2 8715
1379 0.048606060969177634 400 15 400 0 8715
1380 0.007436058018356562 398 383 398 0 8626
1381 0.0272639169706963 398 15 398 0 8628
1382 0.01757629803614691 396 1357 394 2 8650
1383 0.06564286799402907 396 15 396 0 8652
1384 0.01619017601478845 400 1023 396 4 8717
1385 0.05283304996555671 400 15 400 0 8717
1386 0.008033805002924055 398 383 398 0 8677
1387 0.027590088022407144 398 15 398 0 8678
1388 0.015934581984765828 397 709 395 2 8662
1389 0.042023595015052706 397 15 397 0 8664
1390 0.0108994499896653 398 495 395 3 8673
1391 0.03919612796744332 398 15 398 0 8673
1392 0.01676631101872772 397 999 395 2 8662
1393 0.05066413199529052 397 15 397 0 8663
1394 0.014241459022741765 398 1807 395 3 8713
1395 0.07667286397190765 396 13 396 0 8621
1396 0.014299566042609513 398 1490 394 4 8695
1397 0.0654998739482835 398 13 398 0 8696
1398 0.014073086029384285 398 928 396 2 8683
1399 0.053272289980668575 398 13 398 0 8684
1400 0.009952666994649917 396 505 394 2 8595
1401 0.039413325022906065 396 13 396 0 8595
1402 0.015274539997335523 399 1526 395 4 8671
1403 0.06615775200771168 399 13 399 0 8672
1404 0.013896600983571261 400 789 399 1 8727
1405 0.04851609602337703 400 13 400 0 8727
1406 0.007844991981983185 398 385 398 0 8724
1407 0.027698069985490292 398 13 398 0 8725
1408 0.014082260022405535 397 1245 395 2 8647
1409 0.061932995973620564 397 13 397 0 8647
1410 0.014066647039726377 397 1749 394 3 8671
1411 0.0705769489868544 397 13 397 0 8671
1412 0.013839925988577306 398 899 395 3 8652
1413 0.05256026901770383 398 13 398 0 8654
1414 0.014221969991922379 399 2022 397 2 8759
1415 0.08353374898433685 399 13 399 0 8760
1416 0.013819115003570914 399 945 398 1 8799
1417 0.05355186900123954 399 13 399 0 8799
1418 0.009537103003822267 399 414 398 1 8806
1419 0.03763096802867949 399 13 399 0 8807
1420 0.014068598975427449 398 809 397 1 8733
1421 0.048826351994648576 398 13 398 0 8735
1422 0.014926609001122415 399 880 397 2 8742
1423 0.04823458200553432 399 13 399 0 8742
1424 0.009456744010094553 399 412 398 1 8739
1425 0.03768168296664953 399 13 399 0 8740
1426 0.009808011003769934 399 407 398 1 8751
1427 0.037464377004653215 399 13 399 0 8753
1428 0.01554998499341309 400 635 399 1 8793
1429 0.03858556103659794 400 13 400 0 8794
1430 0.0120512789580971 400 387 400 0 8815
1431 0.02774516004137695 400 13 400 0 8816
1432 0.008165334002114832 399 386 399 0 8789
1433 0.02721416298300028 399 13 399 0 8789
1434 0.0162246769759804 398 909 397 1 8796
1435 0.05154642800334841 398 13 398 0 8797
1436 0.013675038004294038 399 1359 397 2 8859
1437 0.06714868999551982 399 13 399 0 8859
1438 0.009866088046692312 399 450 398 1 8873
1439 0.04022211895789951 398 12 398 0 8835
1440 0.01564541703555733 399 796 397 2 8861
1441 0.04682538699125871 399 12 399 0 8861
1442 0.01328513299813494 398 496 397 1 8863
1443 0.03856064396677539 398 12 398 0 8863
1444 0.015483985014725477 400 614 398 2 8896
1445 0.03888390900101513 400 12 400 0 8898
1446 0.009376352012623101 399 387 399 0 8904
1447 0.027945702022407204 399 12 399 0 8905
1448 0.01324533298611641 395 1156 394 1 8921
1449 0.06108773697633296 395 12 395 0 8921
1450 0.01886886899592355 400 1757 395 5 9033
1451 0.07079085003351793 400 12 400 0 9033
1452 0.00843130296561867 398 386 398 0 8992
1453 0.027550257043913007 398 12 398 0 8994
1454 0.012646944960579276 399 444 397 2 8991
1455 0.03844023303827271 399 12 399 0 8991
1456 0.011019429948646575 399 404 398 1 8961
1457 0.0380035070120357 399 12 399 0 8962
1458 0.01595958904363215 399 847 398 1 8987
1459 0.04909168096492067 399 12 399 0 8989
1460 0.012422126019373536 398 410 397 1 8953
1461 0.038062214967794716 398 12 398 0 8954
1462 0.012310819991398603 400 434 398 2 8980
1463 0.039049178012646735 400 12 400 0 8981
1464 0.007744181028101593 400 388 400 0 9000
1465 0.027762144978623837 400 12 400 0 9000
1466 0.00812707602744922 397 385 397 0 8961
1467 0.02791978296590969 396 11 396 0 8923
1468 0.01643516303738579 397 1257 393 4 8957
1469 0.06315261899726465 397 11 397 0 8957
1470 0.02207596495281905 399 966 396 3 8991
1471 0.04910169600043446 398 10 398 0 8950
1472 0.01538908202201128 398 1089 396 2 8984
1473 0.058685500000137836 398 10 398 0 8984
1474 0.013857652025762945 398 571 396 2 8964
1475 0.03907964297104627 398 10 398 0 8964
1476 0.012737671029753983 397 934 395 2 8930
1477 0.05465423496207222 397 10 397 0 8931
1478 0.01475759403547272 397 1149 394 3 8925
1479 0.05867011600639671 397 10 397 0 8926
1480 0.013832344964612275 399 776 396 3 8958
1481 0.0490735630155541 399 10 399 0 8958
1482 0.00979881698731333 397 478 396 1 8898
1483 0.04055308602983132 397 10 397 0 8898
1484 0.014451333961915225 399 1634 396 3 8957
1485 0.06668764800997451 399 10 399 0 8959
1486 0.014182619983330369 399 735 398 1 8966
1487 0.045285494008567184 399 10 399 0 8966
1488 0.014081559027545154 399 802 398 1 8992
1489 0.049132090993225574 399 10 399 0 8993
1490 0.009435320971533656 398 413 397 1 8943
1491 0.03873076004674658 398 10 398 0 8944
1492 0.014245333964936435 397 722 395 2 8921
1493 0.04401250201044604 397 10 397 0 8922
1494 0.01451171498047188 400 778 397 3 8970
1495 0.04858250601682812 400 10 400 0 8971
1496 0.008015468018129468 397 387 397 0 8944
1497 0.027919062005821615 397 10 397 0 8944
1498 0.014454277988988906 397 838 394 3 8956
1499 0.04895604698685929 397 10 397 0 8957
1500 0.014217954012565315 398 1318 395 3 8967
1501 0.06571177201112732 398 10 398 0 8967
1502 0.014280167000833899 397 1256 395 2 8949
1503 0.06193130399333313 397 10 397 0 8950
1504 0.014234038011636585 398 944 395 3 8922
1505 0.05388787394622341 398 10 398 0 8922
1506 0.014731204020790756 398 714 396 2 8932
1507 0.04443654901115224 398 10 398 0 8932
1508 0.009770974982529879 399 469 397 2 8936
1509 0.04050075699342415 399 10 399 0 8937
1510 0.014222471043467522 399 628 398 1 8954
1511 0.040327066963072866 399 10 399 0 8955
1512 0.015037634992040694 398 654 397 1 8960
1513 0.043140482041053474 398 10 398 0 8960
1514 0.015269993979018182 399 605 397 2 8979
1515 0.03882695402717218 399 10 399 0 8979
1516 0.00966371299000457 397 404 396 1 8938
1517 0.03836987796239555 397 10 397 0 8940
1518 0.01418017700780183 400 651 397 3 8982
1519 0.044700635015033185 400 10 400 0 8982
1520 0.00783038098597899 397 387 397 0 8933
1521 0.028016277006827295 397 10 397 0 8934
1522 0.015005637018475682 399 1008 396 3 8985
1523 0.054224479012191296 399 10 399 0 8986
1524 0.009539967984892428 399 468 398 1 9004
1525 0.04067023197421804 399 10 399 0 9005
1526 0.018132463039364666 398 549 397 1 9026
1527 0.039358743000775576 398 10 398 0 9027
1528 0.013914827955886722 399 537 397 2 9026
1529 0.03979588899528608 399 10 399 0 9026
1530 0.01389483903767541 395 540 394 1 8944
1531 0.03971540799830109 394 9 394 0 8902
1532 0.014351604972034693 398 1501 392 6 8978
1533 0.06655482802307233 398 9 398 0 8978
1534 0.014168438967317343 400 700 398 2 9022
1535 0.04487064102431759 400 9 400 0 9023
1536 0.00780359999043867 398 389 398 0 9015
1537 0.0282526119844988 398 9 398 0 9015
1538 0.015384987054858357 395 1194 393 2 8946
1539 0.06087655998999253 395 9 395 0 8946
1540 0.015715502959210426 397 858 392 5 8838
1541 0.04639081301866099 397 9 397 0 8839
1542 0.01496655901428312 399 1070 396 3 8902
1543 0.05858607997652143 399 9 399 0 8903
1544 0.009641149023082107 398 420 397 1 8902
1545 0.039927907986566424 397 8 397 0 8846
1546 0.015357726020738482 398 1430 395 3 8913
1547 0.0665254530031234 398 8 398 0 8913
1548 0.014173096977174282 399 1105 397 2 8968
1549 0.06092531298054382 399 8 399 0 8970
1550 0.00989621301414445 400 438 399 1 8997
1551 0.0400803959928453 400 8 400 0 8997
1552 0.007865933992434293 400 392 400 0 9016
1553 0.028142947994638234 400 8 400 0 9017
1554 0.008019444008823484 399 391 399 0 9008
1555 0.02785011800006032 399 8 399 0 9009
1556 0.014779877034015954 399 580 398 1 9013
1557 0.03981475799810141 399 8 399 0 9013
1558 0.013695378962438554 400 947 399 1 9071
1559 0.05418951599858701 400 8 400 0 9072
1560 0.007776200014632195 399 391 399 0 9075
1561 0.02827632799744606 399 8 399 0 9075
1562 0.009995731990784407 399 443 398 1 9089
1563 0.040458705043420196 399 8 399 0 9089
1564 0.014451814990025014 398 800 397 1 9133
1565 0.049547784961760044 398 8 398 0 9133
1566 0.009746718045789748 398 453 396 2 9107
1567 0.041022981982678175 398 8 398 0 9108
1568 0.014387699018698186 399 1180 397 2 9173
1569 0.062086807971354574 399 8 399 0 9173
1570 0.010073949990328401 399 466 398 1 9185
1571 0.04179466102505103 399 8 399 0 9185
1572 0.014427829009946436 399 522 398 1 9193
1573 0.04037086199969053 399 8 399 0 9194
1574 0.00984680897090584 398 416 397 1 9152
1575 0.03944573301123455 398 8 398 0 9153
1576 0.014728720998391509 395 1020 393 2 9097
1577 0.054771771014202386 395 8 395 0 9097
1578 0.014195880969054997 400 1177 395 5 9173
1579 0.0604865140048787 400 8 400 0 9173
1580 0.007882198027800769 397 389 397 0 9149
1581 0.028496709011960775 397 8 397 0 9151
1582 0.0151825129869394 397 1062 394 3 9141
1583 0.059978990990202874 397 8 397 0 9141
1584 0.014187457971274853 399 866 396 3 9149
1585 0.05037025100318715 399 8 399 0 9150
1586 0.009998126013670117 399 406 398 1 9156
1587 0.03939842199906707 399 8 399 0 9157
1588 0.014737975026946515 397 699 396 1 9103
1589 0.04462627397151664 396 7 396 0 9059
1590 0.014464573992881924 399 1432 395 4 9101
1591 0.06765348801854998 399 7 399 0 9102
1592 0.01404419302707538 395 939 394 1 9074
1593 0.05501985299633816 395 7 395 0 9074
1594 0.014602481969632208 396 3433 391 5 9177
1595 0.11930526298237965 396 7 396 0 9177
1596 0.014402071014046669 400 902 396 4 9238
1597 0.054889127030037344 400 7 400 0 9238
1598 0.007926844991743565 396 389 396 0 9111
1599 0.028461435984354466 396 7 396 0 9112
1600 0.01599557400913909 400 1929 396 4 9239
1601 0.08234433201141655 400 7 400 0 9239
1602 0.007884291000664234 398 391 398 0 9244
1603 0.028642749006394297 398 7 398 0 9244
1604 0.011155493964906782 400 473 398 2 9272
1605 0.040832074999343604 400 7 400 0 9272
1606 0.007859514036681503 398 391 398 0 9241
1607 0.028448806959204376 398 7 398 0 9242
1608 0.010390966024715453 398 442 396 2 9160
1609 0.04069404798792675 398 7 398 0 9160
1610 0.014366536983288825 397 525 395 2 9115
1611 0.04046645702328533 397 7 397 0 9115
1612 0.014427017013076693 398 1096 395 3 9140
1613 0.060904702986590564 398 7 398 0 9142
1614 0.014210682013072073 397 838 395 2 9124
1615 0.0504075069911778 397 7 397 0 9124
1616 0.014486316998954862 399 739 396 3 9145
1617 0.04538188799051568 399 7 399 0 9146
1618 0.010084556008223444 398 429 397 1 9085
1619 0.04060310201020911 398 7 398 0 9086
1620 0.010048652009572834 397 451 395 2 8983
1621 0.04091536998748779 397 7 397 0 8983
1622 0.014440186962019652 396 1192 393 3 8933
1623 0.06147888500709087 396 7 396 0 8934
1624 0.014391194039490074 398 1108 394 4 8933
1625 0.058918749971780926 398 7 398 0 8933
1626 0.009956533031072468 397 417 395 2 8894
1627 0.04040856898063794 397 7 397 0 8894
1628 0.014516011986415833 399 1448 396 3 8942
1629 0.06736257101874799 399 7 399 0 8942
1630 0.009828882000874728 397 421 396 1 8905
1631 0.04032962000928819 397 7 397 0 8906
1632 0.014319726964458823 398 882 395 3 8923
1633 0.048967814014758915 398 7 398 0 8923
1634 0.010059939988423139 399 434 397 2 8937
1635 0.0406258050352335 399 7 399 0 8937
1636 0.009909702988807112 397 407 396 1 8802
1637 0.03845944197382778 397 7 397 0 8802
1638 0.01430119900032878 399 558 396 3 8793
1639 0.03970572300022468 399 7 399 0 8794
1640 0.01002698001684621 400 410 399 1 8824
1641 0.038420522992964834 400 7 400 0 8824
1642 0.0076643810025416315 399 392 399 0 8848
1643 0.028607405023649335 399 7 399 0 8848
1644 0.014694168989080936 398 711 397 1 8831
1645 0.044728757988195866 398 7 398 0 8833
1646 0.013852645002771169 399 894 397 2 8879
1647 0.0498778410255909 399 7 399 0 8879
1648 0.014115359983406961 399 1185 398 1 8895
1649 0.06411564501468092 399 7 399 0 8896
1650 0.009935781999956816 400 416 399 1 8927
1651 0.038948456989601254 400 7 400 0 8928
1652 0.007929368002805859 399 392 399 0 8909
1653 0.02829073998145759 399 7 399 0 8909
1654 0.015110474021639675 399 813 398 1 8924
1655 0.04926990799140185 399 7 399 0 8925
1656 0.014779527962673455 396 1161 395 1 8883
1657 0.06137334601953626 396 7 396 0 8883
1658 0.014757793978787959 399 865 395 4 8911
1659 0.04908436903497204 399 7 399 0 8911
1660 0.014148921007290483 399 1052 398 1 8946
1661 0.06095630896743387 399 7 399 0 8946
1662 0.014009381004143506 398 753 397 1 8943
1663 0.04589631099952385 398 7 398 0 8944
1664 0.00996969302650541 397 456 395 2 8905
1665 0.040622500993777066 397 7 397 0 8905
1666 0.014380918990354985 396 1502 393 3 8858
1667 0.06640209798933938 396 7 396 0 8858
1668 0.014195289986673743 397 1554 393 4 8892
1669 0.06804079003632069 397 7 397 0 8892
1670 0.01410823897458613 398 2171 395 3 8935
1671 0.09224394004559144 398 7 398 0 8936
1672 0.014245063997805119 396 775 394 2 8905
1673 0.04939750995254144 396 7 396 0 8905
1674 0.014281629002653062 400 1215 396 4 8986
1675 0.06198322301497683 400 7 400 0 8986
1676 0.008067096001468599 399 392 399 0 8981
1677 0.027935646008700132 399 7 399 0 8983
1678 0.01457885600393638 400 684 399 1 9026
1679 0.04537070100195706 400 7 400 0 9026
1680 0.007872704009059817 399 392 399 0 9036
1681 0.028015075949952006 399 7 399 0 9037
1682 0.015183063049335033 398 732 397 1 8999
1683 0.04448146698996425 398 7 398 0 9000
1684 0.01380366098601371 399 1668 397 2 9085
1685 0.0722073270007968 399 7 399 0 9085
1686 0.014304513984825462 396 1402 395 1 9051
1687 0.06964672199683264 395 6 395 0 8988
1688 0.014540588017553091 400 1174 395 5 9055
1689 0.06092595402151346 400 6 400 0 9055
1690 0.007887255982495844 398 392 398 0 9037
1691 0.02876721601933241 398 6 398 0 9037
1692 0.014639095985330641 398 574 396 2 9040
1693 0.04054029699182138 398 6 398 0 9040
1694 0.009735380997881293 394 499 392 2 9002
1695 0.0416568840155378 394 6 394 0 9003
1696 0.01473658299073577 399 1241 393 6 9061
1697 0.06331577297532931 399 6 399 0 9061
1698 0.014505396015010774 399 1004 398 1 9078
1699 0.0563456550007686 399 6 399 0 9078
1700 0.013920766999945045 400 540 399 1 9107
1701 0.041146998992189765 400 6 400 0 9107
1702 0.00801089103333652 396 390 396 0 9030
1703 0.028326983971055597 396 6 396 0 9031
1704 0.0161556740058586 399 938 395 4 9051
1705 0.05443789000855759 399 6 399 0 9051
1706 0.013986586011014879 398 1131 397 1 9051
1707 0.06224847096018493 398 6 398 0 9051
1708 0.014037733024451882 398 675 396 2 9041
1709 0.0463443539920263 398 6 398 0 9043
1710 0.011021622980479151 397 414 395 2 8988
1711 0.03910455101868138 397 6 397 0 8988
1712 0.014376291015651077 399 696 396 3 8984
1713 0.045572865987196565 399 6 399 0 8985
1714 0.014065655006561428 394 1018 393 1 8838
1715 0.055880205996800214 394 6 394 0 8839
1716 0.014289730985183269 397 1110 391 6 8832
1717 0.05920947599224746 397 6 397 0 8832
1718 0.014175450021866709 399 1450 396 3 8902
1719 0.06692589598242193 399 6 399 0 8902
1720 0.015058876015245914 400 1166 399 1 8971
1721 0.06088510301196948 400 6 400 0 8971
1722 0.007720495981629938 395 389 395 0 8892
1723 0.02851821103831753 395 6 395 0 8892
1724 0.019548739946912974 398 1053 393 5 8934
1725 0.055732203007210046 398 249 397 1 8901
1726 0.014923423994332552 399 606 397 2 8927
1727 0.04185920802410692 399 6 399 0 8928
1728 0.014101769018452615 399 406 398 1 8918
1729 0.039240384998265654 399 6 399 0 8918
1730 0.014831634995061904 397 656 396 1 8905
1731 0.04483030998380855 397 6 397 0 8905
1732 0.015072037000209093 395 968 392 3 8768
1733 0.053858630009926856 395 6 395 0 8768
1734 0.014240557968150824 398 2842 393 5 8870
1735 0.10519626300083473 398 6 398 0 8871
1736 0.014678916020784527 394 737 392 2 8730
1737 0.045471252989955246 394 6 394 0 8730
1738 0.014709071023389697 399 1544 393 6 8822
1739 0.06739505002042279 399 6 399 0 8822
1740 0.010046918992884457 397 463 396 1 8783
1741 0.0410804389975965 397 6 397 0 8785
1742 0.010604676965158433 400 459 397 3 8813
1743 0.040181468008086085 400 6 400 0 8813
1744 0.007687986013479531 400 394 400 0 8832
1745 0.028357190021779388 400 6 400 0 8833
1746 0.008127816952764988 398 392 398 0 8748
1747 0.028025150997564197 398 6 398 0 8748
1748 0.015518455998972058 398 1659 396 2 8807
1749 0.06763654301175848 398 6 398 0 8807
1750 0.010022894013673067 397 466 395 2 8794
1751 0.040803081006743014 397 6 397 0 8795
1752 0.015705487981904298 397 1166 394 3 8812
1753 0.05907557503087446 397 6 397 0 8812
1754 0.01406672695884481 398 1032 395 3 8815
1755 0.05989805003628135 398 6 398 0 8815
1756 0.010290675971191376 397 453 395 2 8785
1757 0.04049606999615207 397 6 397 0 8785
1758 0.014268410042859614 399 1746 396 3 8874
1759 0.07226557499961928 399 6 399 0 8875
1760 0.010333018959499896 397 446 396 1 8835
1761 0.03994943998986855 397 6 397 0 8835
1762 0.014149851049296558 399 976 396 3 8859
1763 0.05428581096930429 399 6 399 0 8859
1764 0.010052567988168448 397 402 396 1 8800
1765 0.038349237001966685 397 6 397 0 8800
1766 0.014222780999261886 398 543 395 3 8810
1767 0.039695768035016954 398 6 398 0 8811
1768 0.013970892992801964 398 633 396 2 8815
1769 0.040902310982346535 398 6 398 0 8815
1770 0.014977073995396495 399 1801 397 2 8889
1771 0.08049581502564251 399 6 399 0 8889
1772 0.014203251979779452 399 1118 398 1 8938
1773 0.06195543002104387 399 6 399 0 8940
1774 0.010119528975337744 398 413 397 1 8934
1775 0.039061916002538055 398 6 398 0 8934
1776 0.014562141033820808 398 705 396 2 8938
1777 0.0448019279865548 398 6 398 0 8939
1778 0.010403966007288545 399 479 397 2 8961
1779 0.04083611100213602 399 6 399 0 8961
1780 0.009906778985168785 399 436 398 1 8971
1781 0.04034617496654391 399 6 399 0 8971
1782 0.01092112303012982 399 473 398 1 8980
1783 0.04114872001809999 398 5 398 0 8882
1784 0.01432450395077467 396 741 394 2 8790
1785 0.04490306001389399 395 4 395 0 8739
1786 0.014323862036690116 397 2440 392 5 8859
1787 0.10167059896048158 397 4 397 0 8859
1788 0.014492755988612771 397 1139 394 3 8858
1789 0.05993156100157648 397 4 397 0 8858
1790 0.014645606046542525 397 818 394 3 8826
1791 0.04943118995288387 397 4 397 0 8827
1792 0.01401251502102241 398 643 395 3 8800
1793 0.04490551399067044 397 3 397 0 8751
1794 0.014606937009375542 399 593 396 3 8787
1795 0.039713556005153805 399 3 399 0 8787
1796 0.01416924997465685 399 814 398 1 8827
1797 0.050557242007926106 398 2 398 0 8776
1798 0.014520547993015498 397 1115 395 2 8761
1799 0.06055712001398206 397 2 397 0 8761
1800 0.014401420019567013 398 783 395 3 8750
1801 0.048859060974791646 398 2 398 0 8750
1802 0.01512078900123015 397 799 395 2 8652
1803 0.04896553099388257 397 2 397 0 8652
1804 0.01398203003918752 398 1022 395 3 8703
1805 0.054408554977271706 398 2 398 0 8703
1806 0.014340598019771278 395 1590 393 2 8713
1807 0.0696224559796974 395 2 395 0 8713
1808 0.015202331996988505 398 1408 393 5 8765
1809 0.06593499699374661 397 1 397 0 8715
1810 0.014733017014805228 398 867 395 3 8711
1811 0.04949047998525202 398 1 398 0 8711
1812 0.01394345099106431 398 529 396 2 8683
1813 0.04015279503073543 398 1 398 0 8683
1814 0.015334690979216248 398 1766 396 2 8693
1815 0.07256995199713856 398 1 398 0 8694
1816 0.01398122904356569 397 1150 395 2 8677
1817 0.06203587097115815 397 1 397 0 8677
1818 0.014569801976904273 400 676 397 3 8720
1819 0.04437245201552287 400 1 400 0 8720
1820 0.007956270012073219 400 399 400 0 8745
1821 0.028402107011061162 400 1 400 0 8745
1822 0.00813014997402206 398 397 398 0 8745
1823 0.028729429002851248 398 1 398 0 8745
1824 0.014608811005018651 399 645 397 2 8766
1825 0.044501565978862345 399 1 399 0 8766
1826 0.009957655041944236 400 407 399 1 8795
1827 0.039124000002630055 400 1 400 0 8795
1828 0.008110722003038973 398 397 398 0 8776
1829 0.02829004795057699 398 1 398 0 8776
1830 0.014963754045311362 400 829 398 2 8834
1831 0.04901271197013557 400 1 400 0 8834
1832 0.008021246991120279 400 399 400 0 8864
1833 0.028682287025731057 400 1 400 0 8864
1834 0.008412764989770949 398 397 398 0 8843
1835 0.028665142017416656 398 1 398 0 8843
1836 0.014890463964547962 399 1067 397 2 8885
1837 0.0596385010285303 399 1 399 0 8885
1838 0.009982682997360826 398 479 397 1 8784
1839 0.041507359012030065 398 1 398 0 8784
1840 0.01436399295926094 400 867 398 2 8834
1841 0.05009940400486812 400 1 400 0 8834
1842 0.008234247041400522 398 397 398 0 8843
1843 0.028685822966508567 398 1 398 0 8843
1844 0.0143752500298433 397 695 395 2 8828
1845 0.0450148269883357 397 1 397 0 8828
1846 0.014503902988508344 399 586 396 3 8852
1847 0.04067953699268401 399 1 399 0 8853
1848 0.010251136031001806 394 414 393 1 8721
1849 0.03880678297718987 394 1 394 0 8721
1850 0.015951637993566692 399 2629 393 6 8875
1851 0.10118804301600903 399 1 399 0 8875
1852 0.014348220021929592 397 626 396 1 8858
1853 0.04141899599926546 397 1 397 0 8858
1854 0.014216441952157766 400 1514 397 3 8954
1855 0.06784911203430966 400 1 400 0 8954
1856 0.007974045991431922 397 396 397 0 8922
1857 0.02856351900845766 397 1 397 0 8922
1858 0.015602152969222516 397 1105 394 3 8936
1859 0.05989081901498139 397 1 397 0 8936
1860 0.015038986981380731 398 905 395 3 8949
1861 0.054043498006649315 398 1 398 0 8949
1862 0.01062695001019165 397 451 395 2 8923
1863 0.041162571986205876 397 1 397 0 8923
1864 0.015420679992530495 399 704 396 3 8958
1865 0.04509044100996107 399 1 399 0 8958
1866 0.014064843999221921 396 827 395 1 8900
1867 0.05055702099343762 396 1 396 0 8900
1868 0.014594669046346098 395 1430 391 4 8860
1869 0.06750244199065492 394 0 394 0 8840
1870 0.015089752967469394 400 1700 394 6 8952
1871 0.0718439010088332 400 0 400 0 8952
1872 0.008450913010165095 400 400 400 0 8972
1873 0.028887184977065772 400 0 400 0 8972
1874 0.008377893012948334 399 399 399 0 8943
1875 0.02879171201493591 399 0 399 0 8943
1876 0.010578026995062828 399 456 398 1 8945
1877 0.04149371897801757 399 0 399 0 8945
1878 0.010221211006864905 400 434 399 1 8972
1879 0.041573188034817576 400 0 400 0 8972
1880 0.00859197397949174 396 396 396 0 8834
1881 0.028849009016994387 396 0 396 0 8834
1882 0.01084187300875783 397 501 393 4 8801
1883 0.041703473951201886 397 0 397 0 8801
1884 0.010481382021680474 400 481 397 3 8833
1885 0.04168389400001615 400 0 400 0 8833
1886 0.00825011101551354 400 400 400 0 8858
1887 0.028598000993952155 400 0 400 0 8858
1888 0.008261598006356508 398 398 398 0 8852
1889 0.028723749972414225 398 0 398 0 8852
1890 0.014730704016983509 399 566 397 2 8858
1891 0.04130545601947233 399 0 399 0 8858
1892 0.015596084005665034 398 598 397 1 8866
1893 0.041879367956425995 398 0 398 0 8866
1894 0.016036846034694463 398 1008 396 2 8885
1895 0.056459284969605505 398 0 398 0 8885
1896 0.01566548802657053 400 667 398 2 8925
1897 0.04577650100691244 400 0 400 0 8925
1898 0.008739065960980952 400 400 400 0 8948
1899 0.028704349999316037 400 0 400 0 8948
1900 0.00811230402905494 399 399 399 0 8909
1901 0.028539032966364175 399 0 399 0 8909
1902 0.0098151610000059 398 425 397 1 8908
1903 0.04126159002771601 398 0 398 0 8908
1904 0.015013259020633996 397 1479 395 2 8903
1905 0.06857476098230109 397 0 397 0 8903
1906 0.01403818401740864 397 634 394 3 8903
1907 0.04202396498294547 397 0 397 0 8903
1908 0.014242371020372957 397 1324 394 3 8898
1909 0.06828993395902216 397 0 397 0 8898
1910 0.015553940029349178 400 1917 397 3 9018
1911 0.08175120101077482 400 0 400 0 9018
1912 0.009126507968176156 400 400 400 0 9037
1913 0.028891201014630497 400 0 400 0 9037
1914 0.008656069985590875 400 400 400 0 9063
1915 0.02907019102713093 400 0 400 0 9063
1916 0.009032905974891037 395 395 395 0 8888
1917 0.02899513702141121 395 0 395 0 8888
1918 0.017126963008195162 399 1432 394 5 8955
1919 0.06748735898872837 400 665 399 1 8997
1920 0.023915447993203998 400 399 400 0 9027
1921 0.03030262200627476 399 0 399 0 8985
1922 0.01478599599795416 399 1047 398 1 9027
1923 0.062337634968571365 399 0 399 0 9027
1924 0.01317876303801313 400 426 399 1 9050
1925 0.04049730196129531 400 0 400 0 9050
1926 0.012807756022084504 398 398 398 0 9042
1927 0.029881288995966315 398 0 398 0 9042
1928 0.019204332027584314 397 918 395 2 9055
1929 0.05444802495185286 399 799 397 2 9106
1930 0.02795145002892241 399 412 398 1 9104
1931 0.04240895400289446 400 587 399 1 9141
1932 0.01976180000929162 400 397 400 0 9161
1933 0.02935611899010837 400 3 400 0 9161
1934 0.008275630010757595 399 396 399 0 9181
1935 0.028908337000757456 399 3 399 0 9181
1936 0.014947959978599101 400 740 399 1 9225
1937 0.046859888010658324 400 3 400 0 9225
1938 0.008132965012919158 399 396 399 0 9205
1939 0.02911189297446981 399 3 399 0 9205
1940 0.01137550501152873 399 414 398 1 9215
1941 0.03972324001369998 399 3 399 0 9216
1942 0.014595600950997323 398 721 397 1 9196
1943 0.047323634033091366 398 3 398 0 9196
1944 0.015188251971267164 397 534 395 2 9165
1945 0.04109095403691754 397 3 397 0 9165
1946 0.014355160004924983 396 1250 393 3 9076
1947 0.06350918399402872 396 3 396 0 9077
1948 0.014762100006919354 397 1038 393 4 9068
1949 0.060263348976150155 397 3 397 0 9068
1950 0.015018215985037386 400 1031 397 3 9132
1951 0.06011653901077807 400 3 400 0 9132
1952 0.008018553024157882 395 392 395 0 9021
1953 0.029217461007647216 395 3 395 0 9021
1954 0.009843393985647708 394 391 394 0 9007
1955 0.02794911595992744 393 2 393 0 8970
1956 0.015183474053628743 397 1380 390 7 8998
1957 0.06700935098342597 397 2 397 0 8998
1958 0.014444703992921859 399 707 396 3 8998
1959 0.04589624097570777 399 2 399 0 8998
1960 0.014408290036953986 398 798 397 1 9019
1961 0.050831873959396034 398 2 398 0 9019
1962 0.015128381026443094 396 639 394 2 8901
1963 0.040846646996214986 396 2 396 0 8901
1964 0.014378125022631139 398 959 394 4 8925
1965 0.05445124895777553 398 2 398 0 8925
1966 0.014504563994705677 399 661 397 2 8946
1967 0.045831725001335144 399 2 399 0 8946
1968 0.014681730011943728 397 731 396 1 8901
1969 0.04584209999302402 397 2 397 0 8901
1970 0.014687198039609939 398 534 395 3 8894
1971 0.040837853972334415 398 2 398 0 8894
1972 0.014640267996583134 399 661 397 2 8925
1973 0.04542305099312216 399 2 399 0 8926
1974 0.009804535016883165 400 411 399 1 8950
1975 0.04002470301929861 400 2 400 0 8950
1976 0.008413375995587558 398 396 398 0 8878
1977 0.028277168981730938 398 2 398 0 8878
1978 0.014684965019114316 399 1198 397 2 8942
1979 0.06436592095997185 399 2 399 0 8942
1980 0.014256492024287581 398 1168 397 1 8959
1981 0.06291815597796813 398 2 398 0 8959
1982 0.010224035009741783 398 429 396 2 8937
1983 0.041492827993351966 398 2 398 0 8937
1984 0.014615160005632788 396 825 394 2 8936
1985 0.050500635989010334 396 2 396 0 8936
1986 0.01521918800426647 395 588 391 4 8787
1987 0.040018503030296415 395 2 395 0 8788
1988 0.013943201978690922 397 896 392 5 8749
1989 0.049263868015259504 397 2 397 0 8749
1990 0.014571885985787958 397 1266 394 3 8751
1991 0.06150469300337136 397 2 397 0 8751
1992 0.01455995801370591 399 996 396 3 8774
1993 0.05444100400200114 399 2 399 0 8774
1994 0.009913117974065244 399 425 398 1 8782
1995 0.04045217501698062 399 2 399 0 8782
1996 0.015106567996554077 400 915 399 1 8832
1997 0.05458064400590956 400 2 400 0 8832
1998 0.007916860980913043 396 394 396 0 8732
1999 0.028379752999171615 396 2 396 0 8732
2000 0.014708350005093962 399 899 395 4 8709
2001 0.05322933499701321 399 2 399 0 8709
2002 0.010016414045821875 398 419 397 1 8665
2003 0.04051558894570917 398 2 398 0 8665
2004 0.014483743056189269 399 857 397 2 8695
2005 0.05024982994655147 399 2 399 0 8696
2006 0.015106358041521162 398 519 397 1 8692
2007 0.04026278998935595 398 2 398 0 8692
2008 0.014575060980860144 399 719 397 2 8714
2009 0.045045632985420525 399 2 399 0 8714
2010 0.009856012999080122 398 436 397 1 8660
2011 0.04045771301025525 398 2 398 0 8660
2012 0.014908120036125183 398 689 396 2 8665
2013 0.0449838109780103 398 2 398 0 8665
2014 0.014135159028228372 398 543 396 2 8649
2015 0.03994640498422086 398 2 398 0 8649
2016 0.01441844500368461 398 1046 396 2 8666
2017 0.060510660987347364 398 2 398 0 8666
2018 0.015223303984384984 400 684 398 2 8712
2019 0.04546319000655785 400 2 400 0 8713
2020 0.007719614019151777 399 397 399 0 8723
2021 0.027947774971835315 399 2 399 0 8723
2022 0.016055433021392673 400 1100 399 1 8800
2023 0.06102881900733337 400 2 400 0 8800
2024 0.007959703973028809 399 397 399 0 8779
2025 0.02803892199881375 399 2 399 0 8779
2026 0.011205059010535479 395 406 394 1 8643
2027 0.03880971699254587 395 2 395 0 8643
2028 0.015325487998779863 397 2190 392 5 8711
2029 0.0931937670102343 397 2 397 0 8711
2030 0.014219526026863605 400 1060 397 3 8781
2031 0.060271370981354266 400 2 400 0 8781
2032 0.007889568980317563 397 395 397 0 8753
2033 0.028566633991431445 397 2 397 0 8753
2034 0.016569816041737795 397 1578 394 3 8721
2035 0.06735971698071808 397 2 397 0 8721
2036 0.010471897025126964 398 475 395 3 8687
2037 0.040731854969635606 398 2 398 0 8688
2038 0.014251404034439474 399 635 397 2 8708
2039 0.04104166995966807 399 2 399 0 8708
2040 0.014555661007761955 397 748 396 1 8672
2041 0.045469079981558025 397 2 397 0 8672
2042 0.01443852501688525 398 1325 395 3 8710
2043 0.06657801300752908 398 2 398 0 8710
2044 0.010037284984719008 397 481 395 2 8656
2045 0.04109234601492062 397 2 397 0 8656
2046 0.014578876027371734 399 712 396 3 8663
2047 0.045248437963891774 399 2 399 0 8663
2048 0.010057304985821247 399 465 398 1 8678
2049 0.041301280027255416 399 2 399 0 8678
2050 0.010678888007532805 398 422 397 1 8664
2051 0.04025477898539975 398 2 398 0 8665
2052 0.014211544010322541 399 1743 397 2 8738
2053 0.0737993479706347 399 2 399 0 8738
2054 0.011839161044918 397 411 396 1 8694
2055 0.03743144799955189 397 2 397 0 8694
2056 0.015156022971495986 398 557 395 3 8678
2057 0.03883795998990536 398 2 398 0 8678
2058 0.011773032019846141 398 463 396 2 8668
2059 0.03968624398112297 398 2 398 0 8668
2060 0.014546266989782453 399 587 397 2 8679
2061 0.04103732400108129 399 2 399 0 8679
2062 0.014651885023340583 399 526 398 1 8679
2063 0.04038259101798758 399 2 399 0 8679
2064 0.009833187970798463 397 412 396 1 8641
2065 0.03889304300537333 397 2 397 0 8641
2066 0.015324736014008522 397 1334 394 3 8643
2067 0.06853780598612502 397 2 397 0 8643
2068 0.014444685017224401 397 1224 394 3 8627
2069 0.06367022497579455 397 2 397 0 8628
2070 0.01429803401697427 396 709 393 3 8529
2071 0.04462432098807767 396 2 396 0 8529
2072 0.014240418036933988 398 1759 394 4 8565
2073 0.07186493295012042 398 2 398 0 8565
2074 0.015024395019281656 398 554 396 2 8523
2075 0.0390159179805778 398 2 398 0 8523
2076 0.01535707403672859 396 579 394 2 8405
2077 0.03952695499174297 396 2 396 0 8405
2078 0.014448550995439291 399 1054 395 4 8440
2079 0.059066070010885596 399 2 399 0 8440
2080 0.009706237993668765 398 481 397 1 8402
2081 0.04125974699854851 398 2 398 0 8402
2082 0.014749502995982766 399 1417 397 2 8481
2083 0.06688654597382993 399 2 399 0 8482
2084 0.013994028035085648 398 833 397 1 8484
2085 0.0498190619982779 398 2 398 0 8484
2086 0.014708129980135709 396 623 394 2 8446
2087 0.04046837904024869 396 2 396 0 8446
2088 0.014178183977492154 395 1803 391 4 8479
2089 0.07874898298177868 395 2 395 0 8479
2090 0.0152501140255481 394 735 389 5 8368
2091 0.04327491397270933 394 2 394 0 8368
2092 0.01497498102253303 400 2120 394 6 8496
2093 0.08932546601863578 400 2 400 0 8496
2094 0.007891782966908067 399 397 399 0 8510
2095 0.028117729991208762 399 2 399 0 8510
2096 0.009768982010427862 398 430 397 1 8500
2097 0.03996835800353438 398 2 398 0 8500
2098 0.015202653012238443 397 539 395 2 8493
2099 0.03964944899780676 397 2 397 0 8493
2100 0.014067537966184318 397 1930 394 3 8536
2101 0.08332724805222824 397 2 397 0 8537
2102 0.015159727947320789 398 514 395 3 8524
2103 0.038798281049821526 398 2 398 0 8524
2104 0.013819524960126728 397 1408 395 2 8560
2105 0.06831244804197922 397 2 397 0 8560
2106 0.014364845003001392 398 1598 395 3 8592
2107 0.0695159649476409 398 2 398 0 8592
2108 0.01398101804079488 398 854 396 2 8611
2109 0.05032823799410835 398 2 398 0 8611
2110 0.010479828983079642 396 444 394 2 8536
2111 0.0403066260041669 396 2 396 0 8536
2112 0.014055670006200671 396 842 392 4 8526
2113 0.04910242697224021 396 2 396 0 8526
2114 0.014598986017517745 398 2492 394 4 8634
2115 0.10055784700671211 398 2 398 0 8635
2116 0.01396249997196719 398 947 396 2 8629
2117 0.05421616602689028 398 2 398 0 8629
2118 0.016297607973683625 399 1069 397 2 8691
2119 0.058496685000136495 399 2 399 0 8691
2120 0.018624442047439516 399 1406 398 1 8741
2121 0.0677843649755232 399 2 399 0 8741
2122 0.009903313009999692 398 497 397 1 8744
2123 0.042295623978134245 398 2 398 0 8744
2124 0.015325666987337172 397 1163 395 2 8693
2125 0.060569970053620636 397 2 397 0 8693
2126 0.014357262989506125 400 1313 397 3 8780
2127 0.06694392196368426 400 2 400 0 8780
2128 0.008157792035490274 398 396 398 0 8768
2129 0.028765462979208678 398 2 398 0 8768
2130 0.015415452013257891 400 1482 398 2 8874
2131 0.06878071097889915 400 2 400 0 8874
2132 0.00832269003149122 398 396 398 0 8810
2133 0.028756568965036422 398 2 398 0 8811
2134 0.015746590041089803 400 1073 398 2 8875
2135 0.0613784029847011 400 2 400 0 8875
2136 0.008133455994538963 397 395 397 0 8817
2137 0.028874116018414497 397 2 397 0 8817
2138 0.015554410987533629 398 865 395 3 8848
2139 0.050258242001291364 398 2 398 0 8848
2140 0.014672946999780834 398 1127 396 2 8896
2141 0.061922330991365016 398 2 398 0 8896
2142 0.009964625991415232 400 421 398 2 8916
2143 0.040920037019532174 400 2 400 0 8916
2144 0.008464221959002316 398 396 398 0 8906
2145 0.02872897800989449 398 2 398 0 8906
2146 0.01026633899891749 398 481 396 2 8867
2147 0.042013469035737216 398 2 398 0 8868
2148 0.015373108966741711 393 894 391 2 8780
2149 0.05041541904211044 393 2 393 0 8780
2150 0.014764974999707192 398 2558 391 7 8897
2151 0.10080052097328007 398 2 398 0 8897
2152 0.014143923006486148 396 879 394 2 8882
2153 0.050241928023751825 396 2 396 0 8882
2154 0.014703141991049051 399 892 395 4 8923
2155 0.050850322004407644 399 2 399 0 8923
2156 0.010301892005372792 398 422 397 1 8861
2157 0.04086577595444396 398 2 398 0 8861
2158 0.015363093989435583 398 1111 396 2 8829
2159 0.059549096040427685 398 2 398 0 8829
2160 0.014092164987232536 400 1396 398 2 8914
2161 0.06786173098953441 400 2 400 0 8914
2162 0.00816388102248311 396 394 396 0 8875
2163 0.02907320496160537 396 2 396 0 8875
2164 0.015386128041427583 399 1352 395 4 8946
2165 0.0687359040020965 399 2 399 0 8947
2166 0.009947919985279441 399 408 398 1 8944
2167 0.03989317500963807 399 2 399 0 8944
2168 0.016168934991583228 399 888 398 1 8972
2169 0.05053890298586339 399 2 399 0 8972
2170 0.014164614025503397 398 751 397 1 8984
2171 0.04633199598174542 398 2 398 0 8984
2172 0.014613476989325136 398 1356 396 2 9001
2173 0.06794430600712076 398 2 398 0 9001
2174 0.014511313987895846 399 1204 397 2 9058
2175 0.06329815700883046 399 2 399 0 9058
2176 0.014383481990080327 396 936 395 1 9050
2177 0.05593933502677828 396 2 396 0 9050
2178 0.014472867012955248 395 1544 391 4 9036
2179 0.06769890600116923 395 2 395 0 9037
2180 0.014973888988606632 398 2238 393 5 9138
2181 0.09514930396107957 398 2 398 0 9138
2182 0.014375580009073019 400 1056 398 2 9205
2183 0.061685886001214385 400 2 400 0 9205
2184 0.008182128018233925 397 395 397 0 9195
2185 0.02891967399045825 397 2 397 0 9195
2186 0.01686049299314618 397 1064 394 3 9211
2187 0.06018426001537591 397 2 397 0 9211
2188 0.010660420986823738 398 487 395 3 9209
2189 0.0422678820323199 398 2 398 0 9209
2190 0.014316471002530307 395 1012 393 2 9160
2191 0.0568756609573029 395 2 395 0 9160
2192 0.015151416009757668 399 1968 394 5 9241
2193 0.08563951100222766 399 2 399 0 9241
2194 0.013961658987682313 399 555 398 1 9226
2195 0.04217522300314158 399 2 399 0 9226
2196 0.015374590002465993 399 643 398 1 9242
2197 0.04519108304521069 399 2 399 0 9243
2198 0.010145025968085974 396 457 395 1 9172
2199 0.042094931995961815 396 2 396 0 9172
2200 0.015298287034966052 398 1536 394 4 9213
2201 0.06858105096034706 398 2 398 0 9213
2202 0.015911407012026757 399 800 397 2 9240
2203 0.05000629398273304 399 2 399 0 9240
2204 0.015488822013139725 400 667 399 1 9284
2205 0.045518514001742005 400 2 400 0 9284
2206 0.008219045004807413 397 395 397 0 9223
2207 0.028886733984109014 397 2 397 0 9223
2208 0.01577083603478968 398 619 395 3 9232
2209 0.04047622095094994 398 2 398 0 9232
2210 0.015642393031157553 399 984 397 2 9278
2211 0.054506452986970544 399 2 399 0 9279
2212 0.010391436982899904 398 416 397 1 9248
2213 0.03995750204194337 398 2 398 0 9248
2214 0.010547990968916565 399 437 397 2 9259
2215 0.04156657902058214 399 2 399 0 9259
2216 0.015543645014986396 398 529 397 1 9252
2217 0.04015166300814599 398 2 398 0 9252
2218 0.01446391298668459 398 515 396 2 9233
2219 0.041884156002197415 398 2 398 0 9233
2220 0.014617432956583798 400 643 398 2 9267
2221 0.04609586100559682 400 2 400 0 9267
2222 0.008458052994683385 399 397 399 0 9268
2223 0.028980726026929915 399 2 399 0 9268
2224 0.01482352300081402 398 696 397 1 9259
2225 0.04631967801833525 398 2 398 0 9259
2226 0.014580166956875473 398 620 396 2 9268
2227 0.042457196046598256 398 2 398 0 9268
2228 0.017794565996155143 399 1549 397 2 9347
2229 0.06742025696439669 399 2 399 0 9348
2230 0.015803265036083758 399 1042 398 1 9391
2231 0.061935289995744824 399 2 399 0 9391
2232 0.015411896980367601 399 1003 398 1 9413
2233 0.055969440029002726 399 2 399 0 9413
2234 0.016769195965025574 397 639 396 1 9366
2235 0.040801057999487966 397 2 397 0 9366
2236 0.014828101033344865 398 540 395 3 9350
2237 0.04087774397339672 398 2 398 0 9350
2238 0.018955227977130562 398 1270 396 2 9361
2239 0.06261910701869056 398 2 398 0 9361
2240 0.010419338999781758 398 497 396 2 9350
2241 0.042886801005806774 398 2 398 0 9350
2242 0.016113099991343915 399 1081 397 2 9407
2243 0.06166333198780194 399 2 399 0 9408
2244 0.01759643800323829 399 1173 398 1 9476
2245 0.06167506903875619 399 2 399 0 9476
2246 0.01008089998504147 397 419 396 1 9419
2247 0.042494182009249926 397 2 397 0 9419
2248 0.015506538969930261 398 2086 395 3 9496
2249 0.09258925903122872 398 2 398 0 9496
2250 0.014655630977358669 399 573 397 2 9486
2251 0.042234110995195806 399 2 399 0 9486
2252 0.015407319995574653 398 1055 397 1 9439
2253 0.06247403903398663 398 2 398 0 9439
2254 0.014977384998928756 399 1058 397 2 9481
2255 0.06212312198476866 399 2 399 0 9481
2256 0.011236566002480686 397 474 396 1 9426
2257 0.04233479197137058 397 2 397 0 9426
2258 0.015722514013759792 397 1358 394 3 9477
2259 0.06780929199885577 397 2 397 0 9477
2260 0.015444816031958908 398 826 395 3 9497
2261 0.05152408400317654 398 2 398 0 9498
2262 0.017769987985957414 395 576 393 2 9458
2263 0.03906822600401938 395 2 395 0 9458
2264 0.016462594969198108 400 2045 395 5 9584
2265 0.08640898700105026 400 2 400 0 9584
2266 0.00871114304754883 398 396 398 0 9554
2267 0.029266544966958463 398 2 398 0 9554
2268 0.014848061022348702 399 1427 397 2 9617
2269 0.07139467698289081 399 2 399 0 9617
2270 0.014816912997048348 398 1170 397 1 9539
2271 0.06396200403105468 398 2 398 0 9539
2272 0.014714548946358263 400 759 398 2 9596
2273 0.04757662501651794 400 2 400 0 9596
2274 0.009909834014251828 400 398 400 0 9622
2275 0.028981025971006602 400 2 400 0 9623
2276 0.009934100031387061 398 396 398 0 9574
2277 0.029260044975671917 398 2 398 0 9574
2278 0.011184178001713008 399 450 397 2 9599
2279 0.042394782009068877 399 2 399 0 9599
2280 0.011556155979633331 400 423 399 1 9625
2281 0.04225677502108738 400 2 400 0 9625
2282 0.008956771984230727 395 393 395 0 9537
2283 0.028894966992083937 395 2 395 0 9537
2284 0.01836410100804642 397 1349 392 5 9479
2285 0.06708795903250575 397 2 397 0 9479
2286 0.015738337009679526 398 1078 395 3 9459
2287 0.061043159977998585 398 2 398 0 9459
2288 0.011009725974872708 397 459 395 2 9409
2289 0.04221236804733053 397 2 397 0 9409
2290 0.014773237984627485 398 1330 395 3 9488
2291 0.06839528196724132 398 2 398 0 9488
2292 0.010853491025045514 396 506 394 2 9442
2293 0.04290085198590532 396 2 396 0 9443
2294 0.015273338998667896 399 1157 395 4 9503
2295 0.06126903899712488 399 2 399 0 9503
2296 0.010433150047902018 398 422 397 1 9510
2297 0.04219214798649773 398 2 398 0 9510
2298 0.010646148992236704 399 446 397 2 9530
2299 0.04318653198424727 399 2 399 0 9530
2300 0.010829174017999321 398 427 397 1 9494
2301 0.04208133096108213 398 2 398 0 9494
2302 0.014676933002192527 398 1188 396 2 9538
2303 0.06551792100071907 398 2 398 0 9538
2304 0.014948291005566716 397 990 395 2 9497
2305 0.05694471503375098 397 2 397 0 9497
2306 0.015827199968043715 397 786 394 3 9443
2307 0.050302649033255875 397 2 397 0 9444
2308 0.015974803012795746 398 952 395 3 9474
2309 0.05617834295844659 398 2 398 0 9474
2310 0.010546730016358197 395 431 393 2 9342
2311 0.04230964498128742 395 2 395 0 9342
2312 0.010599519009701908 399 480 394 5 9366
2313 0.04242893401533365 399 2 399 0 9366
2314 0.01042845199117437 399 466 398 1 9387
2315 0.04338679200736806 399 2 399 0 9387
2316 0.011745870986487716 397 430 396 1 9312
2317 0.04178280400810763 397 2 397 0 9312
2318 0.016184345993679017 398 1308 395 3 9367
2319 0.06770345399854705 398 2 398 0 9367
2320 0.014872075989842415 397 589 395 2 9317
2321 0.04242287401575595 397 2 397 0 9317
2322 0.01506916299695149 398 1182 395 3 9288
2323 0.060967386001721025 398 2 398 0 9288
2324 0.014315399981569499 397 674 395 2 9257
2325 0.046796442999038845 397 2 397 0 9258
2326 0.01566837204154581 395 1943 392 3 9128
2327 0.08299465896561742 395 2 395 0 9128
2328 0.015626910026185215 396 1462 391 5 9125
2329 0.06791401898954064 396 2 396 0 9125
2330 0.014344753988552839 397 1734 393 4 9140
2331 0.07375487202079967 397 2 397 0 9140
2332 0.014575520996004343 397 1308 394 3 9116
2333 0.06748779898043722 397 2 397 0 9116
2334 0.015947951993439347 398 1883 395 3 9167
2335 0.08135287399636582 398 2 398 0 9167
2336 0.01803225203184411 399 1256 397 2 9238
2337 0.06228159001329914 399 2 399 0 9238
2338 0.01607471297029406 400 1114 399 1 9307
2339 0.06271466001635417 400 2 400 0 9308
2340 0.008580466965213418 399 397 399 0 9302
2341 0.028735508036334068 399 2 399 0 9302
2342 0.01665987097658217 396 814 395 1 9263
2343 0.04934148502070457 396 2 396 0 9263
2344 0.015430083964020014 399 1243 395 4 9309
2345 0.06345658504869789 399 2 399 0 9309
2346 0.011883647996000946 400 449 399 1 9341
2347 0.04203735600458458 399 1 399 0 9282
2348 0.011236825957894325 397 409 396 1 9211
2349 0.03990717604756355 397 1 397 0 9211
2350 0.01583030598703772 399 568 396 3 9246
2351 0.041196823003701866 399 1 399 0 9246
2352 0.010625227994751185 399 439 398 1 9254
2353 0.042116735014133155 399 1 399 0 9254
2354 0.011068803956732154 397 419 396 1 9239
2355 0.04079400800401345 397 1 397 0 9239
2356 0.015893831034190953 397 1289 394 3 9249
2357 0.06737620098283514 397 1 397 0 9249
2358 0.01452145999064669 398 984 395 3 9283
2359 0.05568558402592316 398 1 398 0 9283
2360 0.015169502003118396 396 895 394 2 9210
2361 0.050765223975759 396 1 396 0 9210
2362 0.014874610002152622 400 1661 396 4 9314
2363 0.07023229100741446 400 1 400 0 9314
2364 0.009344504971522838 398 397 398 0 9265
2365 0.028705432021524757 398 1 398 0 9265
2366 0.014736403012648225 398 519 396 2 9276
2367 0.0421190980123356 398 1 398 0 9276
2368 0.01573243795428425 399 1222 397 2 9323
2369 0.06548915803432465 399 1 399 0 9323
2370 0.015277174999937415 398 682 397 1 9280
2371 0.04716354398988187 398 1 398 0 9281
2372 0.01112524897325784 398 463 396 2 9291
2373 0.042558929009828717 398 1 398 0 9291
2374 0.015646129031665623 397 651 395 2 9150
2375 0.045786395960021764 397 1 397 0 9150
2376 0.015472767991013825 398 607 395 3 9105
2377 0.04212421603733674 398 1 398 0 9105
2378 0.010729954985436052 397 469 395 2 9053
2379 0.04179023503093049 397 1 397 0 9053
2380 0.011196424951776862 396 448 393 3 8956
2381 0.041578487027436495 396 1 396 0 8956
2382 0.01472396298777312 399 1273 395 4 9020
2383 0.06491699902107939 399 1 399 0 9020
2384 0.011295984964817762 397 411 396 1 8962
2385 0.03958388004684821 397 1 397 0 8962
2386 0.014662000990938395 399 1414 396 3 9024
2387 0.06963714800076559 399 1 399 0 9024
2388 0.010998467972967774 396 450 395 1 8879
2389 0.0415684410254471 396 1 396 0 8879
2390 0.014698154991492629 399 1797 395 4 8928
2391 0.08076355798402801 399 1 399 0 8928
2392 0.010219569026958197 397 411 396 1 8869
2393 0.03997068200260401 397 1 397 0 8869
2394 0.014738044003024697 397 1475 394 3 8880
2395 0.06761716399341822 397 1 397 0 8880
2396 0.014803422964178026 397 1750 394 3 8933
2397 0.07490493904333562 397 1 397 0 8933
2398 0.01442419399973005 396 925 393 3 8882
2399 0.05555098096374422 396 1 396 0 8882
2400 0.015005386027041823 399 1974 395 4 8995
2401 0.0860300280037336 399 1 399 0 8995
2402 0.009998977009672672 397 430 396 1 8870
2403 0.04142394498921931 397 1 397 0 8871
2404 0.015206357988063246 400 1376 397 3 8963
2405 0.06764342298265547 400 1 400 0 8963
2406 0.00785558798816055 394 393 394 0 8888
2407 0.028988588019274175 394 1 394 0 8888
2408 0.015529903990682214 400 1016 394 6 8950
2409 0.05355636600870639 400 1 400 0 8950
2410 0.008402660023421049 398 397 398 0 8951
2411 0.02883926295908168 398 1 398 0 8951
2412 0.01059282902861014 399 477 397 2 8927
2413 0.041761861997656524 399 1 399 0 8927
2414 0.015161461022216827 397 516 396 1 8900
2415 0.04056893999222666 397 1 397 0 8900
2416 0.01415293599711731 398 1269 395 3 8936
2417 0.06526438996661454 398 1 398 0 8936
2418 0.010703736043069512 400 446 398 2 8971
2419 0.04115018295124173 400 1 400 0 8971
2420 0.008255018037743866 399 398 399 0 8927
2421 0.029083030007313937 399 1 399 0 8927
2422 0.015062502003274858 397 1394 396 1 8963
2423 0.07067671796539798 397 1 397 0 8963
2424 0.014438225014600903 396 1527 393 3 8965
2425 0.06979966099606827 396 1 396 0 8965
2426 0.014977785001974553 394 960 390 4 8959
2427 0.05428577197017148 394 1 394 0 8959
2428 0.014326456002891064 399 1723 393 6 9051
2429 0.07188333105295897 399 1 399 0 9051
2430 0.014790753950364888 398 1171 397 1 9097
2431 0.0630355630419217 398 1 398 0 9097
2432 0.014051302976440638 400 603 398 2 9138
2433 0.04181782598607242 400 1 400 0 9138
2434 0.008273326035123318 399 398 399 0 9132
2435 0.02903433598112315 399 1 399 0 9133
2436 0.010630095028318465 398 415 397 1 9115
2437 0.040227467950899154 398 1 398 0 9115
2438 0.014592156047001481 399 608 397 2 9124
2439 0.04190797096816823 399 1 399 0 9124
2440 0.014647217991296202 398 814 397 1 9151
2441 0.05147094401763752 398 1 398 0 9151
2442 0.014398393977899104 398 1075 396 2 9161
2443 0.06133550003869459 398 1 398 0 9161
2444 0.014470041962340474 397 669 395 2 9144
2445 0.04602857999270782 397 1 397 0 9144
2446 0.015294170007109642 400 1414 397 3 9229
2447 0.06845590303419158 400 1 400 0 9229
2448 0.008261688984930515 395 394 395 0 9097
2449 0.02910995000274852 395 1 395 0 9097
2450 0.00953443901380524 393 392 393 0 9065
2451 0.02848060498945415 398 1059 393 5 9134
2452 0.03716923401225358 398 527 396 2 9120
2453 0.047746279975399375 400 1127 398 2 9191
2454 0.038127764011733234 398 390 398 0 9108
2455 0.029341897985432297 399 67 397 2 9091
2456 0.014070051023736596 398 668 397 1 9029
2457 0.04666714899940416 398 9 398 0 9029
2458 0.01423651201184839 400 1573 398 2 9127
2459 0.06989129894645885 400 9 400 0 9129
2460 0.008122940023895353 397 388 397 0 9090
2461 0.029052542988210917 396 8 396 0 9059
2462 0.01564681000309065 397 663 393 4 9033
2463 0.044709959998726845 396 7 396 0 8983
2464 0.014226345985662192 396 1384 392 4 8989
2465 0.06632150802761316 396 7 396 0 8989
2466 0.015016131976153702 400 607 396 4 9032
2467 0.04059390805196017 399 6 399 0 9011
2468 0.015056792995892465 398 654 397 1 8982
2469 0.045950502972118556 398 6 398 0 8982
2470 0.012473183975089341 398 452 396 2 8963
2471 0.04128961201058701 398 6 398 0 8963
2472 0.016532359994016588 396 1450 394 2 8852
2473 0.0693140720250085 396 6 396 0 8852
2474 0.01663885999005288 398 1463 394 4 8890
2475 0.06719920603791252 398 6 398 0 8890
2476 0.016144426946993917 399 522 397 2 8871
2477 0.04033526900457218 399 6 399 0 8872
2478 0.01180895499419421 399 422 398 1 8858
2479 0.04086692800046876 399 6 399 0 8859
2480 0.011884008999913931 395 428 394 1 8802
2481 0.04082291101804003 395 6 395 0 8802
2482 0.01800659397849813 397 898 392 5 8824
2483 0.05358766304561868 397 6 397 0 8824
2484 0.015100508986506611 398 2097 395 3 8890
2485 0.09184951800853014 398 6 398 0 8890
2486 0.014393176999874413 398 940 396 2 8908
2487 0.05562123697018251 398 6 398 0 8908
2488 0.01158730301540345 399 432 397 2 8895
2489 0.040880448010284454 398 5 398 0 8863
2490 0.01775254198582843 397 1087 395 2 8875
2491 0.05928209499688819 397 5 397 0 8876
2492 0.015734501997940242 400 1047 397 3 8946
2493 0.06031073001213372 400 5 400 0 8948
2494 0.009616983006708324 399 394 399 0 8936
2495 0.0285314719658345 399 5 399 0 8936
2496 0.016678108018822968 399 596 398 1 8966
2497 0.041235451004467905 399 5 399 0 8966
2498 0.01632791297743097 398 796 397 1 8937
2499 0.05051120201824233 398 5 398 0 8938
2500 0.01661974098533392 395 715 393 2 8861
2501 0.04545218503335491 395 5 395 0 8861
2502 0.016799270000774413 400 1285 395 5 8950
2503 0.06837171700317413 400 5 400 0 8950
2504 0.009487768984399736 397 392 397 0 8896
2505 0.028621756995562464 397 5 397 0 8896
2506 0.01688687299611047 397 750 394 3 8875
2507 0.0452867959975265 397 5 397 0 8875
2508 0.01649789698421955 392 919 389 3 8706
2509 0.05387394304852933 392 5 392 0 8707
2510 0.01676514995051548 397 2539 389 8 8770
2511 0.10201782902004197 397 5 397 0 8770
2512 0.0145967630087398 400 555 397 3 8803
2513 0.040440988028422 400 5 400 0 8803
2514 0.00791205296991393 397 392 397 0 8768
2515 0.02850058500189334 397 5 397 0 8768
2516 0.010477615986019373 396 510 393 3 8660
2517 0.04099145403597504 396 5 396 0 8660
2518 0.015060789999552071 399 1218 395 4 8705
2519 0.06337327999062836 399 5 399 0 8705
2520 0.01499230699846521 399 760 398 1 8704
2521 0.0459737170021981 399 5 399 0 8704
2522 0.016207881970331073 397 986 396 1 8672
2523 0.05519130203174427 397 5 397 0 8673
2524 0.016355683968868107 399 691 396 3 8714
2525 0.045390170998871326 399 5 399 0 8716
2526 0.011804269044660032 395 421 394 1 8647
2527 0.040353936958126724 395 5 395 0 8647
2528 0.01696112402714789 400 1419 395 5 8741
2529 0.06793151597958058 400 5 400 0 8741
2530 0.00972780998563394 398 393 398 0 8719
2531 0.02828027302166447 398 5 398 0 8720
2532 0.016670007025822997 398 1055 396 2 8755
2533 0.06069784099236131 398 5 398 0 8755
2534 0.012014894979074597 398 474 396 2 8751
2535 0.04096895101247355 398 5 398 0 8751
2536 0.016970107972156256 399 838 397 2 8797
2537 0.050252993998583406 399 5 399 0 8797
2538 0.010106489004101604 397 421 396 1 8713
2539 0.04096928099170327 397 5 397 0 8713
2540 0.014280989009421319 399 669 396 3 8714
2541 0.04510380100691691 399 5 399 0 8715
2542 0.01483957702293992 399 648 398 1 8740
2543 0.04501255397917703 399 5 399 0 8740
2544 0.013956441020127386 398 784 397 1 8753
2545 0.050013964995741844 398 5 398 0 8753
2546 0.014540828997269273 400 1015 398 2 8819
2547 0.05531131196767092 400 5 400 0 8819
2548 0.009228911017999053 398 393 398 0 8780
2549 0.02831557602621615 398 5 398 0 8780
2550 0.011590228008572012 399 437 397 2 8805
2551 0.04054582497337833 399 5 399 0 8805
2552 0.010229484003502876 399 408 398 1 8808
2553 0.03935772099066526 399 5 399 0 8808
2554 0.015898727986495942 398 1166 397 1 8819
2555 0.06196818902390078 398 5 398 0 8820
2556 0.015367219981271774 399 708 397 2 8829
2557 0.045628638996277004 399 5 399 0 8831
2558 0.01666447799652815 400 825 399 1 8887
2559 0.050866376026533544 400 5 400 0 8887
2560 0.007809548988007009 399 394 399 0 8866
2561 0.02857877197675407 399 5 399 0 8866
2562 0.014767490036319941 397 589 396 1 8834
2563 0.041171123972162604 397 5 397 0 8835
2564 0.014419286046177149 399 911 396 3 8869
2565 0.054814635950606316 399 5 399 0 8869
2566 0.01601930899778381 398 557 397 1 8794
2567 0.04072701703989878 398 5 398 0 8794
2568 0.012240002979524434 400 492 398 2 8822
2569 0.04117844603024423 400 5 400 0 8822
2570 0.009489561954978853 399 394 399 0 8843
2571 0.028267084038816392 399 5 399 0 8843
2572 0.01620600000023842 399 989 398 1 8881
2573 0.05584232899127528 399 5 399 0 8882
2574 0.011403205979149789 397 420 396 1 8851
2575 0.04092928202589974 397 5 397 0 8851
2576 0.014822961995378137 399 1202 396 3 8873
2577 0.062402040988672525 399 5 399 0 8873
2578 0.011233191005885601 396 410 395 1 8795
2579 0.039516700024250895 396 5 396 0 8795
2580 0.01481543097179383 397 1339 393 4 8766
2581 0.06847485201433301 397 5 397 0 8766
2582 0.014579285983927548 400 816 397 3 8821
2583 0.04983709001680836 400 5 400 0 8821
2584 0.0095073789707385 398 393 398 0 8809
2585 0.028367193997837603 398 5 398 0 8809
2586 0.015790156030561775 398 1191 396 2 8859
2587 0.06341760599752888 398 5 398 0 8860
2588 0.014584865013603121 395 1408 393 2 8868
2589 0.06812675896799192 395 5 395 0 8870
2590 0.014708971022628248 397 1421 392 5 8826
2591 0.06616743595805019 397 5 397 0 8826
2592 0.015564205998089164 398 1047 395 3 8852
2593 0.059677659010048956 398 5 398 0 8852
2594 0.016344398027285933 400 1151 398 2 8926
2595 0.062286005995702 400 5 400 0 8927
2596 0.008308087999466807 397 392 397 0 8881
2597 0.02823192102368921 397 5 397 0 8881
2598 0.014717854966875166 400 573 397 3 8921
2599 0.04039677098626271 400 5 400 0 8921
2600 0.008359205035958439 398 393 398 0 8893
2601 0.028461465961299837 398 5 398 0 8893
2602 0.011355715047102422 397 494 395 2 8895
2603 0.04107623198069632 397 5 397 0 8895
2604 0.01478060899535194 399 713 396 3 8935
2605 0.04549854400102049 399 5 399 0 8936
2606 0.014438293990679085 399 1166 398 1 9008
2607 0.06279544200515375 399 5 399 0 9008
2608 0.010129312984645367 398 478 397 1 8993
2609 0.04217999998945743 398 5 398 0 8993
2610 0.01467970700468868 399 819 397 2 9011
2611 0.05012849799823016 399 5 399 0 9011
2612 0.014210332010407 394 703 393 1 8849
2613 0.04574922099709511 394 5 394 0 8849
2614 0.014709221024531871 398 1210 392 6 8874
2615 0.06250656797783449 398 5 398 0 8874
2616 0.010115962999407202 398 481 396 2 8863
2617 0.04210822202730924 398 5 398 0 8863
2618 0.010247130005154759 399 430 397 2 8853
2619 0.04112762899603695 399 5 399 0 8854
2620 0.014375610975548625 396 701 395 1 8848
2621 0.045795209996867925 396 5 396 0 8850
2622 0.014676221006084234 394 1401 390 4 8840
2623 0.06921687698923051 394 5 394 0 8840
2624 0.014607218035962433 397 1161 391 6 8873
2625 0.059155053982976824 397 5 397 0 8873
2626 0.010304927011020482 398 475 395 3 8833
2627 0.041231094975955784 398 5 398 0 8834
2628 0.01531429000897333 399 693 397 2 8793
2629 0.046287067991215736 399 5 399 0 8793
2630 0.014347388001624495 396 627 395 1 8716
2631 0.04113253700779751 396 5 396 0 8716
2632 0.01438288198551163 398 834 394 4 8736
2633 0.04952416900778189 398 5 398 0 8736
2634 0.014250393025577068 398 1152 396 2 8761
2635 0.060685592994559556 398 5 398 0 8761
2636 0.014799516997300088 397 925 395 2 8769
2637 0.05438531097024679 397 5 397 0 8770
2638 0.014377984043676406 397 765 394 3 8746
2639 0.04565195395844057 397 5 397 0 8746
2640 0.014244413992855698 398 686 395 3 8740
2641 0.045316220028325915 398 5 398 0 8740
2642 0.01438583602430299 398 899 396 2 8742
2643 0.05438490997767076 398 5 398 0 8742
2644 0.014846528007183224 398 1073 396 2 8770
2645 0.06134260899852961 398 5 398 0 8770
2646 0.015068381966557354 399 695 397 2 8746
2647 0.04448332905303687 399 5 399 0 8746
2648 0.010007859964389354 400 412 399 1 8768
2649 0.03929723001783714 400 5 400 0 8768
2650 0.008619525993708521 400 395 400 0 8794
2651 0.028281715989578515 400 5 400 0 8795
2652 0.008494789013639092 397 392 397 0 8767
2653 0.02789017796749249 397 5 397 0 8769
2654 0.016879981034435332 397 1544 394 3 8828
2655 0.06786354398354888 397 5 397 0 8828
2656 0.01567850698484108 400 628 397 3 8872
2657 0.04117349802982062 400 5 400 0 8872
2658 0.009441019967198372 397 392 397 0 8833
2659 0.02843924204353243 397 5 397 0 8834
2660 0.017212320992257446 399 1018 396 3 8878
2661 0.05479073995957151 399 5 399 0 8878
2662 0.011938400042708963 397 430 396 1 8820
2663 0.04080637695733458 397 5 397 0 8820
2664 0.01649485301459208 399 676 396 3 8845
2665 0.04510450200177729 399 5 399 0 8845
2666 0.017488665995188057 397 798 396 1 8863
2667 0.049573424039408565 397 5 397 0 8863
2668 0.016031587962061167 397 961 394 3 8823
2669 0.05484783503925428 397 5 397 0 8824
2670 0.016487311979290098 397 1321 394 3 8847
2671 0.06636707601137459 397 5 397 0 8847
2672 0.016300871968269348 395 751 392 3 8782
2673 0.04476233903551474 395 5 395 0 8782
2674 0.016924417985137552 400 2776 395 5 8952
2675 0.10558909300016239 400 5 400 0 8952
2676 0.009514370001852512 397 392 397 0 8881
2677 0.02839600801235065 397 5 397 0 8881
2678 0.01736871595494449 400 1309 397 3 8965
2679 0.06766378303291276 400 5 400 0 8965
2680 0.008896471990738064 396 391 396 0 8832
2681 0.028545312001369894 396 5 396 0 8832
2682 0.018719714018516243 397 651 393 4 8805
2683 0.0435049599618651 397 5 397 0 8806
2684 0.016476276039611548 399 1040 396 3 8823
2685 0.05832029995508492 399 5 399 0 8825
2686 0.014008299040142447 396 763 395 1 8787
2687 0.04614499496528879 396 5 396 0 8787
2688 0.014907369040884078 399 1082 395 4 8813
2689 0.06089014996541664 399 5 399 0 8813
2690 0.014617504028137773 396 533 395 1 8646
2691 0.040634688979480416 396 5 396 0 8647
2692 0.016722295025829226 396 1356 392 4 8644
2693 0.06592623400501907 396 5 396 0 8644
2694 0.015639949997421354 397 1381 393 4 8685
2695 0.06753376795677468 397 5 397 0 8685
2696 0.01633946003858 397 817 394 3 8641
2697 0.04959086998132989 396 4 396 0 8632
2698 0.016701454005669802 398 1465 394 4 8680
2699 0.06693457800429314 398 4 398 0 8680
2700 0.016202954982873052 400 795 398 2 8732
2701 0.049942908983211964 400 4 400 0 8733
2702 0.009386658028233796 394 390 394 0 8536
2703 0.02812656300375238 394 4 394 0 8536
2704 0.01800960797118023 397 840 391 6 8466
2705 0.04799598501995206 397 4 397 0 8466
2706 0.016787172004114836 400 1256 397 3 8540
2707 0.06084132700925693 400 4 400 0 8540
2708 0.009414730011485517 399 395 399 0 8543
2709 0.028012781986035407 399 4 399 0 8543
2710 0.01777935301652178 395 973 394 1 8502
2711 0.054303447948768735 395 4 395 0 8502
2712 0.01614708104170859 400 1366 395 5 8584
2713 0.06667257496155798 400 4 400 0 8584
2714 0.008022378024179488 398 394 398 0 8544
2715 0.028424891992472112 398 4 398 0 8545
2716 0.0193256750353612 397 703 395 2 8519
2717 0.0406857849447988 396 3 396 0 8510
2718 0.015902224055025727 397 1993 393 4 8609
2719 0.08448349399259314 397 3 397 0 8609
2720 0.014597834961023182 395 639 392 3 8525
2721 0.040478955022990704 395 3 395 0 8525
2722 0.010595984000246972 399 487 394 5 8535
2723 0.04063492896966636 399 3 399 0 8536
2724 0.01001118600834161 398 418 397 1 8517
2725 0.04044073703698814 398 3 398 0 8517
2726 0.015482682967558503 400 1059 398 2 8589
2727 0.059025511029176414 400 3 400 0 8589
2728 0.008085031993687153 398 395 398 0 8594
2729 0.02780196600360796 398 3 398 0 8594
2730 0.01070437696762383 395 421 393 2 8579
2731 0.04007373604690656 395 3 395 0 8579
2732 0.014913938997779042 396 819 391 5 8440
2733 0.04833375196903944 396 3 396 0 8441
2734 0.013349769986234605 397 1959 393 4 8520
2735 0.08472229301696643 397 3 397 0 8520
2736 0.013364833022933453 400 532 397 3 8549
2737 0.03987086197594181 400 3 400 0 8549
2738 0.007562747981864959 399 396 399 0 8513
2739 0.027964099019300193 399 3 399 0 8513
2740 0.00922549597453326 399 423 398 1 8498
2741 0.040150141052436084 399 3 399 0 8498
2742 0.010062952991575003 399 414 398 1 8503
2743 0.03907627798616886 399 3 399 0 8503
2744 0.010054451005998999 400 417 399 1 8525
2745 0.04042038699844852 400 3 400 0 8525
2746 0.008098834019619972 397 394 397 0 8437
2747 0.027834123990032822 397 3 397 0 8437
2748 0.014502050005830824 400 1342 397 3 8521
2749 0.06547719897935167 400 3 400 0 8522
2750 0.007989839999936521 400 397 400 0 8553
2751 0.028054255002643913 400 3 400 0 8553
2752 0.00810846796957776 400 397 400 0 8584
2753 0.028056458046194166 400 3 400 0 8584
2754 0.008155747957061976 399 396 399 0 8592
2755 0.0281319220084697 399 3 399 0 8593
2756 0.010819518996868283 396 459 395 1 8456
2757 0.04103103501256555 396 3 396 0 8456
2758 0.01488914102083072 399 1777 395 4 8545
2759 0.0730591369792819 399 3 399 0 8545
2760 0.009853960014879704 398 410 397 1 8490
2761 0.03878033300861716 398 3 398 0 8490
2762 0.013631482957862318 399 1194 397 2 8512
2763 0.06378955504624173 399 3 399 0 8512
2764 0.013171361992135644 398 964 397 1 8536
2765 0.055125652987044305 398 3 398 0 8537
2766 0.013569971022661775 397 1556 395 2 8513
2767 0.06873325898777694 397 3 397 0 8513
2768 0.015190975973382592 399 1156 396 3 8574
2769 0.05894588999217376 399 3 399 0 8574
2770 0.009324554004706442 398 425 397 1 8574
2771 0.040403812017757446 398 3 398 0 8574
2772 0.014214419003110379 397 1824 395 2 8616
2773 0.08038422797108069 397 3 397 0 8616
2774 0.014654038997832686 397 819 394 3 8644
2775 0.049540875013917685 397 3 397 0 8644
2776 0.01546513702487573 396 1240 393 3 8606
2777 0.06322606798494235 396 3 396 0 8606
2778 0.01643471297575161 399 1499 395 4 8688
2779 0.06509599700802937 399 3 399 0 8688
2780 0.015060359030030668 398 723 397 1 8692
2781 0.04544949997216463 398 3 398 0 8693
2782 0.015268923016265035 398 724 396 2 8725
2783 0.04490253800759092 398 3 398 0 8725
2784 0.010412307980004698 398 443 396 2 8723
2785 0.04057648201705888 398 3 398 0 8723
2786 0.01572776201646775 398 904 396 2 8727
2787 0.05434475897345692 398 3 398 0 8728
2788 0.010039849032182246 399 450 397 2 8740
2789 0.04093435895629227 399 3 399 0 8740
2790 0.01077306002844125 399 406 398 1 8749
2791 0.0388909499743022 399 3 399 0 8749
2792 0.009945286030415446 400 411 399 1 8772
2793 0.03901285299798474 400 3 400 0 8772
2794 0.00840804900508374 398 395 398 0 8750
2795 0.028208815958350897 398 3 398 0 8750
2796 0.016079439024906605 397 620 395 2 8733
2797 0.0406862769741565 397 3 397 0 8734
2798 0.015453629021067172 399 1477 396 3 8790
2799 0.06715535098919645 399 3 399 0 8790
2800 0.010325126990210265 398 433 397 1 8772
2801 0.041081019036937505 398 3 398 0 8772
2802 0.015383663994725794 398 771 396 2 8770
2803 0.04959130100905895 398 3 398 0 8770
2804 0.014625936979427934 396 1061 394 2 8656
2805 0.06064085598336533 396 3 396 0 8656
2806 0.014514018024783581 397 1490 393 4 8702
2807 0.06683906499529257 397 3 397 0 8702
2808 0.015726408979389817 397 1795 394 3 8736
2809 0.08014853403437883 397 3 397 0 8736
2810 0.01558915397617966 399 1213 396 3 8797
2811 0.06168949999846518 399 3 399 0 8797
2812 0.010015072009991854 397 430 396 1 8733
2813 0.04037282499484718 397 3 397 0 8734
2814 0.015592938987538218 400 690 397 3 8781
2815 0.04480698599945754 400 3 400 0 8781
2816 0.00852163799572736 399 396 399 0 8802
2817 0.028177860018331558 399 3 399 0 8802
2818 0.015594861994031817 398 665 397 1 8815
2819 0.04488196800230071 398 3 398 0 8816
2820 0.014739477017428726 396 605 394 2 8776
2821 0.04085150401806459 396 3 396 0 8776
2822 0.016028572979848832 397 2846 393 4 8878
2823 0.1066442480077967 397 3 397 0 8878
2824 0.01628069201251492 400 1774 397 3 8986
2825 0.07258243096293882 400 3 400 0 8986
2826 0.00958584703039378 399 396 399 0 8999
2827 0.028440954978577793 399 3 399 0 8999
2828 0.011623015976510942 400 503 399 1 9036
2829 0.04241944005480036 400 3 400 0 9037
2830 0.007949007966089994 399 396 399 0 9056
2831 0.02869828202528879 399 3 399 0 9056
2832 0.010233770008198917 396 421 395 1 8980
2833 0.04174787097144872 396 3 396 0 8980
2834 0.014652096026111394 399 870 395 4 9015
2835 0.04996111599029973 399 3 399 0 9015
2836 0.01418309099972248 400 634 399 1 9045
2837 0.04215681500500068 400 3 400 0 9045
2838 0.008120004960801452 393 390 393 0 8887
2839 0.028657791030127555 393 3 393 0 8887
2840 0.015971707995049655 398 1665 391 7 8973
2841 0.07227831397904083 398 3 398 0 8973
2842 0.014233427005819976 397 853 395 2 8964
2843 0.05112041701795533 397 3 397 0 8964
2844 0.010286849981639534 396 460 393 3 8894
2845 0.04198223300045356 396 3 396 0 8895
2846 0.014747689012438059 399 1641 395 4 8981
2847 0.06852664001053199 399 3 399 0 8981
2848 0.014273376960773021 397 626 396 1 8968
2849 0.042339058010838926 397 3 397 0 8968
2850 0.014395000005606562 397 1389 394 3 9021
2851 0.06854658899828792 397 3 397 0 9022
2852 0.014693088014610112 398 1219 395 3 9078
2853 0.06506513000931591 398 3 398 0 9078
2854 0.010349323973059654 398 431 396 2 9043
2855 0.041522953019011766 398 3 398 0 9043
2856 0.01047849701717496 398 451 396 2 9011
2857 0.04172462597489357 398 3 398 0 9011
2858 0.01033785700565204 395 456 393 2 8899
2859 0.041628641018178314 395 3 395 0 8899
2860 0.014852146967314184 400 2753 395 5 9078
2861 0.10653887898661196 400 3 400 0 9079
2862 0.00811790203442797 399 396 399 0 9010
2863 0.028488287003710866 399 3 399 0 9010
2864 0.010246147983707488 395 437 394 1 8908
2865 0.04118298302637413 395 3 395 0 8908
2866 0.014743862964678556 398 1499 393 5 8938
2867 0.06709636200685054 398 3 398 0 8938
2868 0.014721038984134793 397 524 395 2 8853
2869 0.04010585503419861 397 3 397 0 8853
2870 0.014496771967969835 397 1078 394 3 8873
2871 0.061041948036290705 396 2 396 0 8857
2872 0.01440932200057432 397 1278 393 4 8803
2873 0.06194275099551305 397 2 397 0 8803
2874 0.014518424984999001 399 1490 396 3 8882
2875 0.06837147701298818 399 2 399 0 8882
2876 0.014290782972238958 399 679 398 1 8890
2877 0.045907608000561595 399 2 399 0 8890
2878 0.010288141027558595 398 415 397 1 8891
2879 0.03964458196423948 398 2 398 0 8891
2880 0.014997114019934088 398 1167 396 2 8950
2881 0.062295311014167964 398 2 398 0 8950
2882 0.014447688998188823 394 759 392 2 8837
2883 0.04666946199722588 394 2 394 0 8838
2884 0.014668781019281596 398 2292 392 6 8959
2885 0.09652118396479636 398 2 398 0 8959
2886 0.01444891100982204 400 774 398 2 9012
2887 0.05038924899417907 400 2 400 0 9012
2888 0.008217350987251848 400 398 400 0 9032
2889 0.028929209045600146 400 2 400 0 9032
2890 0.008386334986425936 400 398 400 0 9056
2891 0.028577910969033837 400 2 400 0 9056
2892 0.008291263016872108 396 394 396 0 9003
2893 0.0287814469775185 396 2 396 0 9004
2894 0.01478986203437671 397 1087 393 4 9006
2895 0.06142427300801501 397 2 397 0 9006
2896 0.014441508974414319 393 1128 390 3 8833
2897 0.060045582009479403 393 2 393 0 8833
2898 0.014693738019559532 400 2304 393 7 8974
2899 0.0963004229706712 400 2 400 0 8974
2900 0.008103270025458187 397 395 397 0 8859
2901 0.02868178696371615 397 2 397 0 8859
2902 0.01507429004414007 400 730 397 3 8911
2903 0.046049751981627196 400 2 400 0 8911
2904 0.008050861011724919 398 396 398 0 8879
2905 0.028317199961747974 398 2 398 0 8879
2906 0.01546377403428778 399 568 397 2 8871
2907 0.04017710196785629 399 2 399 0 8871
2908 0.01547562301857397 399 1194 398 1 8917
2909 0.06339188700076193 398 1 398 0 8901
2910 0.015478608023840934 398 1046 396 2 8927
2911 0.05851996998535469 398 1 398 0 8927
2912 0.014498234959319234 396 960 394 2 8891
2913 0.05534722504671663 396 1 396 0 8891
2914 0.01538877299753949 395 2093 391 4 8883
2915 0.0910601019859314 395 1 395 0 8884
2916 0.0163205920252949 398 1236 393 5 8910
2917 0.06250390299828723 398 1 398 0 8910
2918 0.01038940396392718 398 490 396 2 8912
2919 0.041648201004136354 398 1 398 0 8912
2920 0.010402993997558951 397 428 395 2 8860
2921 0.041239157028030604 397 1 397 0 8860
2922 0.015430875995662063 400 2208 397 3 8999
2923 0.09702535095857456 400 1 400 0 8999
2924 0.008265744021628052 396 395 396 0 8956
2925 0.028551340976264328 396 1 396 0 8956
2926 0.01530670904321596 398 2188 394 4 9048
2927 0.09613640600582585 398 1 398 0 9048
2928 0.016442394990008324 397 1921 395 2 9089
2929 0.08355522097554058 397 1 397 0 9089
2930 0.012158680998254567 398 465 395 3 9069
2931 0.04167402000166476 398 1 398 0 9069
2932 0.014995641016867012 399 796 397 2 9077
2933 0.05071271501947194 399 1 399 0 9077
2934 0.014724253967870027 394 969 393 1 8931
2935 0.05677713401382789 394 1 394 0 8931
2936 0.014886046992614865 397 1733 391 6 9009
2937 0.07202925998717546 397 1 397 0 9009
2938 0.014867849997244775 400 786 397 3 9061
2939 0.05022193799959496 400 1 400 0 9061
2940 0.008698994002770633 397 396 397 0 8997
2941 0.028459163033403456 397 1 397 0 8997
2942 0.016137296974193305 398 1324 395 3 9033
2943 0.06855185702443123 398 1 398 0 9033
2944 0.01573883800301701 398 625 396 2 9005
2945 0.040249609970487654 398 1 398 0 9005
2946 0.015627010026946664 398 1136 396 2 9029
2947 0.06049887300468981 398 1 398 0 9030
2948 0.018637230969034135 397 851 395 2 8960
2949 0.04679348901845515 397 1 397 0 8960
2950 0.016284757992252707 397 1306 394 3 8976
2951 0.06718864000868052 397 1 397 0 8976
2952 0.01626761199440807 396 1485 393 3 8966
2953 0.06886796199250966 396 1 396 0 8966
2954 0.018559343996457756 398 1411 394 4 8983
2955 0.0641458600293845 398 1 398 0 8983
2956 0.016188673966098577 398 904 396 2 9017
2957 0.0544005130068399 398 1 398 0 9017
2958 0.014650073018856347 397 579 395 2 8986
2959 0.04098197998246178 397 1 397 0 8986
2960 0.014718005026225 399 1545 396 3 9036
2961 0.06908530899090692 399 1 399 0 9036
2962 0.014923873997759074 397 632 396 1 8996
2963 0.04218153201509267 397 1 397 0 8996
2964 0.015810796001460403 398 1098 395 3 8968
2965 0.06103437696583569 398 1 398 0 8968
2966 0.015594010008499026 400 1227 398 2 9051
2967 0.06187944702105597 400 1 400 0 9051
2968 0.008236288966145366 397 396 397 0 9000
2969 0.028598192031495273 397 1 397 0 9000
2970 0.016301652998663485 398 1817 395 3 9062
2971 0.07988006097730249 398 1 398 0 9062
2972 0.015549283009022474 397 544 395 2 9026
2973 0.04058491496834904 397 1 397 0 9026
2974 0.01587424101307988 396 1299 393 3 9013
2975 0.06690762803191319 396 1 396 0 9013
2976 0.014721218962222338 397 1574 393 4 9022
2977 0.06911924999440089 397 1 397 0 9022
2978 0.01460357301402837 399 1360 396 3 9092
2979 0.06828376499470323 399 1 399 0 9093
2980 0.010539769020397216 397 440 396 1 9029
2981 0.04145424999296665 397 1 397 0 9029
2982 0.015001309977378696 399 1066 396 3 9068
2983 0.06187880504876375 399 1 399 0 9068
2984 0.010238997987471521 398 415 397 1 8986
2985 0.04030916001647711 398 1 398 0 8986
2986 0.014803422964178026 397 1319 395 2 9011
2987 0.06770408398006111 397 1 397 0 9011
2988 0.014781170000787824 397 1009 394 3 8941
2989 0.05676773900631815 397 1 397 0 8941
2990 0.01521609304472804 399 1311 396 3 9015
2991 0.06707132398150861 399 1 399 0 9015
2992 0.016060661000665277 398 1108 397 1 8967
2993 0.062012335984036326 398 1 398 0 8967
2994 0.012041264038998634 400 438 398 2 8992
2995 0.04097541095688939 400 1 400 0 8992
2996 0.009828161040786654 400 399 400 0 9009
2997 0.028241294960025698 400 1 400 0 9009
2998 0.00992768001742661 398 397 398 0 9010
2999 0.02846864698221907 398 1 398 0 9010
3000 0.015857124992180616 399 702 397 2 9035
3001 0.045305595034733415 399 1 399 0 9035
3002 0.014570722996722907 398 1021 397 1 9069
3003 0.056331473984755576 398 1 398 0 9069
3004 0.012181614991277456 398 494 396 2 9071
3005 0.04207946901442483 398 1 398 0 9071
3006 0.010558206995483488 396 501 394 2 8974
3007 0.042327661998569965 396 1 396 0 8974
3008 0.015517244988586754 397 831 393 4 8958
3009 0.05009366502054036 397 1 397 0 8958
3010 0.014150201983284205 396 1455 393 3 8923
3011 0.06930819404078647 396 1 396 0 8924
3012 0.014594348962418735 398 1155 394 4 8971
3013 0.0614498209906742 398 1 398 0 8971
3014 0.014427757996600121 395 1097 393 2 8919
3015 0.06240929203340784 395 1 395 0 8919
3016 0.014638476015534252 398 1216 393 5 8940
3017 0.0638007009983994 398 1 398 0 8940
3018 0.010228381957858801 399 446 397 2 8935
3019 0.04156246199272573 399 1 399 0 8935
3020 0.010344667010940611 400 409 399 1 8964
3021 0.03996786702191457 400 1 400 0 8964
3022 0.008408929978031665 399 398 399 0 8946
3023 0.02849145099753514 399 1 399 0 8946
3024 0.014656632032711059 396 1044 395 1 8942
3025 0.06169869500445202 396 1 396 0 8942
3026 0.014879977970849723 398 1414 394 4 8985
3027 0.06739377800840884 398 1 398 0 8985
3028 0.01442093902733177 397 972 395 2 8966
3029 0.05634402297437191 397 1 397 0 8966
3030 0.014478805009275675 394 1333 391 3 8918
3031 0.0679543599835597 394 1 394 0 8918
3032 0.014645004994235933 398 2903 392 6 9069
3033 0.10839600901817903 398 1 398 0 9069
3034 0.014504334016237408 398 789 396 2 9037
3035 0.051284082990605384 398 1 398 0 9037
3036 0.014424413966480643 397 1625 395 2 9022
3037 0.07025414402596653 397 1 397 0 9022
3038 0.014506806968711317 400 515 397 3 9059
3039 0.041179107036441565 400 1 400 0 9059
3040 0.008192553999833763 397 396 397 0 9037
3041 0.029065362992696464 397 1 397 0 9037
3042 0.015875443001277745 397 742 394 3 9013
3043 0.04590141901280731 397 1 397 0 9014
3044 0.01465254696086049 397 1461 394 3 9005
3045 0.06745765404775739 397 1 397 0 9005
3046 0.014692545984871686 399 1148 396 3 9063
3047 0.060638341994490474 399 1 399 0 9063
3048 0.010264015989378095 398 435 397 1 9017
3049 0.041402100992854685 398 1 398 0 9017
3050 0.014804815989919007 395 624 393 2 8950
3051 0.04182618804043159 395 1 395 0 8950
3052 0.014848700957372785 400 1312 395 5 9039
3053 0.06814139103516936 400 1 400 0 9039
3054 0.00834060600027442 399 398 399 0 9021
3055 0.028648677980527282 399 1 399 0 9021
3056 0.010364596033468843 398 420 397 1 8936
3057 0.041491334966849536 398 1 398 0 8936
3058 0.01436679798644036 397 557 395 2 8895
3059 0.041145925992168486 397 1 397 0 8895
3060 0.014435651013627648 397 1308 394 3 8915
3061 0.06773802504176274 397 1 397 0 8915
3062 0.014589251950383186 398 931 395 3 8898
3063 0.05427397304447368 398 1 398 0 8898
3064 0.014451193972490728 397 802 395 2 8875
3065 0.05070469301426783 397 1 397 0 8875
3066 0.01565605401992798 397 732 394 3 8814
3067 0.045700186979956925 397 1 397 0 8814
3068 0.015099707990884781 396 1194 393 3 8765
3069 0.06421681598294526 396 1 396 0 8765
3070 0.016044727992266417 399 1180 395 4 8806
3071 0.05927210004301742 399 1 399 0 8806
3072 0.010028851975221187 397 409 396 1 8677
3073 0.03896349901333451 397 1 397 0 8677
3074 0.014982351975049824 397 1219 394 3 8674
3075 0.06210774899227545 397 1 397 0 8675
3076 0.014640538021922112 398 1345 395 3 8721
3077 0.06730982201406732 398 1 398 0 8721
3078 0.017514003964606673 398 1271 396 2 8762
3079 0.06404609105084091 398 1 398 0 8762
3080 0.009769041964318603 396 427 394 2 8729
3081 0.041057132999412715 396 1 396 0 8729
3082 0.01318618399091065 399 1564 395 4 8818
3083 0.0702024869970046 399 1 399 0 8818
3084 0.013581808016169816 399 413 398 1 8846
3085 0.039701417030300945 399 1 399 0 8846
3086 0.01556018996052444 400 640 399 1 8892
3087 0.041288721025921404 400 1 400 0 8892
3088 0.008612293982878327 398 397 398 0 8893
3089 0.02861469698837027 398 1 398 0 8893
3090 0.015573039010632783 397 1182 395 2 8819
3091 0.0618655449943617 397 1 397 0 8819
3092 0.014744925021659583 398 1284 395 3 8864
3093 0.06845471198903397 398 1 398 0 8864
3094 0.010506007994990796 397 436 395 2 8816
3095 0.04143919801572338 397 1 397 0 8816
3096 0.018070338992401958 395 796 392 3 8779
3097 0.04877746902639046 395 1 395 0 8779
3098 0.01575750595657155 397 1463 392 5 8763
3099 0.06646349100628868 397 1 397 0 8763
3100 0.01696496899239719 398 1278 395 3 8774
3101 0.06345615402096882 398 1 398 0 8774
3102 0.01635672600241378 397 872 395 2 8727
3103 0.04943869198905304 397 1 397 0 8727
3104 0.014424433989915997 395 844 392 3 8676
3105 0.05040998000185937 395 1 395 0 8676
3106 0.01444437401369214 397 886 392 5 8654
3107 0.05070317001082003 397 1 397 0 8655
3108 0.01445540098939091 396 1029 393 3 8618
3109 0.059737268020398915 396 1 396 0 8618
3110 0.014581230003386736 398 677 394 4 8584
3111 0.0448163389810361 398 1 398 0 8584
3112 0.010243484983220696 399 451 397 2 8597
3113 0.04075729299802333 399 1 399 0 8597
3114 0.010205748025327921 398 405 397 1 8572
3115 0.03892162599368021 398 1 398 0 8572
3116 0.01466173998778686 399 758 397 2 8599
3117 0.046038825006689876 399 1 399 0 8599
3118 0.014285235025454313 397 985 396 1 8633
3119 0.05542107595829293 397 1 397 0 8633
3120 0.014363121998030692 396 978 393 3 8607
3121 0.055149669002275914 396 1 396 0 8607
3122 0.014508199994452298 399 991 395 4 8642
3123 0.0543949450366199 399 1 399 0 8642
3124 0.014449620968662202 399 1170 398 1 8692
3125 0.062390904990024865 399 1 399 0 8692
3126 0.010131596005521715 398 416 397 1 8662
3127 0.039392263046465814 398 1 398 0 8662
3128 0.010409033973701298 397 480 395 2 8585
3129 0.040886686998419464 397 1 397 0 8585
3130 0.014924655028153211 400 1402 397 3 8676
3131 0.0679638939909637 400 1 400 0 8676
3132 0.007972393999807537 397 396 397 0 8599
3133 0.028326803992968053 397 1 397 0 8599
3134 0.015396834001876414 397 1044 394 3 8596
3135 0.05982734396820888 397 1 397 0 8596
3136 0.014475901029072702 397 903 394 3 8647
3137 0.054842236975673586 397 1 397 0 8647
3138 0.010822935029864311 398 496 395 3 8605
3139 0.040917364007327706 398 1 398 0 8606
3140 0.014720848994329572 398 805 396 2 8605
3141 0.050223990983795375 398 1 398 0 8605
3142 0.014360007015056908 399 1164 397 2 8637
3143 0.06192661699606106 399 1 399 0 8637
3144 0.010192647983785719 398 412 397 1 8630
3145 0.039543370017781854 398 1 398 0 8630
3146 0.014525255013722926 398 985 396 2 8661
3147 0.054783498984761536 398 1 398 0 8661
3148 0.010187660984229296 398 469 396 2 8682
3149 0.041087799007073045 398 1 398 0 8682
3150 0.01457543100696057 398 1225 396 2 8713
3151 0.06430990598164499 398 1 398 0 8713
3152 0.010172047012019902 400 502 398 2 8744
3153 0.04189685499295592 400 1 400 0 8744
3154 0.008655458979774266 398 397 398 0 8718
3155 0.02823335403809324 398 1 398 0 8718
3156 0.015947411011438817 400 520 398 2 8747
3157 0.04000501299742609 400 1 400 0 8747
3158 0.007959313981700689 396 395 396 0 8695
3159 0.028535356977954507 396 1 396 0 8695
3160 0.01467004301957786 400 1043 396 4 8767
3161 0.06045477598672733 400 1 400 0 8767
3162 0.008118363039102405 397 396 397 0 8696
3163 0.02826436999021098 397 1 397 0 8696
3164 0.014536351955030113 398 1169 395 3 8711
3165 0.061901850043796 398 1 398 0 8711
3166 0.010073388984892517 399 444 397 2 8667
3167 0.04069237597286701 399 1 399 0 8667
3168 0.014434208045713603 399 672 398 1 8710
3169 0.04550169798312709 399 1 399 0 8710
3170 0.014173206989653409 398 556 397 1 8702
3171 0.04075593099696562 398 1 398 0 8703
3172 0.014372195990290493 398 741 396 2 8702
3173 0.045938244031276554 398 1 398 0 8702
3174 0.014585685974452645 397 626 395 2 8633
3175 0.04047910502413288 397 1 397 0 8633
3176 0.014885415963362902 398 1799 395 3 8695
3177 0.08102797600440681 398 1 398 0 8695
3178 0.014286446035839617 398 1022 396 2 8713
3179 0.056737133010756224 398 1 398 0 8713
3180 0.0148777449503541 398 600 396 2 8651
3181 0.04038850904908031 398 1 398 0 8651
3182 0.01429847499821335 400 654 398 2 8691
3183 0.04474549199221656 400 1 400 0 8691
3184 0.008093154989182949 397 396 397 0 8682
3185 0.02824415999930352 397 1 397 0 8682
3186 0.016160431026946753 396 887 393 3 8644
3187 0.04957915295381099 396 1 396 0 8644
3188 0.014135880046524107 399 1379 395 4 8700
3189 0.06908288499107584 399 1 399 0 8700
3190 0.014227247971575707 396 795 395 1 8577
3191 0.04982006398495287 396 1 396 0 8577
3192 0.014446748013142496 397 959 393 4 8555
3193 0.05464750400278717 397 1 397 0 8555
3194 0.014472506009042263 398 995 395 3 8563
3195 0.05434742401121184 398 1 398 0 8563
3196 0.01079656498041004 399 468 397 2 8560
3197 0.040692306007258594 399 1 399 0 8560
3198 0.015620350022800267 398 532 397 1 8551
3199 0.040005974005907774 398 1 398 0 8551
3200 0.014309270947705954 399 560 397 2 8570
3201 0.041754671023227274 398 0 398 0 8545
3202 0.015682163008023053 398 707 396 2 8563
3203 0.04541199398227036 398 0 398 0 8563
3204 0.015363193990197033 397 515 395 2 8543
3205 0.04013119201408699 397 0 397 0 8543
3206 0.01601448201108724 396 792 393 3 8465
3207 0.04961792100220919 396 0 396 0 8465
3208 0.016308463003952056 399 1565 395 4 8532
3209 0.06571294396417215 400 11 399 1 8533
3210 0.009092496009543538 397 396 397 0 8513
3211 0.028096658003050834 397 1 397 0 8513
3212 0.016775445023085922 399 1357 396 3 8581
3213 0.06748583598528057 399 1 399 0 8581
3214 0.011795405996963382 397 485 396 1 8504
3215 0.0408675079816021 397 1 397 0 8504
3216 0.016720653045922518 400 632 397 3 8546
3217 0.039929098973516375 400 1 400 0 8546
3218 0.009383383032400161 400 399 400 0 8562
3219 0.027814804983790964 400 1 400 0 8562
3220 0.009253877971787006 397 396 397 0 8496
3221 0.02795275201788172 397 1 397 0 8497
3222 0.016768203990068287 398 1255 395 3 8521
3223 0.061741559009533376 398 1 398 0 8521
3224 0.017088174005039036 396 746 394 2 8487
3225 0.04515032097697258 396 1 396 0 8487
3226 0.016092789999675006 397 2409 393 4 8612
3227 0.09971673303516582 397 1 397 0 8612
3228 0.01566165196709335 399 805 396 3 8630
3229 0.049580485036130995 399 1 399 0 8630
3230 0.011830176983494312 399 415 398 1 8645
3231 0.03864626301219687 399 1 399 0 8645
3232 0.012622557987924665 400 455 399 1 8681
3233 0.040210121020209044 400 1 400 0 8681
3234 0.00867856398690492 397 396 397 0 8597
3235 0.028231570962816477 397 1 397 0 8597
3236 0.014991405012551695 398 1360 395 3 8620
3237 0.06786441500298679 398 1 398 0 8620
3238 0.014540657983161509 396 827 394 2 8607
3239 0.049541616055648774 396 1 396 0 8607
3240 0.01574549899669364 400 1592 396 4 8711
3241 0.06722026696661487 400 1 400 0 8711
3242 0.008783300989307463 397 396 397 0 8657
3243 0.028290920017752796 397 1 397 0 8657
3244 0.014950343989767134 400 947 397 3 8725
3245 0.054289677005726844 400 1 400 0 8725
3246 0.008825385011732578 400 399 400 0 8748
3247 0.027870307967532426 400 1 400 0 8748
3248 0.008553837018553168 400 399 400 0 8775
3249 0.027865611016750336 400 1 400 0 8775
3250 0.008363380969967693 397 396 397 0 8719
3251 0.02824519103160128 397 1 397 0 8719
3252 0.015177965979091823 397 1320 394 3 8721
3253 0.06615031999535859 397 1 397 0 8722
3254 0.014739817997906357 395 1670 392 3 8626
3255 0.07246942102210596 395 1 395 0 8626
3256 0.014829482010100037 399 1347 394 5 8693
3257 0.06700815900694579 399 1 399 0 8693
3258 0.010443965962622315 399 415 398 1 8692
3259 0.03946914803236723 399 1 399 0 8692
3260 0.014945105998776853 398 716 397 1 8668
3261 0.04540007596369833 398 1 398 0 8668
3262 0.014587940007913858 400 946 398 2 8727
3263 0.05540582298999652 400 1 400 0 8727
3264 0.008278253022581339 399 398 399 0 8728
3265 0.028423990006558597 399 1 399 0 8728
3266 0.010888172022532672 400 410 399 1 8744
3267 0.03935733099933714 400 1 400 0 8744
3268 0.00822625495493412 397 396 397 0 8691
3269 0.02846951800165698 397 1 397 0 8691
3270 0.01548611803445965 399 1207 396 3 8738
3271 0.06247442995663732 399 1 399 0 8738
3272 0.01395262504229322 394 574 393 1 8566
3273 0.04073075397172943 394 1 394 0 8566
3274 0.01621722598792985 397 2076 391 6 8632
3275 0.09236003505066037 397 1 397 0 8632
3276 0.014643281989265233 398 1232 395 3 8660
3277 0.06413616600912064 398 1 398 0 8660
3278 0.01097082596970722 399 443 397 2 8656
3279 0.04030120902461931 399 1 399 0 8656
3280 0.014335880987346172 398 721 397 1 8662
3281 0.04558108700439334 398 1 398 0 8662
3282 0.014514468959532678 399 617 397 2 8624
3283 0.040682802035007626 399 1 399 0 8624
3284 0.010167008964344859 398 428 397 1 8606
3285 0.04088781902100891 398 1 398 0 8607
3286 0.0145153509802185 399 879 397 2 8642
3287 0.04963572701672092 399 1 399 0 8642
3288 0.01034607901237905 398 412 397 1 8596
3289 0.039065080985892564 398 1 398 0 8596
3290 0.015119277988560498 400 900 398 2 8655
3291 0.054181765008252114 400 1 400 0 8655
3292 0.008241698029451072 398 397 398 0 8620
3293 0.028204128961078823 398 1 398 0 8620
3294 0.015621843049302697 395 929 393 2 8560
3295 0.053761723975185305 395 1 395 0 8560
3296 0.014753538009244949 398 2267 393 5 8636
3297 0.09576182399177924 398 1 398 0 8636
3298 0.014598515001125634 399 996 397 2 8679
3299 0.054091720026917756 399 1 399 0 8679
3300 0.014353426988236606 397 1371 396 1 8719
3301 0.06975738797336817 397 1 397 0 8719
3302 0.014759176992811263 397 674 394 3 8648
3303 0.04456454102182761 397 1 397 0 8648
3304 0.014343041984830052 397 1434 394 3 8678
3305 0.06755830498877913 397 1 397 0 8678
3306 0.014579456998035312 399 612 396 3 8699
3307 0.04087327601155266 399 1 399 0 8699
3308 0.010193480004090816 397 415 396 1 8647
3309 0.03915746998973191 397 1 397 0 8647
3310 0.015699198993388563 397 1340 394 3 8673
3311 0.06861725501948968 397 1 397 0 8673
3312 0.010598207998555154 397 478 394 3 8605
3313 0.04049199400469661 397 1 397 0 8605
3314 0.014528230007272214 397 752 394 3 8595
3315 0.045448237971868366 397 1 397 0 8595
3316 0.015311176015529782 399 588 396 3 8604
3317 0.04010769701562822 399 1 399 0 8605
3318 0.010143304010853171 396 414 395 1 8535
3319 0.038884570996742696 396 1 396 0 8535
3320 0.015162742987740785 400 1329 396 4 8623
3321 0.0676836229977198 400 1 400 0 8623
3322 0.007923740020487458 396 395 396 0 8452
3323 0.028361866949126124 396 1 396 0 8452
3324 0.015696905029471964 399 1152 395 4 8502
3325 0.0602162680006586 399 1 399 0 8502
3326 0.010101270978339016 397 503 396 1 8393
3327 0.041127569042146206 397 1 397 0 8393
3328 0.016314652981236577 398 1209 395 3 8415
3329 0.06071397598134354 398 1 398 0 8415
3330 0.013904353021644056 399 915 397 2 8444
3331 0.05377794802188873 399 1 399 0 8444
3332 0.01497550099156797 399 1173 398 1 8473
3333 0.06158671696903184 399 1 399 0 8473
3334 0.009982903022319078 399 430 398 1 8482
3335 0.04042623599525541 399 1 399 0 8482
3336 0.010515182977542281 400 427 399 1 8507
3337 0.04010554403066635 400 1 400 0 8507
3338 0.008099303988274187 395 394 395 0 8386
3339 0.028076377988327295 395 1 395 0 8386
3340 0.015041130012832582 400 1961 395 5 8517
3341 0.08405899698846042 400 1 400 0 8517
3342 0.008170821995008737 398 397 398 0 8506
3343 0.028124570031650364 398 1 398 0 8506
3344 0.01538117096060887 394 1063 392 2 8389
3345 0.05782665900187567 394 1 394 0 8389
3346 0.01423754304414615 395 1555 389 6 8344
3347 0.06767360895173624 395 1 395 0 8344
3348 0.014614298997912556 397 1747 392 5 8347
3349 0.07253645203309134 397 1 397 0 8348
3350 0.013964953017421067 397 1031 394 3 8361
3351 0.06096649495884776 397 1 397 0 8361
3352 0.014371404016856104 396 886 393 3 8307
3353 0.04964114597532898 396 1 396 0 8307
3354 0.014559477043803781 399 1109 395 4 8366
3355 0.05942857498303056 399 1 399 0 8366
3356 0.009889302018564194 398 412 397 1 8351
3357 0.038713674002792686 398 1 398 0 8351
3358 0.016382695001084358 394 801 392 2 8267
3359 0.04864455899223685 394 1 394 0 8267
3360 0.014808289997745305 394 1353 388 6 8245
3361 0.0654206050094217 394 1 394 0 8245
3362 0.01588335499400273 397 1296 391 6 8267
3363 0.06582108599832281 397 1 397 0 8267
3364 0.014542220975272357 399 1365 396 3 8306
3365 0.06480567099060863 399 1 399 0 8306
3366 0.015491025988012552 399 520 398 1 8325
3367 0.03932455100584775 399 1 399 0 8325
3368 0.017302907013799995 395 1169 394 1 8269
3369 0.060711592028383166 395 1 395 0 8269
3370 0.014423271990381181 400 1516 395 5 8359
3371 0.06674997101072222 400 1 400 0 8359
3372 0.007644461991731077 398 397 398 0 8327
3373 0.02838520100340247 398 1 398 0 8327
3374 0.015358556993305683 398 1411 396 2 8372
3375 0.06706277100602165 398 1 398 0 8372
3376 0.013861747982446104 399 898 397 2 8410
3377 0.05424163502175361 399 1 399 0 8410
3378 0.014006957004312426 397 641 396 1 8329
3379 0.04432935797376558 397 1 397 0 8329
3380 0.014642491994891316 396 927 393 3 8271
3381 0.05277973902411759 396 1 396 0 8272
3382 0.014298413996584713 395 1587 391 4 8230
3383 0.06821150699397549 395 1 395 0 8230
3384 0.014386295981239527 398 547 393 5 8205
3385 0.03988518402911723 398 1 398 0 8205
3386 0.01424288097769022 399 733 397 2 8235
3387 0.04488533298717812 399 1 399 0 8235
3388 0.010055031045340002 400 413 399 1 8267
3389 0.03847968199988827 400 1 400 0 8267
3390 0.007943089993204921 395 394 395 0 8131
3391 0.027694304008036852 395 1 395 0 8131
3392 0.01575162698281929 400 2621 395 5 8301
3393 0.10024731996236369 400 1 400 0 8301
3394 0.008133456052746624 398 397 398 0 8259
3395 0.027767863997723907 398 1 398 0 8259
3396 0.015259808977134526 397 545 395 2 8265
3397 0.039610099978744984 397 1 397 0 8265
3398 0.014039536006748676 398 1445 395 3 8234
3399 0.06627302500419319 398 1 398 0 8234
3400 0.014084733033087105 398 727 396 2 8250
3401 0.04510232899338007 398 1 398 0 8250
3402 0.014239826996345073 398 1455 396 2 8302
3403 0.06711155397351831 398 1 398 0 8302
3404 0.010063124005682766 399 509 397 2 8314
3405 0.04143527103587985 399 1 399 0 8314
3406 0.010040238965302706 395 476 394 1 8238
3407 0.040534068015404046 395 1 395 0 8238
3408 0.014634057995863259 399 1033 394 5 8301
3409 0.05969613802153617 399 1 399 0 8301
3410 0.010439848992973566 397 416 396 1 8257
3411 0.03837808995740488 397 1 397 0 8257
3412 0.015058145043440163 397 1107 394 3 8276
3413 0.0601205249549821 397 1 397 0 8277
3414 0.014011163031682372 399 696 396 3 8301
3415 0.04489124199608341 399 1 399 0 8301
3416 0.014003290969412774 399 671 398 1 8327
3417 0.04516809800406918 399 1 399 0 8327
3418 0.010288101038895547 397 450 396 1 8299
3419 0.04065562097821385 397 1 397 0 8299
3420 0.014254848996642977 399 1016 396 3 8338
3421 0.054174915014300495 399 1 399 0 8338
3422 0.010051926015876234 399 408 398 1 8315
3423 0.0386385009624064 399 1 399 0 8315
3424 0.010683045024052262 396 425 395 1 8236
3425 0.03977993497392163 396 1 396 0 8236
3426 0.014322140021249652 398 1565 394 4 8303
3427 0.06733592099044472 398 1 398 0 8303
3428 0.014897544984705746 397 606 395 2 8217
3429 0.03943829203490168 397 1 397 0 8217
3430 0.014119375962764025 397 1430 394 3 8269
3431 0.06839672400383279 397 1 397 0 8269
3432 0.014628820994403213 399 1509 396 3 8358
3433 0.06783695303602144 399 1 399 0 8358
3434 0.009959938994143158 398 423 397 1 8343
3435 0.04030413297004998 398 1 398 0 8343
3436 0.014434919052291662 396 972 394 2 8320
3437 0.05455623799934983 396 1 396 0 8320
3438 0.014077461964916438 398 2572 394 4 8433
3439 0.10213785001542419 398 1 398 0 8433
3440 0.01434909098315984 396 929 394 2 8339
3441 0.053815435036085546 396 1 396 0 8339
3442 0.014281608979217708 396 1603 392 4 8398
3443 0.06609541800571606 396 1 396 0 8398
3444 0.014272166008595377 396 1690 392 4 8397
3445 0.07267291698371992 396 1 396 0 8398
3446 0.014680497988592833 394 651 390 4 8252
3447 0.043638820003252476 394 1 394 0 8252
3448 0.01429066399578005 396 827 390 6 8214
3449 0.04933699802495539 395 0 395 0 8205
3450 0.014546056976541877 400 1035 395 5 8268
3451 0.058692580030765384 400 0 400 0 8268
3452 0.008013996004592627 397 397 397 0 8223
3453 0.0289548069704324 397 0 397 0 8223
3454 0.015353909984696656 396 949 393 3 8184
3455 0.05417028703959659 396 0 396 0 8184
3456 0.01453226595185697 399 919 395 4 8180
3457 0.05411789903882891 399 0 399 0 8180
3458 0.009754089987836778 398 492 397 1 8157
3459 0.04147172602824867 398 0 398 0 8157
3460 0.014661779976449907 398 1206 396 2 8200
3461 0.06152515398571268 398 0 398 0 8200
3462 0.011136877001263201 399 421 397 2 8217
3463 0.04067532002227381 399 0 399 0 8217
3464 0.01070860296022147 399 498 398 1 8231
3465 0.04103803401812911 399 0 399 0 8231
3466 0.010490775981452316 398 409 397 1 8221
3467 0.03891541704069823 398 0 398 0 8221
3468 0.01437233597971499 400 523 398 2 8263
3469 0.039979744993615896 400 0 400 0 8263
3470 0.008097240992356092 397 397 397 0 8241
3471 0.028823329019360244 397 0 397 0 8241
3472 0.011424087977502495 397 480 394 3 8195
3473 0.040550692996475846 397 0 397 0 8195
3474 0.01432847004616633 398 1741 395 3 8270
3475 0.07294117897981778 398 0 398 0 8270
3476 0.009862752980552614 394 420 392 2 8131
3477 0.0404178430326283 394 0 394 0 8131
3478 0.01555216801352799 398 2157 392 6 8230
3479 0.08860778895905241 399 26 398 1 8232
3480 0.009376372036058456 396 410 395 1 8100
3481 0.03766227496089414 396 1 396 0 8100
3482 0.014403683017008007 399 2077 395 4 8193
3483 0.08954736997839063 399 1 399 0 8193
3484 0.009890704997815192 398 430 397 1 8146
3485 0.039550210000015795 398 1 398 0 8146
3486 0.014568380021955818 398 1377 396 2 8225
3487 0.06621201301459223 398 1 398 0 8225
3488 0.011464127979706973 398 416 396 2 8233
3489 0.037794143019709736 398 1 398 0 8233
3490 0.013061436009593308 398 441 396 2 8223
3491 0.0395292189787142 398 1 398 0 8223
3492 0.010649113974068314 398 475 396 2 8199
3493 0.040018403029534966 398 1 398 0 8200
3494 0.010500349977519363 399 485 397 2 8226
3495 0.040442981000524014 399 1 399 0 8226
3496 0.013872435025405139 395 786 394 1 8088
3497 0.048616255982778966 395 1 395 0 8088
3498 0.014403172011952847 398 1462 393 5 8141
3499 0.06555103097343817 398 1 398 0 8141
3500 0.014388078998308629 395 1230 393 2 8083
3501 0.061506837024353445 395 1 395 0 8083
3502 0.014414097997359931 399 1271 394 5 8129
3503 0.061467026011087 399 1 399 0 8129
3504 0.014653588994406164 399 837 398 1 8177
3505 0.04908470902591944 399 1 399 0 8177
3506 0.014823202975094318 400 641 399 1 8213
3507 0.0436721210135147 400 1 400 0 8213
3508 0.007921246986370534 400 399 400 0 8233
3509 0.027908434974960983 400 1 400 0 8233
3510 0.00797439704183489 398 397 398 0 8195
3511 0.027694133983459324 398 1 398 0 8195
3512 0.014812476001679897 396 659 394 2 8168
3513 0.043927495018579066 396 1 396 0 8168
3514 0.014062219997867942 399 1383 395 4 8234
3515 0.06760620698332787 399 1 399 0 8234
3516 0.014029790996573865 399 626 398 1 8217
3517 0.04039852402638644 399 1 399 0 8217
3518 0.011327182000968605 399 428 398 1 8173
3519 0.03960435098269954 399 1 399 0 8173
3520 0.009940290008671582 399 452 398 1 8178
3521 0.03970542299794033 399 1 399 0 8178
3522 0.010405056993477046 398 486 397 1 8121
3523 0.040379506011959165 398 1 398 0 8121
3524 0.01418484398163855 396 941 394 2 8081
3525 0.053477837005630136 396 1 396 0 8082
3526 0.014145395020022988 398 562 394 4 8065
3527 0.038621815969236195 398 1 398 0 8065
3528 0.014139655977487564 399 1051 397 2 8106
3529 0.05970807501580566 399 1 399 0 8106
3530 0.009903954982291907 400 416 399 1 8129
3531 0.03800639102701098 400 1 400 0 8129
3532 0.007974206004291773 396 395 396 0 8057
3533 0.027449205983430147 396 1 396 0 8057
3534 0.014992367010563612 399 620 395 4 8060
3535 0.03863983298651874 399 1 399 0 8060
3536 0.009702642040792853 398 444 397 1 8075
3537 0.0396577519713901 398 1 398 0 8075
3538 0.010035963030532002 397 512 395 2 7985
3539 0.04012530395993963 397 1 397 0 7985
3540 0.014385093993041664 399 930 396 3 8008
3541 0.05309702601516619 399 1 399 0 8008
3542 0.013974949019029737 399 534 398 1 8023
3543 0.039297900977544487 399 1 399 0 8023
3544 0.013797743013128638 399 1170 398 1 8085
3545 0.06143010099185631 399 1 399 0 8085
3546 0.009712958009913564 398 415 397 1 8043
3547 0.037644477968569845 398 1 398 0 8043
3548 0.013960737036541104 396 570 394 2 7902
3549 0.03888723498675972 396 1 396 0 7902
3550 0.014289451006334275 400 1535 396 4 8000
3551 0.06637376599246636 400 1 400 0 8000
3552 0.0080586529802531 398 397 398 0 7977
3553 0.02754834503866732 398 1 398 0 7977
3554 0.014170693000778556 400 733 398 2 8016
3555 0.04388785397168249 400 1 400 0 8016
3556 0.007709639030508697 396 395 396 0 7957
3557 0.02735421300167218 396 1 396 0 7958
3558 0.015095671988092363 399 1281 395 4 8037
3559 0.06484794500283897 399 1 399 0 8037
3560 0.014035779982805252 400 937 399 1 8098
3561 0.05404826399171725 400 1 400 0 8098
3562 0.007902148994617164 399 398 399 0 8098
3563 0.027628123993054032 399 1 399 0 8098
3564 0.014271344000007957 399 641 398 1 8103
3565 0.04375025804620236 399 1 399 0 8103
3566 0.009849793976172805 397 412 396 1 8034
3567 0.03804728202521801 397 1 397 0 8034
3568 0.014260777970775962 399 635 396 3 8064
3569 0.03961449698545039 399 1 399 0 8064
3570 0.009737124026287347 397 446 396 1 7986
3571 0.03937605902319774 397 1 397 0 7986
3572 0.0144138079485856 400 778 397 3 8032
3573 0.04755827703047544 400 1 400 0 8032
3574 0.007962989970110357 400 399 400 0 8061
3575 0.02751107804942876 400 1 400 0 8061
3576 0.008020295994356275 399 398 399 0 8028
3577 0.028772552963346243 398 0 398 0 8023
3578 0.015013719035778195 399 952 397 2 8064
3579 0.05426062399055809 399 0 399 0 8064
3580 0.014416521007660776 398 1172 397 1 8096
3581 0.061893748003058136 398 0 398 0 8096
3582 0.01459715300006792 397 974 395 2 8103
3583 0.05442920699715614 397 0 397 0 8103
3584 0.014232735964469612 400 568 397 3 8140
3585 0.0397422980167903 400 0 400 0 8140
3586 0.008454448019620031 398 398 398 0 8085
3587 0.028518250968772918 398 0 398 0 8085
3588 0.015394381014630198 398 1435 396 2 8122
3589 0.06662371201673523 400 31 398 2 8124
3590 0.007927817001473159 400 398 400 0 8152
3591 0.027955164958257228 400 2 400 0 8153
3592 0.008136579999700189 400 398 400 0 8182
3593 0.0272451700293459 400 2 400 0 8183
3594 0.009212535980623215 400 398 400 0 8205
3595 0.027263014984782785 400 2 400 0 8205
3596 0.009498186002019793 400 398 400 0 8235
3597 0.02719342103227973 400 2 400 0 8235
3598 0.009100769006181508 399 397 399 0 8237
3599 0.027482384990435094 399 2 399 0 8237
3600 0.016440792998764664 398 715 397 1 8220
3601 0.044195296010002494 398 2 398 0 8220
3602 0.014702410961035639 398 948 396 2 8231
3603 0.05310207401635125 398 2 398 0 8231
3604 0.017209896992426366 397 652 395 2 8161
3605 0.04162152099888772 397 2 397 0 8161
3606 0.014096500992309302 396 1526 393 3 8158
3607 0.06581925402861089 396 2 396 0 8158
3608 0.016261963988654315 397 1190 393 4 8136
3609 0.06014731398317963 397 2 397 0 8136
3610 0.016276305017527193 398 2038 395 3 8232
3611 0.08513605600455776 398 2 398 0 8232
3612 0.016064686991740018 397 698 395 2 8197
3613 0.04431405500508845 397 2 397 0 8197
3614 0.01620662002824247 398 933 395 3 8220
3615 0.05335807800292969 398 2 398 0 8220
3616 0.01625139795942232 396 1412 394 2 8215
3617 0.06577942403964698 396 2 396 0 8215
3618 0.016412178985774517 398 917 394 4 8223
3619 0.05271528201410547 398 2 398 0 8223
3620 0.014858145965263247 398 861 396 2 8244
3621 0.04963276203488931 398 2 398 0 8244
3622 0.013926145969890058 399 708 397 2 8263
3623 0.04428213700884953 399 2 399 0 8264
3624 0.014081389002967626 397 667 396 1 8235
3625 0.04500399099197239 397 2 397 0 8236
3626 0.015732077008578926 398 1726 395 3 8287
3627 0.0725025010178797 398 2 398 0 8287
3628 0.013994728971738368 400 1279 398 2 8374
3629 0.06289144599577412 400 2 400 0 8374
3630 0.00786463200347498 394 392 394 0 8272
3631 0.028313313028775156 394 2 394 0 8272
3632 0.01461566099897027 395 2284 389 6 8329
3633 0.09563024598173797 395 2 395 0 8329
3634 0.01407651201589033 398 1366 393 5 8295
3635 0.06613113195635378 398 2 398 0 8295
3636 0.014809682033956051 399 931 397 2 8338
3637 0.05357225000625476 399 2 399 0 8338
3638 0.013851533003617078 396 1171 395 1 8328
3639 0.0617090699961409 396 2 396 0 8328
3640 0.014194868970662355 400 2387 396 4 8479
3641 0.10063040599925444 400 2 400 0 8479
3642 0.008483341021928936 398 396 398 0 8453
3643 0.027713402989320457 398 2 398 0 8453
3644 0.015832618984859437 397 931 395 2 8434
3645 0.05315929901553318 397 2 397 0 8434
3646 0.017348585999570787 399 770 396 3 8411
3647 0.04674569598864764 399 2 399 0 8411
3648 0.010421423008665442 397 419 396 1 8402
3649 0.04000918898964301 397 2 397 0 8402
3650 0.015030905022285879 396 1134 393 3 8355
3651 0.05933098797686398 396 2 396 0 8355
3652 0.018360536021646112 398 1018 394 4 8383
3653 0.05317118699895218 398 2 398 0 8383
3654 0.014789722976274788 396 532 394 2 8300
3655 0.03932482103118673 396 2 396 0 8301
3656 0.01633664598921314 399 2778 395 4 8432
3657 0.10598072101129219 399 2 399 0 8433
3658 0.010880962014198303 397 404 396 1 8414
3659 0.03849896095925942 397 2 397 0 8414
3660 0.015348632005043328 400 932 397 3 8480
3661 0.05407990200910717 400 2 400 0 8480
3662 0.009369442006573081 398 396 398 0 8425
3663 0.02815612801350653 398 2 398 0 8425
3664 0.017017097969073802 399 860 397 2 8471
3665 0.0493037790292874 399 2 399 0 8471
3666 0.011989646998699754 398 490 397 1 8459
3667 0.040998213982675225 398 2 398 0 8459
3668 0.01760941802058369 399 723 397 2 8452
3669 0.04419505596160889 399 2 399 0 8452
3670 0.015282653039321303 397 944 396 1 8481
3671 0.05494594300398603 397 2 397 0 8481
3672 0.016317105968482792 399 926 396 3 8514
3673 0.05402622203109786 399 2 399 0 8514
3674 0.01612838194705546 399 638 398 1 8530
3675 0.040413597016595304 399 2 399 0 8530
3676 0.011763107031583786 399 427 398 1 8538
3677 0.04013954498805106 399 2 399 0 8538
3678 0.017201314971316606 394 1167 393 1 8420
3679 0.06114886904833838 394 2 394 0 8420
3680 0.021729003987275064 398 2114 392 6 8511
3681 0.09073306096252054 399 413 398 1 8537
3682 0.014891175029333681 400 406 399 1 8556
3683 0.04090469499351457 400 3 400 0 8556
3684 0.009741150017362088 398 395 398 0 8543
3685 0.028023407969158143 398 3 398 0 8543
3686 0.01243173104012385 398 470 396 2 8527
3687 0.040482079959474504 398 3 398 0 8528
3688 0.016759751015342772 398 1081 396 2 8507
3689 0.058608262974303216 398 3 398 0 8508
3690 0.01642696204362437 397 1391 395 2 8547
3691 0.06860999396303669 397 3 397 0 8547
3692 0.015172558021731675 398 1039 395 3 8569
3693 0.06045505701331422 398 3 398 0 8570
3694 0.014064582996070385 398 679 396 2 8523
3695 0.045192665013018996 398 3 398 0 8523
3696 0.014276791946031153 395 1163 393 2 8458
3697 0.06015593704069033 395 3 395 0 8458
3698 0.014573247986845672 397 2227 392 5 8465
3699 0.09558108198689297 397 3 397 0 8465
3700 0.014627008000388741 397 1970 394 3 8517
3701 0.08439124602591619 397 3 397 0 8517
3702 0.0144251249730587 399 1142 396 3 8579
3703 0.06120084802387282 399 3 399 0 8579
3704 0.009965395962353796 399 406 398 1 8591
3705 0.03873696899972856 399 3 399 0 8591
3706 0.01567139703547582 399 719 398 1 8603
3707 0.0452709220116958 399 3 399 0 8603
3708 0.010158606979530305 399 483 398 1 8610
3709 0.04164207202848047 399 3 399 0 8610
3710 0.010155811964068562 396 414 395 1 8440
3711 0.039013434026855975 396 3 396 0 8440
3712 0.014603793970309198 397 580 393 4 8439
3713 0.03965917299501598 397 3 397 0 8439
3714 0.014752226998098195 400 732 397 3 8476
3715 0.04503040999406949 400 3 400 0 8476
3716 0.007981267001014203 399 396 399 0 8498
3717 0.02796358900377527 399 3 399 0 8498
3718 0.010169904038775712 398 403 397 1 8485
3719 0.03882216598140076 398 3 398 0 8486
3720 0.010712729999795556 395 420 393 2 8407
3721 0.03909112000837922 395 3 395 0 8408
3722 0.0149682909832336 399 1185 394 5 8468
3723 0.060993215010967106 399 3 399 0 8468
3724 0.009928050974849612 398 416 397 1 8440
3725 0.03901642799610272 398 3 398 0 8441
3726 0.016136245045345277 399 1210 397 2 8462
3727 0.061264221963938326 399 3 399 0 8462
3728 0.00993252801708877 397 495 396 1 8446
3729 0.04147378902416676 397 3 397 0 8446
3730 0.014352685946505517 400 2385 397 3 8592
3731 0.10106165305478498 400 3 400 0 8592
3732 0.008115478965919465 399 396 399 0 8602
3733 0.028126934019383043 399 3 399 0 8602
3734 0.01447958598146215 400 595 399 1 8646
3735 0.04137121501844376 400 3 400 0 8646
3736 0.00809916399884969 397 394 397 0 8609
3737 0.028403880016412586 397 3 397 0 8609
3738 0.016382674977649003 396 552 393 3 8548
3739 0.03879837098065764 396 3 396 0 8548
3740 0.013928949018009007 398 1160 394 4 8579
3741 0.060634916997514665 398 3 398 0 8579
3742 0.011337338015437126 399 469 397 2 8540
3743 0.03992860799189657 399 3 399 0 8540
3744 0.010849835991393775 399 412 398 1 8553
3745 0.03901071898872033 399 3 399 0 8553
3746 0.014417854021303356 399 1169 398 1 8567
3747 0.061973206989932805 399 3 399 0 8567
3748 0.009906788996886462 396 423 395 1 8494
3749 0.0410130670061335 396 3 396 0 8494
3750 0.014530082989949733 396 1025 392 4 8460
3751 0.05984835501294583 396 3 396 0 8461
3752 0.014883012976497412 400 1988 396 4 8589
3753 0.08386922301724553 400 3 400 0 8590
3754 0.008104651991743594 398 395 398 0 8588
3755 0.02840617299079895 398 3 398 0 8588
3756 0.014783382997848094 399 681 397 2 8625
3757 0.04485888301860541 399 3 399 0 8626
3758 0.010002773022279143 399 408 398 1 8621
3759 0.03925426595378667 399 3 399 0 8621
3760 0.015025426051579416 397 560 396 1 8552
3761 0.04013949498767033 397 3 397 0 8552
3762 0.015735642984509468 397 1416 394 3 8565
3763 0.0680736789945513 397 3 397 0 8565
3764 0.014350052981171757 400 1475 397 3 8652
3765 0.0679868989973329 400 3 400 0 8652
3766 0.008093475014902651 398 395 398 0 8630
3767 0.02825429500080645 398 3 398 0 8630
3768 0.014883614028804004 398 823 396 2 8645
3769 0.04989973298506811 398 3 398 0 8645
3770 0.013992596010211855 399 812 397 2 8668
3771 0.04989854199811816 399 3 399 0 8668
3772 0.010019687993917614 399 441 398 1 8650
3773 0.04103691299678758 399 3 399 0 8650
3774 0.0101319570094347 396 412 395 1 8619
3775 0.039140754961408675 396 3 396 0 8619
3776 0.014612497005145997 396 518 392 4 8550
3777 0.039659594011027366 396 3 396 0 8550
3778 0.014278986025601625 398 933 394 4 8575
3779 0.05379614495905116 398 3 398 0 8575
3780 0.014428210037294775 400 983 398 2 8645
3781 0.05521939299069345 400 3 400 0 8645
3782 0.008306536008603871 398 395 398 0 8630
3783 0.02809973299736157 398 3 398 0 8631
3784 0.010486098995897919 398 492 396 2 8531
3785 0.04047352698398754 398 3 398 0 8532
3786 0.010318597021978348 399 485 397 2 8475
3787 0.04072481399634853 399 3 399 0 8475
3788 0.009919497999362648 399 424 398 1 8480
3789 0.040356330981012434 399 3 399 0 8481
3790 0.01464540499728173 398 1189 397 1 8478
3791 0.06385787803446874 398 3 398 0 8478
3792 0.01475522096734494 399 1175 397 2 8535
3793 0.06117014103801921 399 3 399 0 8535
3794 0.009952346968930215 398 450 397 1 8500
3795 0.04095510998740792 398 3 398 0 8500
3796 0.014205384999513626 398 1158 396 2 8519
3797 0.06174961104989052 398 3 398 0 8519
3798 0.010341150977183133 399 425 397 2 8512
3799 0.0402563710231334 399 3 399 0 8512
3800 0.01447826495859772 400 1169 399 1 8586
3801 0.061953186988830566 400 3 400 0 8586
3802 0.008013946004211903 400 397 400 0 8604
3803 0.02816205599810928 400 3 400 0 8604
3804 0.008190381049644202 400 397 400 0 8633
3805 0.028003247978631407 400 3 400 0 8633
3806 0.00815454701660201 399 396 399 0 8637
3807 0.028604710998479277 399 3 399 0 8637
3808 0.014916182961314917 399 1165 398 1 8698
3809 0.06176889000926167 399 3 399 0 8698
3810 0.014888470992445946 396 705 395 1 8666
3811 0.044970521004870534 396 3 396 0 8666
3812 0.014473978022579104 398 1242 394 4 8733
3813 0.06181636097608134 398 3 398 0 8733
3814 0.01429434900637716 398 745 396 2 8711
3815 0.04639921599300578 398 3 398 0 8712
3816 0.014931374986190349 397 696 395 2 8664
3817 0.04539002099772915 397 3 397 0 8665
3818 0.011150237056426704 399 454 396 3 8686
3819 0.040954017953481525 399 3 399 0 8686
3820 0.010297656001057476 397 434 396 1 8648
3821 0.040886386996135116 397 3 397 0 8649
3822 0.014913128048647195 393 1572 390 3 8519
3823 0.06662654597312212 393 3 393 0 8519
3824 0.01832074497360736 398 2227 391 7 8629
3825 0.09108889603521675 398 3 398 0 8629
3826 0.01777571701677516 399 738 397 2 8622
3827 0.04283082694746554 399 3 399 0 8622
3828 0.011988395999651402 397 408 396 1 8585
3829 0.03829145903000608 397 3 397 0 8585
3830 0.013750982005149126 397 852 394 3 8549
3831 0.04959705000510439 397 3 397 0 8549
3832 0.013063309015706182 400 578 397 3 8589
3833 0.04056085797492415 400 3 400 0 8589
3834 0.007759924978017807 398 395 398 0 8568
3835 0.02812093502143398 398 3 398 0 8568
3836 0.009364072990138084 399 445 397 2 8585
3837 0.04087602102663368 399 3 399 0 8585
3838 0.018548118008766323 398 727 397 1 8566
3839 0.04536886897403747 398 3 398 0 8566
3840 0.01096298499032855 400 454 398 2 8598
3841 0.040859887027181685 399 2 399 0 8589
3842 0.010733009956311435 400 407 399 1 8607
3843 0.03904465102823451 400 2 400 0 8607
3844 0.009261909988708794 399 397 399 0 8614
3845 0.027703717991244048 399 2 399 0 8614
3846 0.01906467298977077 400 827 399 1 8667
3847 0.0463809390203096 400 2 400 0 8668
3848 0.008724333019927144 398 396 398 0 8650
3849 0.027744648978114128 398 2 398 0 8650
3850 0.016079650027677417 400 1649 398 2 8751
3851 0.0686590889818035 400 2 400 0 8751
3852 0.008799866016488522 395 393 395 0 8623
3853 0.027943919005338103 395 2 395 0 8624
3854 0.019180506991688162 394 415 392 2 8570
3855 0.03705231798812747 397 369 394 3 8594
3856 0.017880534986034036 400 1832 397 3 8714
3857 0.08406199200544506 400 5 400 0 8715
3858 0.008671953983139247 398 393 398 0 8691
3859 0.027999281999655068 398 5 398 0 8691
3860 0.01978074904764071 396 568 394 2 8632
3861 0.036566167953424156 396 5 396 0 8633
3862 0.015506058000028133 399 650 395 4 8677
3863 0.04467522801132873 399 5 399 0 8677
3864 0.013102388009428978 397 1164 396 1 8679
3865 0.062169521988835186 397 5 397 0 8679
3866 0.01320657500764355 400 768 397 3 8721
3867 0.04664562601828948 400 5 400 0 8721
3868 0.00781596900196746 398 393 398 0 8692
3869 0.028097889968194067 398 5 398 0 8692
3870 0.018556119001004845 400 757 398 2 8739
3871 0.045734308019746095 400 5 400 0 8739
3872 0.010360559972468764 399 394 399 0 8719
3873 0.02769641700433567 399 5 399 0 8719
3874 0.012300784990657121 396 415 395 1 8660
3875 0.03765721700619906 396 5 396 0 8660
3876 0.015872548043262213 399 1186 395 4 8731
3877 0.0618089409545064 399 5 399 0 8731
3878 0.013357440999243408 399 703 398 1 8770
3879 0.04551443801028654 399 5 399 0 8771
3880 0.015118976996745914 399 730 398 1 8807
3881 0.045333546004258096 399 5 399 0 8807
3882 0.015155522036366165 398 447 397 1 8811
3883 0.04066289099864662 398 5 398 0 8811
3884 0.014709551993291825 400 1024 398 2 8880
3885 0.05519668897613883 400 5 400 0 8881
3886 0.008734308008570224 399 394 399 0 8892
3887 0.028747646021656692 399 5 399 0 8893
3888 0.010890576988458633 399 414 398 1 8891
3889 0.0396112619782798 399 5 399 0 8892
3890 0.010962733998894691 400 413 399 1 8916
3891 0.0399045129888691 400 5 400 0 8916
3892 0.011167762044351548 399 394 399 0 8908
3893 0.028242186992429197 399 5 399 0 8909
3894 0.011639851960353553 398 407 397 1 8876
3895 0.03923494601622224 398 5 398 0 8876
3896 0.01849861303344369 398 847 396 2 8902
3897 0.04753306997008622 398 5 398 0 8902
3898 0.014675760990940034 397 692 395 2 8867
3899 0.04539110203040764 397 5 397 0 8867
3900 0.018398962973151356 399 1396 396 3 8925
3901 0.06443057802971452 399 5 399 0 8925
3902 0.015506498981267214 399 965 398 1 8962
3903 0.05475991399725899 399 5 399 0 8962
3904 0.010468281980138272 400 466 399 1 8995
3905 0.042413400020450354 400 5 400 0 8995
3906 0.008863923023454845 400 395 400 0 9014
3907 0.028061966004315764 400 5 400 0 9014
3908 0.008861487964168191 400 395 400 0 9038
3909 0.02814975898945704 400 5 400 0 9038
3910 0.008850472047924995 400 395 400 0 9061
3911 0.028037087991833687 400 5 400 0 9062
3912 0.008786407008301467 400 395 400 0 9092
3913 0.0282777399988845 400 5 400 0 9092
3914 0.008831724000629038 397 392 397 0 9051
3915 0.028300694946665317 397 5 397 0 9051
3916 0.01616373599972576 399 1159 396 3 9122
3917 0.060592203051783144 399 5 399 0 9123
3918 0.016229584987740964 397 648 396 1 9097
3919 0.04445800097892061 397 5 397 0 9098
3920 0.014792305999435484 396 1653 393 3 9093
3921 0.07012191601097584 396 5 396 0 9094
3922 0.018516279000323266 398 895 394 4 9093
3923 0.048022534989286214 398 5 398 0 9093
3924 0.010338125983253121 400 449 398 2 9121
3925 0.04229407099774107 400 5 400 0 9122
3926 0.008801209041848779 396 391 396 0 9080
3927 0.028192401980049908 396 5 396 0 9080
3928 0.023935889010317624 399 1246 395 4 9152
3929 0.06069140101317316 399 5 399 0 9152
3930 0.010736375988926739 399 464 398 1 9146
3931 0.042063825007062405 399 5 399 0 9146
3932 0.010499197989702225 399 506 398 1 9153
3933 0.042758379015140235 399 5 399 0 9153
3934 0.010385066969320178 396 453 395 1 9091
3935 0.04168250202201307 396 5 396 0 9091
3936 0.01485222700284794 395 778 391 4 9039
3937 0.049620334000792354 395 5 395 0 9039
3938 0.014560077979695052 398 1562 393 5 9078
3939 0.06831876700744033 398 5 398 0 9078
3940 0.014604585012421012 398 1183 396 2 9117
3941 0.06318314396776259 398 5 398 0 9117
3942 0.01459478901233524 394 544 392 2 9008
3943 0.041313779016491026 394 5 394 0 9009
3944 0.01476983301108703 398 1230 392 6 9081
3945 0.06350613897666335 398 5 398 0 9081
3946 0.014474679017439485 398 858 396 2 9062
3947 0.05090497399214655 398 5 398 0 9062
3948 0.014460677979514003 399 976 397 2 9112
3949 0.05647209502058104 399 5 399 0 9113
3950 0.010279588983394206 398 403 397 1 9094
3951 0.040057832025922835 398 5 398 0 9095
3952 0.01485001400578767 399 1186 397 2 9128
3953 0.06488066300516948 399 5 399 0 9129
3954 0.014435410965234041 395 699 394 1 9029
3955 0.046043151000048965 395 5 395 0 9029
3956 0.014651996025349945 399 1329 394 5 9012
3957 0.06730474397772923 399 5 399 0 9013
3958 0.014527189021464437 397 1197 396 1 9009
3959 0.0647750849602744 397 5 397 0 9009
3960 0.014527138031553477 399 1032 396 3 9025
3961 0.06081132200779393 399 5 399 0 9025
3962 0.014405185007490218 398 903 397 1 9041
3963 0.055516218999400735 398 5 398 0 9041
3964 0.014790623972658068 398 1534 396 2 9089
3965 0.06989908003015444 398 5 398 0 9089
3966 0.014452966977842152 396 975 394 2 9034
3967 0.056017071998212487 396 5 396 0 9034
3968 0.014660938992165029 400 1137 396 4 9111
3969 0.06219471001531929 400 5 400 0 9111
3970 0.008271491969935596 398 393 398 0 9069
3971 0.02877412602538243 398 5 398 0 9069
3972 0.014804614998865873 399 607 397 2 9102
3973 0.04129981796722859 399 5 399 0 9102
3974 0.010216324008069932 397 431 396 1 9043
3975 0.04172982304589823 397 5 397 0 9044
3976 0.014747829991392791 397 2050 394 3 9121
3977 0.09244688495527953 397 5 397 0 9121
3978 0.015014510019682348 398 1380 395 3 9145
3979 0.06932593003148213 397 4 397 0 9139
3980 0.014674378966446966 399 1788 396 3 9235
3981 0.07549736899090931 399 4 399 0 9236
3982 0.010576274013146758 399 410 398 1 9249
3983 0.040346416004467756 399 4 399 0 9249
3984 0.010421341983601451 396 412 395 1 9198
3985 0.04020438203588128 396 4 396 0 9199
3986 0.01514704996952787 399 1449 395 4 9231
3987 0.07052611198741943 399 4 399 0 9231
3988 0.014675831014756113 398 820 397 1 9207
3989 0.05122458399273455 398 4 398 0 9208
3990 0.014561851043254137 400 793 398 2 9258
3991 0.05156758800148964 400 4 400 0 9258
3992 0.00887810398126021 395 391 395 0 9163
3993 0.02911688096355647 395 4 395 0 9163
3994 0.015152878011576831 397 539 392 5 9117
3995 0.041104965028353035 397 4 397 0 9117
3996 0.01435277599375695 398 557 395 3 9103
3997 0.04156851099105552 398 4 398 0 9103
3998 0.01492816099198535 398 1067 396 2 9144
3999 0.0614873570157215 398 4 398 0 9144
4000 0.01040641899453476 399 457 397 2 9140
4001 0.042326679977122694 399 4 399 0 9140
4002 0.015819109044969082 400 855 399 1 9188
4003 0.05056113697355613 400 4 400 0 9188
4004 0.008167707012034953 398 394 398 0 9173
4005 0.029098983970470726 398 4 398 0 9173
4006 0.010740982019342482 397 501 395 2 9100
4007 0.04231969901593402 397 4 397 0 9101
4008 0.01584386598551646 397 1007 394 3 9071
4009 0.055047715024556965 397 4 397 0 9071
4010 0.010276574990712106 397 439 394 3 9041
4011 0.041741119988728315 397 4 397 0 9041
4012 0.014893107989337295 398 844 395 3 9039
4013 0.050778724020347 398 4 398 0 9040
4014 0.014588680991437286 400 650 398 2 9078
4015 0.045434626983478665 400 4 400 0 9078
4016 0.00827338598901406 399 395 399 0 9064
4017 0.029072172997985035 399 4 399 0 9065
4018 0.01170730305602774 399 422 398 1 9063
4019 0.04128933296306059 399 4 399 0 9063
4020 0.010409964015707374 398 409 397 1 9075
4021 0.03998091700486839 398 4 398 0 9076
4022 0.017008213966619223 398 1720 396 2 9146
4023 0.07326749002095312 398 4 398 0 9146
4024 0.010149883979465812 398 438 396 2 9150
4025 0.04194105102214962 398 4 398 0 9150
4026 0.014810013002716005 399 954 397 2 9195
4027 0.05590182798914611 399 4 399 0 9195
4028 0.010330496006645262 399 490 398 1 9198
4029 0.04280003102030605 399 4 399 0 9198
4030 0.01029454095987603 399 403 398 1 9208
4031 0.040208008023910224 399 4 399 0 9208
4032 0.01041066600009799 397 407 396 1 9113
4033 0.04045860399492085 397 4 397 0 9113
4034 0.014691584976390004 399 735 396 3 9132
4035 0.04625840502558276 399 4 399 0 9132
4036 0.014991956995800138 400 1170 399 1 9210
4037 0.0629527679993771 400 4 400 0 9210
4038 0.008504122029989958 399 395 399 0 9207
4039 0.028896388947032392 399 4 399 0 9208
4040 0.01063007500488311 399 406 398 1 9209
4041 0.040330813033506274 399 4 399 0 9209
4042 0.010774452006444335 397 468 396 1 9195
4043 0.04241957899648696 397 4 397 0 9195
4044 0.015052687958814204 400 1096 397 3 9266
4045 0.062744235037826 400 4 400 0 9267
4046 0.008381357998587191 397 393 397 0 9211
4047 0.02872220700373873 397 4 397 0 9211
4048 0.015265477006323636 400 877 397 3 9260
4049 0.050671714008785784 400 4 400 0 9261
4050 0.008348828996531665 399 395 399 0 9257
4051 0.029086144000757486 399 4 399 0 9257
4052 0.01264576194807887 396 403 395 1 9186
4053 0.03874885704135522 396 4 396 0 9187
4054 0.017111699969973415 397 1485 393 4 9146
4055 0.06742692802799866 397 4 397 0 9146
4056 0.014052484999410808 398 761 395 3 9163
4057 0.04655776498839259 398 4 398 0 9163
4058 0.014943893998861313 397 1208 395 2 9106
4059 0.06505270098568872 397 4 397 0 9106
4060 0.018283380020875484 397 1198 394 3 9115
4061 0.0616974129807204 397 4 397 0 9115
4062 0.014816812996286899 393 1202 390 3 9039
4063 0.06266832101391628 393 4 393 0 9039
4064 0.014924345014151186 396 2698 389 7 9144
4065 0.1052355719730258 396 4 396 0 9144
4066 0.01485271699493751 399 1758 395 4 9246
4067 0.0748656100477092 399 4 399 0 9246
4068 0.011467252974398434 396 421 395 1 9162
4069 0.04127216601045802 396 4 396 0 9162
4070 0.017401043965946883 399 889 395 4 9185
4071 0.048432250041514635 399 4 399 0 9186
4072 0.011338809970766306 397 409 396 1 9145
4073 0.03934137703618035 397 4 397 0 9145
4074 0.016317155968863517 400 727 397 3 9201
4075 0.045874999021179974 399 3 399 0 9184
4076 0.010214039997663349 398 418 397 1 9189
4077 0.04188766097649932 398 3 398 0 9190
4078 0.015010634029749781 399 1094 397 2 9204
4079 0.06095255399122834 399 3 399 0 9204
4080 0.010041821980848908 397 408 396 1 9089
4081 0.04019187402445823 397 3 397 0 9090
4082 0.012593583960551769 398 478 395 3 9079
4083 0.04050789901521057 398 3 398 0 9079
4084 0.019482699979562312 398 626 396 2 9094
4085 0.041151555022224784 398 3 398 0 9095
4086 0.013040476012974977 396 431 394 2 9043
4087 0.04116284201154485 396 3 396 0 9043
4088 0.015176803979557008 394 978 390 4 8903
4089 0.054961165005806834 394 3 394 0 8903
4090 0.015291807008907199 399 1050 393 6 8934
4091 0.059407533961348236 399 3 399 0 8934
4092 0.010442644008435309 400 405 399 1 8964
4093 0.03983351500937715 400 3 400 0 8964
4094 0.00909312698058784 395 392 395 0 8869
4095 0.028448967030271888 395 3 395 0 8869
4096 0.01899781299289316 398 817 393 5 8893
4097 0.045452594000380486 398 3 398 0 8893
4098 0.01454629801446572 398 1325 396 2 8945
4099 0.06821613298961893 398 3 398 0 8945
4100 0.014678916020784527 399 1187 397 2 9007
4101 0.06447533500613645 399 3 399 0 9007
4102 0.011289134970866144 399 435 398 1 9007
4103 0.04084632598096505 399 3 399 0 9007
4104 0.01573933899635449 399 864 398 1 9019
4105 0.05019619903760031 399 3 399 0 9019
4106 0.014641309971921146 398 779 397 1 9039
4107 0.05132461403263733 398 3 398 0 9039
4108 0.01202441897476092 399 471 397 2 9020
4109 0.04086721799103543 399 3 399 0 9021
4110 0.01601949002360925 397 516 396 1 8981
4111 0.04099553998094052 397 3 397 0 8981
4112 0.01319429703289643 399 1284 396 3 9034
4113 0.06732422398636118 399 3 399 0 9035
4114 0.009642101009376347 398 486 397 1 9020
4115 0.04232040996430442 398 3 398 0 9020
4116 0.009424515010323375 397 464 395 2 8969
4117 0.041705968033056706 397 3 397 0 8970
4118 0.00934750895248726 398 441 395 3 8963
4119 0.041414730018004775 398 3 398 0 8963
4120 0.014899467001669109 399 1103 397 2 9000
4121 0.06093283498194069 399 3 399 0 9000
4122 0.017742707044817507 398 557 397 1 8989
4123 0.041152155958116055 398 3 398 0 8989
4124 0.016119941021315753 398 817 396 2 8984
4125 0.049295286007691175 398 3 398 0 8984
4126 0.01840742601780221 399 815 397 2 9012
4127 0.0475929289823398 399 3 399 0 9012
4128 0.016100150998681784 396 624 395 1 8960
4129 0.04174944298574701 396 3 396 0 8960
4130 0.016030766011681408 400 1098 396 4 9030
4131 0.06088143796660006 400 3 400 0 9030
4132 0.008769000007305294 398 395 398 0 8982
4133 0.028567755012772977 398 3 398 0 8982
4134 0.014905537012964487 397 1004 395 2 8959
4135 0.056300466996617615 397 3 397 0 8959
4136 0.01592850300949067 399 863 396 3 9013
4137 0.05061091197421774 399 3 399 0 9013
4138 0.01175411301665008 399 409 398 1 9020
4139 0.03950974898179993 399 3 399 0 9020
4140 0.012561006005853415 399 438 398 1 9033
4141 0.04005824198247865 399 3 399 0 9034
4142 0.017454065033234656 399 1078 398 1 9051
4143 0.06182767800055444 399 3 399 0 9051
4144 0.009701129980385303 398 403 397 1 8995
4145 0.04059071303345263 398 3 398 0 8996
4146 0.01941082300618291 399 1239 397 2 9053
4147 0.06318494596052915 399 3 399 0 9053
4148 0.013722500007133931 398 912 397 1 9066
4149 0.056241188023705035 398 3 398 0 9067
4150 0.014837263966910541 398 1152 396 2 9062
4151 0.06126835901523009 398 3 398 0 9062
4152 0.01491782400989905 397 1123 395 2 9084
4153 0.06116081797517836 397 3 397 0 9084
4154 0.014768821012694389 396 1019 393 3 9005
4155 0.055100624973420054 396 3 396 0 9005
4156 0.015521852008532733 397 1259 393 4 9029
4157 0.06375774700427428 397 3 397 0 9029
4158 0.01753870100947097 399 835 396 3 9067
4159 0.04991306399460882 399 3 399 0 9067
4160 0.014266396989114583 399 711 398 1 9092
4161 0.04616375302430242 399 3 399 0 9092
4162 0.010384024993982166 397 413 396 1 9058
4163 0.04008442198392004 397 3 397 0 9058
4164 0.015266018046531826 400 1206 397 3 9139
4165 0.06468757399125025 400 3 400 0 9139
4166 0.008386856003198773 398 395 398 0 9130
4167 0.0288643209496513 398 3 398 0 9130
4168 0.016044638003222644 400 885 398 2 9188
4169 0.04989006899995729 400 3 400 0 9188
4170 0.0084923540125601 399 396 399 0 9208
4171 0.028677000023890287 399 3 399 0 9208
4172 0.014753868978004903 397 940 396 1 9209
4173 0.05643086298368871 397 3 397 0 9210
4174 0.015591276052873582 399 1472 396 3 9283
4175 0.06949016696307808 399 3 399 0 9283
4176 0.014958946034312248 399 625 398 1 9266
4177 0.042749775981064886 399 3 399 0 9267
4178 0.010119968967046589 399 408 398 1 9268
4179 0.04056227003457025 399 3 399 0 9268
4180 0.016622245020698756 397 906 396 1 9262
4181 0.055459723982494324 397 3 397 0 9263
4182 0.014502781967166811 398 854 395 3 9269
4183 0.05086610501166433 398 3 398 0 9269
4184 0.015069091983605176 399 606 397 2 9306
4185 0.042303686030209064 399 3 399 0 9306
4186 0.01017618301557377 397 410 396 1 9248
4187 0.04088403400965035 397 3 397 0 9248
4188 0.015017804980743676 399 775 396 3 9294
4189 0.05036056600511074 399 3 399 0 9294
4190 0.01592076098313555 398 843 397 1 9328
4191 0.0519015800091438 398 3 398 0 9328
4192 0.016914954991079867 399 1389 397 2 9358
4193 0.06952029198873788 399 3 399 0 9358
4194 0.016503416001796722 397 688 396 1 9328
4195 0.046642992994748056 397 3 397 0 9328
4196 0.01695883000502363 397 1529 394 3 9385
4197 0.06992349703796208 397 3 397 0 9385
4198 0.017014032986480743 399 1151 396 3 9439
4199 0.06143792299553752 399 3 399 0 9439
4200 0.017098971002269536 397 1069 396 1 9428
4201 0.062403863994404674 397 3 397 0 9428
4202 0.015080619021318853 399 1530 396 3 9521
4203 0.07036435999907553 399 3 399 0 9521
4204 0.010535693960264325 399 421 398 1 9501
4205 0.04187870700843632 399 3 399 0 9502
4206 0.009974349988624454 399 415 398 1 9492
4207 0.04036743700271472 399 3 399 0 9492
4208 0.014527318999171257 400 956 399 1 9546
4209 0.05682838999200612 400 3 400 0 9547
4210 0.008210020023398101 399 396 399 0 9530
4211 0.02918804797809571 399 3 399 0 9530
4212 0.01107352104736492 400 411 399 1 9555
4213 0.04068364197155461 400 3 400 0 9556
4214 0.008386956993490458 398 395 398 0 9499
4215 0.029006694036070257 398 3 398 0 9499
4216 0.015634671959560364 397 751 395 2 9484
4217 0.0466789870406501 397 3 397 0 9484
4218 0.014621268957853317 397 1562 394 3 9526
4219 0.07054992800112814 397 3 397 0 9526
4220 0.015057495038490742 396 1466 393 3 9550
4221 0.06866584898671135 396 3 396 0 9550
4222 0.01402427296852693 397 1021 393 4 9571
4223 0.05713410902535543 397 3 397 0 9571
4224 0.015328111010603607 399 1609 396 3 9643
4225 0.07091355399461463 399 3 399 0 9643
4226 0.014618114975746721 399 761 398 1 9631
4227 0.04832442803308368 399 3 399 0 9631
4228 0.01049267896451056 398 458 397 1 9586
4229 0.043488865019753575 398 3 398 0 9586
4230 0.015065326995681971 399 551 397 2 9594
4231 0.04273838800145313 399 3 399 0 9594
4232 0.011026661028154194 398 420 397 1 9581
4233 0.042928353999741375 398 3 398 0 9581
4234 0.015877084981184453 397 891 395 2 9546
4235 0.05174293200252578 397 3 397 0 9546
4236 0.014678785984870046 397 935 394 3 9552
4237 0.056465285015292466 397 3 397 0 9553
4238 0.014839878014754504 398 566 395 3 9501
4239 0.04231598397018388 398 3 398 0 9501
4240 0.015018876001704484 398 829 396 2 9517
4241 0.05101843498414382 398 3 398 0 9518
4242 0.015038536046631634 397 763 395 2 9433
4243 0.04714924294967204 397 3 397 0 9433
4244 0.014895451022312045 399 632 396 3 9450
4245 0.04234220401849598 399 3 399 0 9451
4246 0.014707699010614306 397 575 396 1 9369
4247 0.04230138199636713 397 3 397 0 9369
4248 0.015210513956844807 398 638 395 3 9375
4249 0.04249775700736791 398 3 398 0 9375
4250 0.014582381001673639 397 1093 395 2 9376
4251 0.06273584300652146 397 3 397 0 9376
4252 0.015672388020902872 398 1046 395 3 9426
4253 0.06144578498788178 398 3 398 0 9426
4254 0.015230795019306242 399 840 397 2 9437
4255 0.05154373298864812 399 3 399 0 9437
4256 0.010290434991475195 399 420 398 1 9435
4257 0.042316865001339465 399 3 399 0 9435
4258 0.011096365982666612 398 448 397 1 9339
4259 0.0418945110286586 398 3 398 0 9339
4260 0.014968350005801767 396 1242 394 2 9375
4261 0.06524025398539379 396 3 396 0 9375
4262 0.010808032006025314 397 487 393 4 9308
4263 0.04232236399548128 397 3 397 0 9308
4264 0.015685717982705683 400 1065 397 3 9377
4265 0.061141307989601046 400 3 400 0 9377
4266 0.008346776012331247 399 396 399 0 9392
4267 0.02854971803026274 399 3 399 0 9392
4268 0.010699829959776253 398 448 397 1 9344
4269 0.041881191020365804 398 3 398 0 9345
4270 0.01613110798643902 399 1305 397 2 9395
4271 0.06887828698381782 399 3 399 0 9395
4272 0.010317586013115942 398 409 397 1 9375
4273 0.04071938601555303 398 3 398 0 9376
4274 0.01504372397903353 399 977 397 2 9393
4275 0.056063350988551974 399 3 399 0 9393
4276 0.015489393030293286 399 889 398 1 9403
4277 0.052270684973336756 399 3 399 0 9404
4278 0.01075746602145955 398 478 397 1 9381
4279 0.043001603975426406 398 3 398 0 9381
4280 0.015347410051617771 398 841 396 2 9358
4281 0.051020386978052557 398 3 398 0 9358
4282 0.014455982018262148 397 851 395 2 9341
4283 0.05212359398137778 397 3 397 0 9341
4284 0.010857717017643154 399 504 396 3 9355
4285 0.04305921995546669 399 3 399 0 9355
4286 0.014893599029164761 399 842 398 1 9406
4287 0.051624033018015325 399 3 399 0 9406
4288 0.009757614985574037 399 420 398 1 9408
4289 0.04187364998506382 399 3 399 0 9408
4290 0.010012037004344165 397 436 396 1 9393
4291 0.04259000497404486 397 3 397 0 9393
4292 0.013560667051933706 399 1272 396 3 9414
4293 0.06562550197122619 399 3 399 0 9414
4294 0.00935464899521321 399 408 398 1 9376
4295 0.04044458398129791 399 3 399 0 9376
4296 0.009200077038258314 399 419 398 1 9397
4297 0.042027760995551944 399 3 399 0 9397
4298 0.009299868019297719 399 423 398 1 9396
4299 0.04169006395386532 399 3 399 0 9396
4300 0.013234887039288878 399 561 398 1 9408
4301 0.0423263999982737 399 3 399 0 9409
4302 0.009348299994599074 396 437 395 1 9337
4303 0.04248336498858407 396 3 396 0 9337
4304 0.013192374026402831 397 1530 393 4 9384
4305 0.06907575397053733 397 3 397 0 9385
4306 0.014113386976532638 398 1011 395 3 9371
4307 0.05605007102712989 398 3 398 0 9371
4308 0.014800839009694755 396 824 394 2 9345
4309 0.051335269992705435 396 3 396 0 9346
4310 0.015051676018629223 399 584 395 4 9311
4311 0.04221195698482916 399 3 399 0 9311
4312 0.014380729000549763 391 813 390 1 9075
4313 0.05158244096674025 391 3 391 0 9075
4314 0.015668612031731755 398 2786 389 9 9178
4315 0.10452301299665123 398 3 398 0 9178
4316 0.010242351971101016 397 431 395 2 9138
4317 0.04217558301752433 397 3 397 0 9138
4318 0.01497462100815028 396 1286 393 3 9101
4319 0.06799872597912326 396 3 396 0 9101
4320 0.015154110034927726 399 543 395 4 9116
4321 0.041004273982252926 399 3 399 0 9116
4322 0.010266829980537295 398 485 397 1 9095
4323 0.04277478303993121 398 3 398 0 9095
4324 0.015347820008173585 399 1272 397 2 9152
4325 0.06442950596101582 399 3 399 0 9152
4326 0.010208182036876678 398 412 397 1 9159
4327 0.04079416795866564 398 3 398 0 9159
4328 0.015321201004553586 400 1629 398 2 9261
4329 0.0698643890209496 400 3 400 0 9261
4330 0.008279444999061525 397 394 397 0 9231
4331 0.029091852018609643 397 3 397 0 9231
4332 0.015493660001084208 397 1656 394 3 9278
4333 0.07035013800486922 397 3 397 0 9279
4334 0.014506877982057631 396 1805 393 3 9322
4335 0.08266379201086238 396 3 396 0 9322
4336 0.015416263951919973 399 1252 395 4 9394
4337 0.06374313501873985 399 3 399 0 9395
4338 0.010462223028298467 398 457 397 1 9378
4339 0.042720180994365364 398 3 398 0 9378
4340 0.01525856601074338 400 967 398 2 9439
4341 0.056760147970635444 400 3 400 0 9440
4342 0.008337571984156966 399 396 399 0 9426
4343 0.029005824006162584 399 3 399 0 9426
4344 0.015654471004381776 399 1058 398 1 9483
4345 0.06214535498293117 399 3 399 0 9483
4346 0.010327581025194377 400 411 399 1 9507
4347 0.04066801897715777 400 3 400 0 9507
4348 0.00847648101625964 400 397 400 0 9532
4349 0.028615768009331077 400 3 400 0 9532
4350 0.008985524997115135 397 394 397 0 9483
4351 0.028766473988071084 397 3 397 0 9483
4352 0.01651350100291893 398 751 395 3 9472
4353 0.04686439601937309 398 3 398 0 9472
4354 0.014496371964924037 398 720 396 2 9483
4355 0.04693047405453399 398 3 398 0 9483
4356 0.015107429993804544 398 783 396 2 9499
4357 0.050849911000113934 398 3 398 0 9499
4358 0.010383423999883235 399 442 397 2 9503
4359 0.042857086984440684 399 3 399 0 9503
4360 0.015680561016779393 399 601 398 1 9507
4361 0.042959610000252724 399 3 399 0 9507
4362 0.010298196983058006 397 403 396 1 9442
4363 0.04110259097069502 397 3 397 0 9442
4364 0.015407701022922993 398 1902 395 3 9507
4365 0.08260998100740835 398 3 398 0 9508
4366 0.014799266995396465 399 1439 397 2 9557
4367 0.06946401699678972 399 3 399 0 9557
4368 0.011088543978985399 398 444 397 1 9571
4369 0.042854853032622486 398 3 398 0 9572
4370 0.01464532600948587 399 1175 397 2 9627
4371 0.06342838297132403 399 3 399 0 9627
4372 0.010592118022032082 397 410 396 1 9543
4373 0.041439546970650554 397 3 397 0 9544
4374 0.015044205007143319 397 548 394 3 9445
4375 0.04215381003450602 397 3 397 0 9445
4376 0.014676522987429053 398 930 395 3 9464
4377 0.056825444975402206 398 3 398 0 9464
4378 0.015390485001262277 398 1097 396 2 9499
4379 0.062151624995749444 397 2 397 0 9451
4380 0.01473354798508808 399 1339 396 3 9503
4381 0.06833845702931285 399 2 399 0 9503
4382 0.010538508009631187 395 416 394 1 9385
4383 0.041161841014400125 395 2 395 0 9385
4384 0.015714650973677635 395 1755 390 5 9435
4385 0.07480565999867395 395 2 395 0 9435
4386 0.014472345996182412 400 891 395 5 9496
4387 0.052798508026171476 400 2 400 0 9496
4388 0.009482491004746407 395 393 395 0 9387
4389 0.02877005998743698 395 2 395 0 9387
4390 0.015220468980260193 397 879 392 5 9327
4391 0.05101119301980361 397 2 397 0 9327
4392 0.015411116008181125 400 1668 397 3 9431
4393 0.07396867300849408 400 2 400 0 9431
4394 0.009640218981076032 399 397 399 0 9438
4395 0.028961966978386045 399 2 399 0 9438
4396 0.010899891029112041 397 432 396 1 9430
4397 0.04193765495438129 397 2 397 0 9430
4398 0.01705080905230716 399 1059 396 3 9454
4399 0.062087067984975874 399 2 399 0 9454
4400 0.010999239981174469 399 440 398 1 9466
4401 0.04299552401062101 399 2 399 0 9467
4402 0.01621136802714318 397 749 396 1 9424
4403 0.04721719498047605 397 2 397 0 9424
4404 0.01965146401198581 398 1713 395 3 9487
4405 0.07543967198580503 398 2 398 0 9488
4406 0.02387154201278463 399 753 397 2 9504
4407 0.04570194997359067 399 2 399 0 9504
4408 0.017702898010611534 398 823 397 1 9450
4409 0.04876084299758077 398 2 398 0 9450
4410 0.018313274020329118 399 722 397 2 9485
4411 0.04388931696303189 399 2 399 0 9485
4412 0.01163890102179721 399 417 398 1 9469
4413 0.04116224101744592 399 2 399 0 9469
4414 0.011927082960028201 398 428 397 1 9453
4415 0.04139902698807418 398 2 398 0 9453
4416 0.01718497002730146 399 1002 397 2 9474
4417 0.056990974000655115 399 2 399 0 9474
4418 0.012452451977878809 398 420 397 1 9437
4419 0.042232289037201554 398 2 398 0 9437
4420 0.013120023999363184 399 495 397 2 9477
4421 0.04322022199630737 399 2 399 0 9477
4422 0.016685220005456358 397 802 396 1 9436
4423 0.0519247250049375 397 2 397 0 9436
4424 0.016701563959941268 396 1100 393 3 9372
4425 0.06341192801482975 396 2 396 0 9372
4426 0.014383973029907793 399 1136 395 4 9416
4427 0.06245881598442793 399 2 399 0 9416
4428 0.010368062008637935 398 415 397 1 9433
4429 0.04097335698315874 398 2 398 0 9433
4430 0.010674631979782134 398 486 396 2 9398
4431 0.04327027703402564 398 2 398 0 9398
4432 0.01495694398181513 396 967 394 2 9344
4433 0.05697793501894921 396 2 396 0 9345
4434 0.014744104002602398 399 1322 395 4 9402
4435 0.06841015396639705 399 2 399 0 9402
4436 0.010619610024150461 399 447 398 1 9400
4437 0.04244827199727297 399 2 399 0 9401
4438 0.010366779984906316 398 472 397 1 9369
4439 0.04288772301515564 398 2 398 0 9369
4440 0.015210804995149374 399 1875 397 2 9464
4441 0.08387475099880248 399 2 399 0 9464
4442 0.01033208699664101 398 471 397 1 9447
4443 0.04367134999483824 398 2 398 0 9447
4444 0.015088691026903689 400 1084 398 2 9511
4445 0.06214807997457683 400 2 400 0 9511
4446 0.00864521402399987 398 396 398 0 9489
4447 0.029492845002096146 398 2 398 0 9489
4448 0.015008069982286543 397 551 395 2 9432
4449 0.042183074983768165 397 2 397 0 9432
4450 0.014895169995725155 396 1404 393 3 9424
4451 0.07107432704651728 396 2 396 0 9424
4452 0.014743922976776958 398 1659 394 4 9481
4453 0.07112222799332812 398 2 398 0 9481
4454 0.014861871022731066 400 557 398 2 9520
4455 0.04222995397867635 400 2 400 0 9520
4456 0.008535970991943032 396 394 396 0 9444
4457 0.029510712018236518 396 2 396 0 9444
4458 0.015499408007599413 397 1667 393 4 9501
4459 0.07337049400666729 397 2 397 0 9501
4460 0.015783524955622852 397 1366 394 3 9502
4461 0.06957451399648562 397 2 397 0 9502
4462 0.01688739302335307 397 1441 394 3 9538
4463 0.06868361501256004 397 2 397 0 9538
4464 0.015176584012806416 397 522 394 3 9510
4465 0.04200251295696944 397 2 397 0 9511
4466 0.015293939039111137 399 904 396 3 9522
4467 0.05567457800498232 399 2 399 0 9522
4468 0.013206884963437915 395 407 394 1 9411
4469 0.04032587498659268 395 2 395 0 9412
4470 0.016295965004246682 397 1850 392 5 9503
4471 0.08240392099833116 397 2 397 0 9503
4472 0.01684908603783697 398 766 395 3 9465
4473 0.0476374959689565 398 2 398 0 9465
4474 0.01708159502595663 399 953 397 2 9474
4475 0.056607637961860746 398 1 398 0 9453
4476 0.016343506053090096 395 1014 393 2 9382
4477 0.056335629953537136 395 1 395 0 9382
4478 0.018600226030685008 397 1732 392 5 9403
4479 0.07424491696292534 397 1 397 0 9403
4480 0.017998813011217862 399 1199 396 3 9463
4481 0.06577973300591111 399 1 399 0 9463
4482 0.014981310989242047 400 796 399 1 9520
4483 0.05332597001688555 400 1 400 0 9520
4484 0.012018260022159666 398 397 398 0 9521
4485 0.029153885960113257 398 1 398 0 9521
4486 0.014413207012694329 398 740 396 2 9517
4487 0.04808264400344342 398 1 398 0 9517
4488 0.014297594025265425 398 844 396 2 9473
4489 0.05102010699920356 398 1 398 0 9473
4490 0.010022272006608546 398 442 396 2 9443
4491 0.04279895895160735 398 1 398 0 9443
4492 0.01710435899440199 398 982 396 2 9475
4493 0.0546976100304164 398 1 398 0 9475
4494 0.0149332580040209 397 565 395 2 9421
4495 0.041323372977785766 397 1 397 0 9421
4496 0.01542872202116996 399 644 396 3 9439
4497 0.04554043698590249 399 1 399 0 9440
4498 0.013968739018309861 398 838 397 1 9437
4499 0.05297579400939867 398 1 398 0 9437
4500 0.014926397998351604 397 1333 395 2 9440
4501 0.06860008998773992 397 1 397 0 9440
4502 0.01639343099668622 400 831 397 3 9493
4503 0.050793025991879404 400 1 400 0 9493
4504 0.008769761014264077 398 397 398 0 9448
4505 0.029433575982693583 398 1 398 0 9448
4506 0.016204888001084328 398 951 396 2 9463
4507 0.05577817198354751 398 1 398 0 9463
4508 0.0151754220132716 397 696 395 2 9439
4509 0.04609450901625678 397 1 397 0 9439
4510 0.015400209988001734 398 1345 395 3 9484
4511 0.06973723700502887 398 1 398 0 9484
4512 0.015050464018713683 399 1593 397 2 9566
4513 0.0697356759919785 399 1 399 0 9566
4514 0.01834939798573032 399 862 398 1 9620
4515 0.049737761029973626 399 1 399 0 9620
4516 0.010693570948205888 395 428 394 1 9498
4517 0.0429145930102095 395 1 395 0 9498
4518 0.016796687035821378 400 937 395 5 9556
4519 0.05525840196060017 400 1 400 0 9556
4520 0.008521808020304888 397 396 397 0 9492
4521 0.029026204021647573 397 1 397 0 9492
4522 0.020550915971398354 398 817 395 3 9489
4523 0.04738614900270477 398 1 398 0 9489
4524 0.015858317026868463 396 724 394 2 9447
4525 0.047915483999531716 396 1 396 0 9447
4526 0.014931885991245508 399 1709 395 4 9534
4527 0.07490366697311401 399 1 399 0 9534
4528 0.01067810703534633 398 406 397 1 9458
4529 0.04114557598950341 398 1 398 0 9459
4530 0.015549283009022474 398 1563 396 2 9445
4531 0.07147289498243481 398 1 398 0 9445
4532 0.015070563997142017 397 885 395 2 9440
4533 0.05201075499644503 397 1 397 0 9440
4534 0.021275033010169864 396 883 393 3 9395
4535 0.048496867006178945 396 1 396 0 9395
4536 0.014927878975868225 399 2022 395 4 9494
4537 0.08832911099307239 399 1 399 0 9494
4538 0.015193179016932845 398 947 397 1 9525
4539 0.056929530983325094 398 1 398 0 9525
4540 0.011630157998297364 398 480 396 2 9470
4541 0.04250671999761835 398 1 398 0 9470
4542 0.01602211402496323 399 1555 397 2 9551
4543 0.07104566198540851 399 1 399 0 9551
4544 0.011673022003378719 397 417 396 1 9503
4545 0.04193279898026958 397 1 397 0 9503
4546 0.015426508034579456 397 1325 394 3 9492
4547 0.0680745909921825 397 1 397 0 9492
4548 0.018373764993157238 398 884 395 3 9496
4549 0.04808717203559354 398 1 398 0 9496
4550 0.01800323894713074 399 513 397 2 9520
4551 0.03941862203646451 399 1 399 0 9520
4552 0.011182204994838685 396 440 395 1 9389
4553 0.042248442012351006 396 1 396 0 9389
4554 0.015591025992762297 397 1165 393 4 9371
4555 0.0614673980162479 397 1 397 0 9371
4556 0.018573233974166214 397 541 394 3 9290
4557 0.03825909097213298 397 1 397 0 9290
4558 0.014618796005379409 395 589 392 3 9231
4559 0.04187888803426176 395 1 395 0 9231
4560 0.01487439899938181 396 967 391 5 9168
4561 0.05637283599935472 396 1 396 0 9169
4562 0.014886627963278443 400 775 396 4 9209
4563 0.04976630402961746 400 1 400 0 9209
4564 0.00835380598437041 398 397 398 0 9176
4565 0.02904516301350668 398 1 398 0 9176
4566 0.014817584014963359 395 1362 393 2 9115
4567 0.0702688560122624 395 1 395 0 9115
4568 0.016299449955113232 398 1463 393 5 9125
4569 0.0676296729943715 398 1 398 0 9125
4570 0.01600093103479594 400 926 398 2 9183
4571 0.05477474600775167 400 1 400 0 9183
4572 0.008785924990661442 397 396 397 0 9125
4573 0.028405061981175095 397 1 397 0 9125
4574 0.01601579401176423 396 790 393 3 9106
4575 0.04949875100282952 396 1 396 0 9106
4576 0.015384536003693938 393 804 389 4 9003
4577 0.04948377900291234 393 1 393 0 9003
4578 0.01527024497045204 397 2960 390 7 9127
4579 0.11076361400773749 397 1 397 0 9127
4580 0.01452052901731804 397 1250 394 3 9106
4581 0.06545531598385423 397 1 397 0 9106
4582 0.015039388032164425 399 2164 396 3 9228
4583 0.0929932149592787 399 1 399 0 9228
4584 0.016012319014407694 400 1102 399 1 9299
4585 0.06256868102354929 400 1 400 0 9299
4586 0.008296710962895304 399 398 399 0 9282
4587 0.029465214000083506 399 1 399 0 9282
4588 0.011422495008446276 395 459 394 1 9160
4589 0.04219274898059666 395 1 395 0 9160
4590 0.016233771049883217 399 1527 394 5 9208
4591 0.06847608397947624 399 1 399 0 9208
4592 0.016526950988918543 399 927 398 1 9253
4593 0.05615181400207803 399 1 399 0 9254
4594 0.016138038015924394 396 572 395 1 9168
4595 0.04145692300517112 396 1 396 0 9168
4596 0.01712257700273767 399 1119 395 4 9196
4597 0.062242741987574846 399 1 399 0 9196
4598 0.012374584970530123 395 450 394 1 8987
4599 0.04152466502273455 395 1 395 0 8987
4600 0.017196808010339737 400 1166 395 5 9061
4601 0.059895846992731094 400 1 400 0 9061
4602 0.00974577700253576 399 398 399 0 9064
4603 0.028474805993027985 399 1 399 0 9064
4604 0.01280719501664862 398 413 397 1 9020
4605 0.03942749596899375 398 1 398 0 9020
4606 0.01249551703222096 399 469 397 2 9042
4607 0.04152835096465424 399 1 399 0 9042
4608 0.01229565602261573 397 431 396 1 9035
4609 0.04149600298842415 397 1 397 0 9035
4610 0.016875814995728433 398 2246 395 3 9149
4611 0.09723417600616813 398 1 398 0 9149
4612 0.01651093701366335 399 819 397 2 9192
4613 0.05075456801569089 399 1 399 0 9192
4614 0.012193342961836606 397 438 396 1 9141
4615 0.04182323400164023 397 1 397 0 9141
4616 0.01794009399600327 397 1741 394 3 9150
4617 0.07435584400082007 397 1 397 0 9150
4618 0.01588137203361839 396 868 393 3 9114
4619 0.05141283699776977 396 1 396 0 9114
4620 0.0171198719763197 399 1683 395 4 9195
4621 0.0730913250008598 399 1 399 0 9195
4622 0.01641341100912541 398 800 397 1 9186
4623 0.05134258099133149 398 1 398 0 9186
4624 0.010822034033481032 398 443 396 2 9154
4625 0.04191847698530182 398 1 398 0 9155
4626 0.01505728397751227 398 1270 396 2 9169
4627 0.06497534603113309 398 1 398 0 9169
4628 0.01610273396363482 398 1003 396 2 9188
4629 0.05552666500443593 398 1 398 0 9188
4630 0.016349596029613167 400 1076 398 2 9253
4631 0.060882337973453104 400 1 400 0 9253
4632 0.009976093017030507 397 396 397 0 9210
4633 0.028872623981442302 397 1 397 0 9210
4634 0.017258270003367215 398 1697 395 3 9248
4635 0.07387758599361405 398 1 398 0 9248
4636 0.012138620018959045 398 423 396 2 9229
4637 0.04192133201286197 398 1 398 0 9229
4638 0.01775432500289753 397 940 395 2 9250
4639 0.05442040297202766 397 1 397 0 9250
4640 0.01609085698146373 396 723 393 3 9203
4641 0.0466893520206213 396 1 396 0 9203
4642 0.01639327098382637 399 2088 395 4 9322
4643 0.09414310200372711 399 1 399 0 9322
4644 0.010642765031661838 398 408 397 1 9332
4645 0.04064709699014202 398 1 398 0 9332
4646 0.01209302298957482 398 493 396 2 9283
4647 0.04193703399505466 398 1 398 0 9283
4648 0.014977094018831849 397 601 395 2 9268
4649 0.04226372600533068 397 1 397 0 9268
4650 0.01500411401502788 400 1749 397 3 9382
4651 0.07524136494612321 400 1 400 0 9382
4652 0.008695750031620264 400 399 400 0 9406
4653 0.029367415991146117 400 1 400 0 9406
4654 0.008848269993904978 399 398 399 0 9388
4655 0.028847375011537224 399 1 399 0 9388
4656 0.010960821993649006 399 483 398 1 9340
4657 0.043061754025984555 399 1 399 0 9341
4658 0.016803827951662242 397 1053 396 1 9336
4659 0.06159319600556046 397 1 397 0 9336
4660 0.015476514003239572 398 620 395 3 9333
4661 0.042328282026574016 398 1 398 0 9333
4662 0.01500228198710829 396 1099 394 2 9229
4663 0.06162074801977724 396 1 396 0 9229
4664 0.014507637999486178 398 941 394 4 9224
4665 0.05615732300793752 398 1 398 0 9224
4666 0.015026337991002947 398 725 396 2 9235
4667 0.046497814008034766 398 1 398 0 9235
4668 0.010261180985253304 396 451 394 2 9149
4669 0.04222405597101897 396 1 396 0 9149
4670 0.015587902045808733 396 645 392 4 9097
4671 0.04544170800363645 396 1 396 0 9097
4672 0.014710593968629837 397 598 393 4 8986
4673 0.04145858599804342 397 1 397 0 8986
4674 0.010608262033201754 400 456 397 3 9019
4675 0.04137317795539275 400 1 400 0 9019
4676 0.008313575992360711 400 399 400 0 9049
4677 0.028660534997470677 400 1 400 0 9049
4678 0.008717172022443265 400 399 400 0 9082
4679 0.028322798025328666 400 1 400 0 9082
4680 0.008410020964220166 399 398 399 0 9104
4681 0.02869000902865082 399 1 399 0 9104
4682 0.010451728012412786 400 440 399 1 9134
4683 0.042210805986542255 400 1 400 0 9134
4684 0.008475798997096717 399 398 399 0 9137
4685 0.02872165699955076 399 1 399 0 9137
4686 0.019101237994618714 399 859 398 1 9172
4687 0.048411759024020284 399 1 399 0 9172
4688 0.01429418899351731 393 590 392 1 8907
4689 0.041814559954218566 393 1 393 0 8908
4690 0.0168775690253824 399 1254 392 7 8970
4691 0.06406440702266991 399 1 399 0 8970
4692 0.010229964973405004 398 434 397 1 8941
4693 0.04157895699609071 398 1 398 0 8941
4694 0.010317225009202957 398 436 396 2 8868
4695 0.04126600699964911 398 1 398 0 8868
4696 0.016151467978488654 400 1019 398 2 8929
4697 0.054273082001600415 400 1 400 0 8929
4698 0.008054147008806467 398 397 398 0 8880
4699 0.028440163005143404 398 1 398 0 8880
4700 0.01650200498988852 398 849 396 2 8890
4701 0.05020072602201253 398 1 398 0 8890
4702 0.01584073097910732 398 1961 396 2 8958
4703 0.08456809201743454 398 1 398 0 8958
4704 0.015423775010276586 400 1127 398 2 9027
4705 0.06178051698952913 400 1 400 0 9027
4706 0.008210000989492983 396 395 396 0 8952
4707 0.02887281298171729 396 1 396 0 8952
4708 0.015645227045752108 399 809 395 4 8992
4709 0.04940166597953066 399 1 399 0 8992
4710 0.01036842301255092 397 496 396 1 8992
4711 0.04274456697748974 397 1 397 0 8992
4712 0.01705355301965028 399 738 396 3 9022
4713 0.04501500696642324 399 1 399 0 9022
4714 0.014063172042369843 398 676 397 1 9006
4715 0.046919667976908386 398 1 398 0 9006
4716 0.015272016986273229 399 724 397 2 9012
4717 0.045674718043301255 399 1 399 0 9012
4718 0.014815260947216302 399 631 398 1 8941
4719 0.04088691802462563 399 1 399 0 8941
4720 0.011223927023820579 399 408 398 1 8920
4721 0.03969397599576041 399 1 399 0 8921
4722 0.012720394995994866 398 412 397 1 8919
4723 0.039854997012298554 398 1 398 0 8919
4724 0.016364567971322685 398 1006 396 2 8903
4725 0.05544194800313562 398 1 398 0 8903
4726 0.010321390989702195 398 455 396 2 8891
4727 0.04150298301829025 398 1 398 0 8891
4728 0.010572067985776812 400 461 398 2 8921
4729 0.04161553201265633 400 1 400 0 8921
4730 0.008327937975991517 400 399 400 0 8946
4731 0.028539863997139037 400 1 400 0 8946
4732 0.008558864006772637 400 399 400 0 8973
4733 0.028240665036719292 400 1 400 0 8973
4734 0.008273014973383397 396 395 396 0 8916
4735 0.02833993302192539 396 1 396 0 8916
4736 0.017297348997090012 396 969 392 4 8874
4737 0.05352011095965281 396 1 396 0 8874
4738 0.01434254104970023 397 2803 393 4 9003
4739 0.10659941099584103 397 1 397 0 9003
4740 0.016094080987386405 399 685 396 3 9032
4741 0.04449542798101902 399 1 399 0 9032
4742 0.015550926036667079 399 948 398 1 9047
4743 0.0552566489786841 399 1 399 0 9047
4744 0.010183845006395131 396 406 395 1 9007
4745 0.040077351965010166 396 1 396 0 9007
4746 0.015964036050718278 400 774 396 4 9057
4747 0.04879321198677644 400 1 400 0 9057
4748 0.008183149970136583 396 395 396 0 9007
4749 0.029053235019091517 396 1 396 0 9007
4750 0.016453520976938307 396 1833 392 4 9056
4751 0.08041437400970608 396 1 396 0 9056
4752 0.014987198985181749 396 1307 392 4 8977
4753 0.06722562504000962 396 1 396 0 8978
4754 0.01558528799796477 396 1654 392 4 8960
4755 0.0685015720082447 396 1 396 0 8960
4756 0.015795301995240152 399 756 395 4 8987
4757 0.04524885897990316 399 1 399 0 8987
4758 0.010165867977775633 397 413 396 1 8885
4759 0.039998423017095774 397 1 397 0 8885
4760 0.01790428103413433 399 1500 396 3 8976
4761 0.06661135196918622 399 1 399 0 8976
4762 0.014154469012282789 396 879 395 1 8938
4763 0.05193505098577589 396 1 396 0 8938
4764 0.0120225659920834 394 418 393 1 8882
4765 0.041161040018778294 394 1 394 0 8882
4766 0.014833938970696181 398 1328 392 6 8911
4767 0.06655918405158445 398 1 398 0 8911
4768 0.010351206990890205 396 420 394 2 8828
4769 0.04161503096111119 396 1 396 0 8828
4770 0.015331466041970998 397 1453 393 4 8843
4771 0.06842694996157661 397 1 397 0 8843
4772 0.015617065015248954 396 759 393 3 8831
4773 0.045573044975753874 396 1 396 0 8831
4774 0.015468763012904674 398 558 394 4 8775
4775 0.03953736100811511 398 1 398 0 8775
4776 0.01457266602665186 400 976 398 2 8838
4777 0.05626821896294132 400 1 400 0 8838
4778 0.008191172033548355 396 395 396 0 8791
4779 0.02851227199425921 396 1 396 0 8791
4780 0.015129502979107201 397 2113 393 4 8834
4781 0.0917232790379785 397 1 397 0 8834
4782 0.016530265973415226 397 540 394 3 8807
4783 0.03881885198643431 397 1 397 0 8807
4784 0.016858700022567064 399 1145 396 3 8853
4785 0.060710410005412996 399 1 399 0 8854
4786 0.013254235964268446 395 422 394 1 8689
4787 0.04209566302597523 394 0 394 0 8639
4788 0.019443441997282207 398 1915 392 6 8667
4789 0.0780332480208017 400 350 398 2 8689
4790 0.014913898950908333 399 397 399 0 8675
4791 0.0291176910395734 399 2 399 0 8675
4792 0.015347420994658023 398 842 397 1 8654
4793 0.04960726399440318 398 2 398 0 8656
4794 0.010292337974533439 399 444 397 2 8677
4795 0.040672836010344326 399 2 399 0 8677
4796 0.014653338002972305 399 1171 398 1 8729
4797 0.0622152800206095 399 2 399 0 8729
4798 0.014312465966213495 396 1159 395 1 8680
4799 0.061639085004571825 395 1 395 0 8658
4800 0.01675635704305023 397 1309 392 5 8670
4801 0.06768301199190319 397 1 397 0 8670
4802 0.01694775396026671 399 1909 396 3 8772
4803 0.07993040600558743 399 1 399 0 8772
4804 0.016464548010844737 398 1097 397 1 8786
4805 0.061416451004333794 398 1 398 0 8786
4806 0.016706891998182982 395 788 393 2 8662
4807 0.049767685995902866 395 1 395 0 8662
4808 0.01701599598163739 396 921 391 5 8637
4809 0.054484680003952235 396 1 396 0 8637
4810 0.016763907042331994 399 1311 395 4 8711
4811 0.06679392699152231 399 1 399 0 8711
4812 0.016879831964615732 395 1072 394 1 8656
4813 0.061431534006260335 395 1 395 0 8656
4814 0.014598454989027232 397 3112 392 5 8751
4815 0.11171626503346488 397 1 397 0 8751
4816 0.014496602991130203 396 1582 393 3 8728
4817 0.06934136297786608 396 1 396 0 8728
4818 0.014611364051233977 396 1428 392 4 8701
4819 0.06764579698210582 396 1 396 0 8701
4820 0.01467264600796625 399 1264 395 4 8763
4821 0.06445569597417489 399 1 399 0 8763
4822 0.014338114007841796 398 1169 397 1 8809
4823 0.0626360530150123 398 1 398 0 8809
4824 0.014644282986409962 398 1571 396 2 8867
4825 0.07062650402076542 398 1 398 0 8868
4826 0.014362089976202697 395 646 393 2 8792
4827 0.04566941101802513 395 1 395 0 8792
4828 0.014556191978044808 397 1192 392 5 8798
4829 0.06267842598026618 397 1 397 0 8798
4830 0.014516942028421909 398 610 395 3 8786
4831 0.04147886700229719 398 1 398 0 8786
4832 0.010233480017632246 398 424 396 2 8752
4833 0.041606248007155955 398 1 398 0 8752
4834 0.01466948096640408 400 579 398 2 8793
4835 0.040799777023494244 400 1 400 0 8793
4836 0.008227927959524095 398 397 398 0 8812
4837 0.02874068502569571 398 1 398 0 8812
4838 0.01708895602496341 399 1436 397 2 8858
4839 0.06601153197698295 399 1 399 0 8858
4840 0.014659336011391133 400 1095 399 1 8928
4841 0.062268921989016235 400 1 400 0 8928
4842 0.008283509989269078 400 399 400 0 8955
4843 0.028784812020603567 400 1 400 0 8955
4844 0.008313074999023229 398 397 398 0 8908
4845 0.02850154699990526 398 1 398 0 8908
4846 0.014690854004584253 398 566 396 2 8869
4847 0.04078619595384225 398 1 398 0 8869
4848 0.01169067801674828 399 429 397 2 8844
4849 0.040195249021053314 399 1 399 0 8844
4850 0.011246601003222167 397 419 396 1 8793
4851 0.040557102009188384 397 1 397 0 8793
4852 0.01082136295735836 399 508 396 3 8780
4853 0.04214755102293566 399 1 399 0 8780
4854 0.01021806598873809 394 436 393 1 8602
4855 0.0413950210204348 394 1 394 0 8602
4856 0.01600044098449871 396 1199 390 6 8557
4857 0.060996410029474646 396 1 396 0 8558
4858 0.01422708696918562 400 1325 396 4 8643
4859 0.06840566801838577 400 1 400 0 8643
4860 0.00823942496208474 398 397 398 0 8634
4861 0.028619914024602622 398 1 398 0 8634
4862 0.015193269005976617 397 692 395 2 8632
4863 0.044990580005105585 397 1 397 0 8632
4864 0.014354468963574618 398 1466 395 3 8660
4865 0.06753033300628886 398 1 398 0 8660
4866 0.014568100043106824 399 595 397 2 8698
4867 0.040924603992607445 399 1 399 0 8698
4868 0.015158766997046769 398 605 397 1 8710
4869 0.041310813976451755 398 1 398 0 8710
4870 0.015331315982621163 397 811 395 2 8648
4871 0.048774805036373436 397 1 397 0 8648
4872 0.011542726017069072 399 491 396 3 8650
4873 0.041117953951470554 399 1 399 0 8650
4874 0.009746368043124676 400 488 399 1 8682
4875 0.042014230974018574 400 1 400 0 8682
4876 0.008414637995883822 399 398 399 0 8698
4877 0.028651622007600963 399 1 399 0 8698
4878 0.012830940017011017 398 424 397 1 8688
4879 0.039291731955017895 398 1 398 0 8688
4880 0.014279156050179154 399 878 397 2 8735
4881 0.05103383696405217 399 1 399 0 8735
4882 0.018051451013889164 395 744 394 1 8599
4883 0.042866581003181636 395 1 395 0 8599
4884 0.014558725990355015 395 1411 390 5 8520
4885 0.06652516301255673 395 1 395 0 8520
4886 0.015474561019800603 399 1669 394 5 8592
4887 0.07326987397391349 399 1 399 0 8592
4888 0.017474033986218274 397 719 396 1 8593
4889 0.042848303040955216 397 1 397 0 8594
4890 0.018219423945993185 400 1482 397 3 8688
4891 0.06474828399950638 400 1 400 0 8688
4892 0.00811163301113993 399 398 399 0 8660
4893 0.02839853201294318 399 1 399 0 8660
4894 0.010894050996284932 399 476 398 1 8653
4895 0.041694962012115866 399 1 399 0 8653
4896 0.014080296969041228 397 594 396 1 8609
4897 0.04123541101580486 397 1 397 0 8609
4898 0.015193639032077044 399 968 396 3 8615
4899 0.05513969395542517 399 1 399 0 8615
4900 0.011824098008219153 397 410 396 1 8565
4901 0.038647044042591006 397 1 397 0 8565
4902 0.017148153972811997 398 942 395 3 8598
4903 0.05410562100587413 398 1 398 0 8598
4904 0.015511056000832468 397 598 395 2 8563
4905 0.04063505900558084 397 1 397 0 8563
4906 0.016428995004389435 399 555 396 3 8582
4907 0.0398525939672254 399 1 399 0 8582
4908 0.016062554030213505 400 1029 399 1 8646
4909 0.0603418669779785 400 1 400 0 8646
4910 0.00941435998538509 395 394 395 0 8488
4911 0.028340854041744024 395 1 395 0 8488
4912 0.015357645985204726 398 1972 393 5 8588
4913 0.0829274479765445 398 1 398 0 8588
4914 0.009947570040822029 398 461 396 2 8550
4915 0.04105906595941633 398 1 398 0 8550
4916 0.010395182995125651 399 436 397 2 8557
4917 0.04042683599982411 399 1 399 0 8557
4918 0.010220831027254462 396 410 395 1 8447
4919 0.03906590200494975 396 1 396 0 8447
4920 0.0147492719697766 400 1049 396 4 8518
4921 0.05896216502878815 400 1 400 0 8519
4922 0.008044721966143698 398 397 398 0 8505
4923 0.028029728040564805 398 1 398 0 8505
4924 0.015521310968324542 400 710 398 2 8551
4925 0.04466065502492711 400 1 400 0 8551
4926 0.008019265020266175 399 398 399 0 8525
4927 0.028040162986144423 399 1 399 0 8525
4928 0.010814090957865119 399 442 398 1 8541
4929 0.04068095900584012 399 1 399 0 8541
4930 0.011291238013654947 400 412 399 1 8572
4931 0.03864200599491596 400 1 400 0 8572
4932 0.00896885001566261 397 396 397 0 8492
4933 0.028150629019364715 397 1 397 0 8492
4934 0.016856145986821502 397 1532 394 3 8507
4935 0.06702250096714124 397 1 397 0 8507
4936 0.016428143018856645 399 698 396 3 8537
4937 0.04462375002913177 399 1 399 0 8537
4938 0.015993159962818027 395 577 394 1 8441
4939 0.04005505802342668 395 1 395 0 8441
4940 0.01681765797547996 398 1528 393 5 8500
4941 0.0675656070234254 398 1 398 0 8500
4942 0.01568617799784988 399 630 397 2 8520
4943 0.040775500994641334 399 1 399 0 8520
4944 0.011916426999960095 398 433 397 1 8502
4945 0.04032900999300182 398 1 398 0 8502
4946 0.016562184027861804 399 914 397 2 8479
4947 0.05302120198030025 399 1 399 0 8479
4948 0.009818275982979685 400 408 399 1 8504
4949 0.03892898699268699 400 1 400 0 8504
4950 0.00769197300542146 398 397 398 0 8438
4951 0.0283829279942438 398 1 398 0 8438
4952 0.011640843003988266 398 498 396 2 8438
4953 0.039439314045012 398 1 398 0 8439
4954 0.01442337199114263 398 707 396 2 8442
4955 0.04512579395668581 398 1 398 0 8442
4956 0.019160877040121704 397 644 395 2 8453
4957 0.042522764997556806 397 1 397 0 8453
4958 0.01761991297826171 400 837 397 3 8504
4959 0.046795130998361856 400 1 400 0 8504
4960 0.00915412901667878 395 394 395 0 8370
4961 0.02797862101579085 395 1 395 0 8370
4962 0.01502221095142886 396 1031 391 5 8358
4963 0.057785297045484185 396 1 396 0 8358
4964 0.01694081397727132 400 1218 396 4 8438
4965 0.061515089008025825 400 1 400 0 8438
4966 0.009314980008639395 399 398 399 0 8414
4967 0.027970488008577377 399 1 399 0 8414
4968 0.011809205985628068 399 456 398 1 8445
4969 0.04044820897979662 399 1 399 0 8445
4970 0.014450884016696364 397 1073 396 1 8436
4971 0.06079371500527486 397 1 397 0 8436
4972 0.016696266015060246 398 821 395 3 8418
4973 0.04922309797257185 398 1 398 0 8418
4974 0.016172279021702707 395 788 393 2 8386
4975 0.04843773797620088 395 1 395 0 8386
4976 0.016750406997743994 398 1624 393 5 8458
4977 0.06832518702140078 398 1 398 0 8458
4978 0.016553080989979208 396 817 394 2 8445
4979 0.04955336399143562 396 1 396 0 8445
4980 0.012300965026952326 399 501 395 4 8459
4981 0.040780848008580506 399 1 399 0 8459
4982 0.01614988496294245 398 796 397 1 8453
4983 0.04967920301714912 398 1 398 0 8453
4984 0.014046907017473131 398 754 396 2 8450
4985 0.04536224895855412 398 1 398 0 8451
4986 0.014514419017359614 398 1192 396 2 8490
4987 0.06395701697329059 398 1 398 0 8490
4988 0.014330192003399134 396 660 394 2 8444
4989 0.04522444203030318 396 1 396 0 8444
4990 0.015167479985393584 400 1231 396 4 8517
4991 0.06390109198400751 400 1 400 0 8517
4992 0.007992484024725854 397 396 397 0 8496
4993 0.02821653801947832 397 1 397 0 8496
4994 0.014453587995376438 400 1222 397 3 8580
4995 0.06265247700503096 400 1 400 0 8580
4996 0.008142740000039339 398 397 398 0 8548
4997 0.02792762400349602 398 1 398 0 8548
4998 0.015520539949648082 399 792 397 2 8580
4999 0.04874573100823909 399 1 399 0 8580
5000 0.01004141103476286 398 510 397 1 8576
5001 0.04178346396656707 398 1 398 0 8576
5002 0.010374281031545252 399 449 397 2 8553
5003 0.041919748997315764 398 0 398 0 8545
5004 0.016756886965595186 398 986 396 2 8587
5005 0.05451609700685367 398 0 398 0 8587
5006 0.016193841001950204 398 892 396 2 8606
5007 0.04935014899820089 398 0 398 0 8606
5008 0.015389462991151959 400 1739 398 2 8722
5009 0.07384644902776927 400 0 400 0 8722
5010 0.008149028988555074 399 399 399 0 8715
5011 0.02915007103001699 399 0 399 0 8715
5012 0.014669080963358283 397 1177 396 1 8700
5013 0.06330868200166151 397 0 397 0 8700
5014 0.01445936702657491 399 751 396 3 8702
5015 0.0464729469968006 399 0 399 0 8702
5016 0.014268569997511804 397 569 396 1 8641
5017 0.04128918197238818 397 0 397 0 8641
5018 0.015860901039559394 399 801 396 3 8669
5019 0.04845672700321302 400 280 399 1 8687
5020 0.014963683963287622 400 399 400 0 8712
5021 0.028698782029096037 400 1 400 0 8712
5022 0.009440939000342041 398 397 398 0 8671
5023 0.028110147977713495 398 1 398 0 8671
5024 0.012382076994981617 398 455 396 2 8678
5025 0.04083508998155594 398 1 398 0 8678
5026 0.017228074022568762 397 836 395 2 8695
5027 0.049570951028726995 397 1 397 0 8695
5028 0.01551178697263822 400 954 397 3 8760
5029 0.05373426299775019 400 1 400 0 8760
5030 0.009672225976828486 397 396 397 0 8742
5031 0.028193564037792385 397 1 397 0 8742
5032 0.01639588497346267 399 1547 396 3 8794
5033 0.06698160903761163 399 1 399 0 8794
5034 0.015078495955094695 400 606 399 1 8826
5035 0.04143134504556656 400 1 400 0 8826
5036 0.0096813709824346 396 395 396 0 8775
5037 0.02832628198666498 396 1 396 0 8776
5038 0.015616304997820407 395 935 391 4 8668
5039 0.05411098798504099 395 1 395 0 8668
5040 0.015654882008675486 397 1609 392 5 8683
5041 0.0673364819958806 397 1 397 0 8683
5042 0.01598141301656142 396 1112 393 3 8659
5043 0.05993787001352757 396 1 396 0 8659
5044 0.015267278999090195 399 1392 395 4 8695
5045 0.0672241139691323 399 1 399 0 8695
5046 0.015180399001110345 399 1121 398 1 8745
5047 0.061455779999960214 399 1 399 0 8745
5048 0.015414060035254806 400 897 399 1 8805
5049 0.054503858962561935 400 1 400 0 8805
5050 0.009702512004878372 399 398 399 0 8787
5051 0.028078821022063494 399 1 399 0 8787
5052 0.01219161000335589 397 451 396 1 8777
5053 0.04083275701850653 397 1 397 0 8777
5054 0.016629435995128006 396 1319 393 3 8707
5055 0.06721625098725781 396 1 396 0 8707
5056 0.014660949003882706 398 746 394 4 8646
5057 0.04503694997401908 398 1 398 0 8646
5058 0.010201723023783416 399 438 397 2 8637
5059 0.04042967001441866 399 1 399 0 8637
5060 0.010409173963125795 400 469 399 1 8667
5061 0.04141938703833148 400 1 400 0 8667
5062 0.008164792961906642 398 397 398 0 8633
5063 0.02855677902698517 398 1 398 0 8633
5064 0.015513379010371864 399 850 397 2 8672
5065 0.049613553972449154 399 1 399 0 8672
5066 0.009691765997558832 395 405 394 1 8555
5067 0.03936355002224445 395 1 395 0 8555
5068 0.014508469961583614 400 1190 395 5 8635
5069 0.061470011016353965 400 1 400 0 8636
5070 0.007868488028179854 399 398 399 0 8633
5071 0.027959771978203207 399 1 399 0 8633
5072 0.010212027991656214 399 417 398 1 8651
5073 0.041060046991333365 399 1 399 0 8651
5074 0.010414902004413307 399 419 398 1 8657
5075 0.04085407900856808 399 1 399 0 8657
5076 0.01096372603205964 399 424 398 1 8665
5077 0.04092778899939731 399 1 399 0 8665
5078 0.010605177958495915 398 410 397 1 8651
5079 0.038920424005482346 398 1 398 0 8651
5080 0.014443383028265089 399 723 397 2 8649
5081 0.045090610976330936 399 1 399 0 8649
5082 0.014188910019584 394 622 393 1 8469
5083 0.04111191601259634 394 1 394 0 8469
5084 0.014675800979603082 400 2230 394 6 8607
5085 0.09646851499564946 400 1 400 0 8607
5086 0.00825967499986291 397 396 397 0 8561
5087 0.028008977009449154 397 1 397 0 8561
5088 0.014780537982005626 399 995 396 3 8562
5089 0.05419827997684479 399 1 399 0 8562
5090 0.010207591054495424 399 414 398 1 8568
5091 0.03904128499561921 399 1 399 0 8568
5092 0.01530462596565485 398 925 397 1 8603
5093 0.05435490602394566 398 1 398 0 8603
5094 0.014781288977246732 397 868 395 2 8585
5095 0.05000874801771715 397 1 397 0 8585
5096 0.014335259969811887 399 877 396 3 8623
5097 0.050318092049565166 399 1 399 0 8623
5098 0.011202344961930066 398 445 397 1 8603
5099 0.040216030029114336 398 1 398 0 8603
5100 0.014449280977714807 398 708 396 2 8576
5101 0.045527918031439185 398 1 398 0 8577
5102 0.010158516990486532 397 446 395 2 8540
5103 0.04088270099600777 397 1 397 0 8540
5104 0.015395702968817204 398 793 395 3 8542
5105 0.04887089901603758 398 1 398 0 8542
5106 0.014388569979928434 398 965 396 2 8568
5107 0.05445519502973184 398 1 398 0 8568
5108 0.014485745981801301 399 825 397 2 8593
5109 0.0504672970273532 399 1 399 0 8593
5110 0.010352868994232267 398 476 397 1 8507
5111 0.040902860986534506 398 1 398 0 8507
5112 0.01596446702023968 396 917 394 2 8482
5113 0.05307434196583927 396 1 396 0 8482
5114 0.014052015030756593 397 2199 393 4 8559
5115 0.09715909196529537 397 1 397 0 8559
5116 0.014418375038076192 398 1760 395 3 8613
5117 0.07254470395855606 398 1 398 0 8613
5118 0.014404594025108963 400 1082 398 2 8682
5119 0.06164336099755019 400 1 400 0 8682
5120 0.008094898017589003 398 397 398 0 8673
5121 0.029354346974287182 397 0 397 0 8652
5122 0.016333141014911234 398 1154 395 3 8657
5123 0.0604985419777222 399 140 398 1 8666
5124 0.010715092997998 398 408 397 1 8652
5125 0.039107886026613414 398 1 398 0 8652
5126 0.012036457017529756 400 498 398 2 8680
5127 0.04130299197277054 400 1 400 0 8680
5128 0.00993477099109441 397 396 397 0 8614
5129 0.02831405500182882 397 1 397 0 8614
5130 0.018516560026910156 399 975 396 3 8641
5131 0.0529608610086143 399 1 399 0 8641
5132 0.015577725949697196 395 698 394 1 8602
5133 0.04530978103866801 395 1 395 0 8603
5134 0.01694398798281327 398 1605 393 5 8617
5135 0.06761266599642113 398 1 398 0 8617
5136 0.012385722016915679 398 451 396 2 8597
5137 0.041416122985538095 398 1 398 0 8597
5138 0.018125712987966835 399 726 397 2 8624
5139 0.04516503302147612 399 1 399 0 8624
5140 0.01229949196567759 400 490 399 1 8651
5141 0.04136933200061321 400 1 400 0 8651
5142 0.009710044017992914 398 397 398 0 8610
5143 0.0282288960297592 398 1 398 0 8610
5144 0.017160703951958567 400 1075 398 2 8683
5145 0.06073236302472651 400 1 400 0 8683
5146 0.009787350019905716 398 397 398 0 8657
5147 0.029083780013024807 398 1 398 0 8657
5148 0.017930359987076372 394 484 392 2 8551
5149 0.04106908099493012 394 1 394 0 8551
5150 0.01980409398674965 400 2353 394 6 8701
5151 0.09676346799824387 400 1 400 0 8701
5152 0.00882879999699071 399 398 399 0 8720
5153 0.028191649995278567 399 1 399 0 8720
5154 0.01791950303595513 400 533 399 1 8761
5155 0.039132112986408174 400 1 400 0 8761
5156 0.009459225984755903 399 398 399 0 8754
5157 0.02810430998215452 399 1 399 0 8754
5158 0.010363945038989186 400 421 399 1 8774
5159 0.04103051399579272 400 1 400 0 8774
5160 0.008419664984103292 398 397 398 0 8751
5161 0.028111680992878973 398 1 398 0 8751
5162 0.018395196995697916 400 1595 398 2 8851
5163 0.0655113710090518 400 1 400 0 8851
5164 0.007973125029820949 398 397 398 0 8830
5165 0.02893514698371291 398 1 398 0 8831
5166 0.015612779010552913 398 932 396 2 8838
5167 0.054713263001758605 398 1 398 0 8838
5168 0.016614122956525534 394 793 392 2 8620
5169 0.0488703980227001 394 1 394 0 8620
5170 0.01743120001628995 400 1005 394 6 8683
5171 0.05397030699532479 400 1 400 0 8683
5172 0.009703884017653763 398 397 398 0 8650
5173 0.028633554989937693 398 1 398 0 8650
5174 0.012744159961584955 399 432 397 2 8659
5175 0.04044644604437053 399 1 399 0 8659
5176 0.010783876001369208 399 412 398 1 8677
5177 0.03920051496243104 399 1 399 0 8677
5178 0.01693158899433911 400 1009 399 1 8740
5179 0.054035406035836786 400 1 400 0 8740
5180 0.008613345969934016 397 396 397 0 8685
5181 0.02829688903875649 397 1 397 0 8685
5182 0.01289598795119673 398 479 395 3 8667
5183 0.04064678703434765 398 1 398 0 8667
5184 0.011455074010882527 399 433 397 2 8678
5185 0.040497292997315526 399 1 399 0 8678
5186 0.014582831994630396 399 1172 398 1 8709
5187 0.06276190100470558 399 1 399 0 8709
5188 0.01150135399075225 399 429 398 1 8710
5189 0.0403231309610419 399 1 399 0 8710
5190 0.012265451019629836 399 508 398 1 8698
5191 0.04201038501923904 399 1 399 0 8698
5192 0.011290127004031092 394 498 393 1 8563
5193 0.04161905701039359 394 1 394 0 8563
5194 0.015477344975806773 399 1494 393 6 8647
5195 0.0677406889735721 399 1 399 0 8647
5196 0.010104515997227281 397 413 396 1 8525
5197 0.039442709006834775 397 1 397 0 8526
5198 0.016202875005546957 397 1007 394 3 8497
5199 0.05364699201891199 397 1 397 0 8497
5200 0.015159496979322284 398 1871 395 3 8575
5201 0.07983905001310632 398 1 398 0 8575
5202 0.01495109498500824 398 624 396 2 8560
5203 0.040701749036088586 398 1 398 0 8560
5204 0.01484813098795712 399 1136 397 2 8565
5205 0.061137070995755494 399 1 399 0 8565
5206 0.010059517982881516 394 484 393 1 8426
5207 0.04150352400029078 394 1 394 0 8426
5208 0.01639775699004531 397 2105 391 6 8495
5209 0.08982316503534093 397 1 397 0 8495
5210 0.018235408002510667 395 1233 392 3 8482
5211 0.05870276497444138 395 1 395 0 8482
5212 0.016520291042979807 399 1272 394 5 8543
5213 0.06295879796380177 399 1 399 0 8543
5214 0.017041093029547483 399 924 398 1 8559
5215 0.05228141095722094 399 1 399 0 8559
5216 0.0171188410022296 395 800 394 1 8449
5217 0.04619245603680611 395 1 395 0 8449
5218 0.01807972398819402 398 2000 393 5 8521
5219 0.08005495299585164 398 1 398 0 8521
5220 0.017618350975681096 400 1207 398 2 8591
5221 0.06414351699640974 400 1 400 0 8591
5222 0.007379543036222458 397 396 397 0 8574
5223 0.028225962014403194 397 1 397 0 8574
5224 0.01443769398611039 399 1356 396 3 8612
5225 0.06821837701136246 399 1 399 0 8612
5226 0.014087256975471973 397 531 396 1 8565
5227 0.040370050992351025 397 1 397 0 8565
5228 0.017248746007680893 397 1292 394 3 8581
5229 0.06742756901076064 397 1 397 0 8582
5230 0.01689228997565806 399 1543 396 3 8628
5231 0.06722456403076649 399 1 399 0 8628
5232 0.019108559004962444 396 806 395 1 8537
5233 0.04948116495506838 396 1 396 0 8537
5234 0.015195553016383201 398 717 394 4 8457
5235 0.04431657801615074 398 1 398 0 8457
5236 0.01501555199502036 400 1418 398 2 8549
5237 0.06758630700642243 400 1 400 0 8549
5238 0.00918518501566723 399 398 399 0 8573
5239 0.027903457987122238 399 1 399 0 8573
5240 0.014448529982473701 395 533 394 1 8487
5241 0.0402546480181627 395 1 395 0 8487
5242 0.016608303994871676 399 1296 394 5 8551
5243 0.06555098999524489 399 1 399 0 8551
5244 0.012006081989966333 397 408 396 1 8427
5245 0.03835592698305845 397 1 397 0 8427
5246 0.0176141340052709 398 1168 395 3 8457
5247 0.05891089799115434 398 1 398 0 8457
5248 0.015387700055725873 400 575 398 2 8495
5249 0.04010368196759373 400 1 400 0 8495
5250 0.009489681979175657 395 394 395 0 8425
5251 0.02811153104994446 395 1 395 0 8425
5252 0.016865158977452666 398 760 393 5 8442
5253 0.04370495997136459 398 1 398 0 8442
5254 0.01624103303765878 398 1106 396 2 8473
5255 0.059355564997531474 398 1 398 0 8473
5256 0.01950354198925197 394 933 392 2 8374
5257 0.05339864897541702 395 354 394 1 8397
5258 0.018090410041622818 397 2527 392 5 8512
5259 0.10320718598086387 396 1 396 0 8489
5260 0.017932993010617793 397 900 393 4 8461
5261 0.04931826097890735 397 1 397 0 8462
5262 0.017938401026185602 395 1018 392 3 8324
5263 0.050716159981675446 395 1 395 0 8324
5264 0.01783138100290671 397 2783 392 5 8395
5265 0.102679904026445 397 1 397 0 8395
5266 0.01591583399567753 400 1548 397 3 8488
5267 0.06622132699703798 400 1 400 0 8488
5268 0.010118737001903355 400 399 400 0 8513
5269 0.029433205956593156 400 1 400 0 8513
5270 0.01243925205199048 394 393 394 0 8454
5271 0.027395344979595393 394 1 394 0 8454
5272 0.017060142010450363 397 1240 391 6 8487
5273 0.06107561895623803 397 1 397 0 8487
5274 0.01800673402613029 396 916 393 3 8421
5275 0.05053703102748841 396 1 396 0 8421
5276 0.0198767029796727 400 1497 396 4 8517
5277 0.06249174597905949 400 1 400 0 8517
5278 0.008733947004657239 398 397 398 0 8509
5279 0.02794460003497079 398 1 398 0 8509
5280 0.016367381962481886 398 426 396 2 8473
5281 0.03798889502650127 398 1 398 0 8473
5282 0.010007179982494563 397 441 395 2 8435
5283 0.040123400976881385 397 1 397 0 8435
5284 0.012465832056477666 396 503 393 3 8338
5285 0.04064037697389722 396 1 396 0 8338
5286 0.016769987007137388 395 1309 391 4 8253
5287 0.06508962699444965 395 1 395 0 8253
5288 0.016506140993442386 398 2206 393 5 8375
5289 0.09538718097610399 398 1 398 0 8375
5290 0.012087043025530875 399 435 397 2 8381
5291 0.040124242019373924 399 1 399 0 8381
5292 0.01828022499103099 399 803 398 1 8397
5293 0.04889700800413266 400 684 399 1 8441
5294 0.0240089189610444 400 398 400 0 8460
5295 0.029101067048031837 400 2 400 0 8460
5296 0.008400926948525012 397 395 397 0 8386
5297 0.02814715402200818 397 2 397 0 8386
5298 0.01956299098674208 398 1225 395 3 8420
5299 0.06009065004764125 398 2 398 0 8420
5300 0.015088120999280363 398 542 396 2 8425
5301 0.03912860597483814 398 2 398 0 8425
5302 0.016619081026874483 398 517 396 2 8364
5303 0.0384318299475126 398 2 398 0 8364
5304 0.017756658024154603 399 974 397 2 8396
5305 0.05165351799223572 398 1 398 0 8353
5306 0.01778825599467382 398 941 396 2 8367
5307 0.05228572798660025 398 1 398 0 8367
5308 0.016647181997541338 397 604 395 2 8337
5309 0.040256100008264184 397 1 397 0 8337
5310 0.013798133993986994 400 546 397 3 8368
5311 0.04086451401235536 400 1 400 0 8368
5312 0.011936436989344656 399 398 399 0 8370
5313 0.027628505020402372 399 1 399 0 8370
5314 0.009535000019241124 400 429 399 1 8403
5315 0.03980872896499932 400 1 400 0 8403
5316 0.007371290004812181 399 398 399 0 8409
5317 0.027370418014470488 399 1 399 0 8409
5318 0.010468692984431982 399 419 398 1 8406
5319 0.039853896014392376 399 1 399 0 8406
5320 0.015245156013406813 399 1039 398 1 8449
5321 0.06127417698735371 399 1 399 0 8449
5322 0.013348699023481458 398 823 397 1 8433
5323 0.05078904895344749 398 1 398 0 8433
5324 0.014003482006955892 400 1184 398 2 8507
5325 0.0632649670005776 400 1 400 0 8508
5326 0.011286630993708968 398 397 398 0 8480
5327 0.0278828670270741 398 1 398 0 8480
5328 0.01585649501066655 397 607 395 2 8436
5329 0.039663299976382405 397 1 397 0 8436
5330 0.015391936991363764 399 2326 396 3 8555
5331 0.09942442498868331 399 1 399 0 8555
5332 0.017698881041724235 398 708 397 1 8545
5333 0.04536597500555217 398 1 398 0 8545
5334 0.01440558600006625 396 576 394 2 8459
5335 0.04038823797600344 396 1 396 0 8459
5336 0.0159645969979465 396 740 392 4 8367
5337 0.043370947998482734 396 1 396 0 8367
5338 0.01790913799777627 397 692 393 4 8345
5339 0.04109899600734934 397 1 397 0 8345
5340 0.015469724021386355 398 1358 395 3 8367
5341 0.06604714598506689 398 1 398 0 8367
5342 0.014997855003457516 399 1098 397 2 8416
5343 0.06061131099704653 399 1 399 0 8416
5344 0.010746650979854167 398 412 397 1 8389
5345 0.03820721304509789 398 1 398 0 8389
5346 0.01540336397010833 399 1026 397 2 8441
5347 0.05836428701877594 399 1 399 0 8441
5348 0.01518588699400425 398 580 397 1 8438
5349 0.04005593998590484 398 1 398 0 8438
5350 0.016060831025242805 398 539 396 2 8412
5351 0.0399678879766725 398 1 398 0 8412
5352 0.016202384023927152 397 607 395 2 8430
5353 0.040260846959427 397 1 397 0 8430
5354 0.01682018203428015 399 1972 396 3 8542
5355 0.0845403199782595 399 1 399 0 8542
5356 0.010421272017993033 399 434 398 1 8554
5357 0.04063284600852057 399 1 399 0 8555
5358 0.010346959985326976 398 420 397 1 8507
5359 0.04049894498893991 398 1 398 0 8507
5360 0.014544685021974146 399 570 397 2 8513
5361 0.04058018699288368 399 1 399 0 8513
5362 0.010395092016551644 400 476 399 1 8542
5363 0.040898404957260936 400 1 400 0 8542
5364 0.008749601023737341 398 397 398 0 8517
5365 0.02830338798230514 398 1 398 0 8517
5366 0.014957364997826517 398 811 396 2 8491
5367 0.049306092027109116 398 1 398 0 8491
5368 0.01565532200038433 399 1187 397 2 8554
5369 0.06390463799471036 399 1 399 0 8554
5370 0.01601690601091832 398 956 397 1 8573
5371 0.05491591797908768 398 1 398 0 8573
5372 0.011825940979178995 399 463 397 2 8565
5373 0.04086977202678099 399 1 399 0 8565
5374 0.016262134013231844 397 1060 396 1 8541
5375 0.060895178001374006 397 1 397 0 8541
5376 0.016648673976305872 396 1452 393 3 8509
5377 0.06887842802098021 396 1 396 0 8509
5378 0.014448200003243983 399 515 395 4 8522
5379 0.03995002998271957 399 1 399 0 8522
5380 0.010196965013165027 400 421 399 1 8546
5381 0.04069284599972889 400 1 400 0 8546
5382 0.008098402991890907 398 397 398 0 8512
5383 0.02810905600199476 398 1 398 0 8512
5384 0.015994723013136536 400 1070 398 2 8589
5385 0.06027078995248303 400 1 400 0 8589
5386 0.008002378046512604 398 397 398 0 8568
5387 0.027941134991124272 398 1 398 0 8568
5388 0.010426760010886937 396 438 394 2 8497
5389 0.040654538956005126 396 1 396 0 8498
5390 0.014092555036768317 398 1594 394 4 8558
5391 0.06925998098449782 398 1 398 0 8558
5392 0.014027557976078242 398 631 396 2 8506
5393 0.04096353304339573 398 1 398 0 8506
5394 0.014248829975258559 397 1510 395 2 8557
5395 0.06777437898563221 397 1 397 0 8557
5396 0.014747679990250617 400 1083 397 3 8622
5397 0.06125419703312218 400 1 400 0 8622
5398 0.007935758971143514 396 395 396 0 8472
5399 0.02792187500745058 396 1 396 0 8472
5400 0.015395332011394203 399 1127 395 4 8472
5401 0.05882179399486631 399 1 399 0 8472
5402 0.014807939995080233 399 673 398 1 8485
5403 0.04548262001480907 399 1 399 0 8485
5404 0.010142002021893859 396 412 395 1 8388
5405 0.039295927970670164 396 1 396 0 8388
5406 0.015110374020878226 398 1836 394 4 8480
5407 0.07871904800413176 398 1 398 0 8480
5408 0.014014677959494293 398 655 396 2 8446
5409 0.045091481995768845 398 1 398 0 8446
5410 0.014797865005675703 399 1002 397 2 8495
5411 0.054560524004045874 399 1 399 0 8495
5412 0.014238385017961264 399 762 398 1 8507
5413 0.045680726994760334 399 1 399 0 8507
5414 0.014668360003270209 399 1174 398 1 8566
5415 0.06150230998173356 399 1 399 0 8566
5416 0.01048612903105095 397 512 396 1 8504
5417 0.04125412896974012 397 1 397 0 8504
5418 0.014817494025919586 399 1234 396 3 8570
5419 0.06341744598466903 399 1 399 0 8570
5420 0.015858528029639274 400 550 399 1 8602
5421 0.040005483955610543 400 1 400 0 8603
5422 0.009428300021681935 399 398 399 0 8601
5423 0.028105852019507438 399 1 399 0 8601
5424 0.01218060398241505 399 437 398 1 8609
5425 0.04018467298010364 399 1 399 0 8609
5426 0.012440554040949792 398 433 397 1 8570
5427 0.03996186895528808 398 1 398 0 8570
5428 0.01579766604118049 399 1001 397 2 8601
5429 0.05361524398904294 399 1 399 0 8601
5430 0.011775185004808009 395 411 394 1 8520
5431 0.03847440500976518 395 1 395 0 8520
5432 0.016523625992704183 399 563 394 5 8550
5433 0.039677681983448565 399 1 399 0 8550
5434 0.01200645201606676 398 498 397 1 8558
5435 0.04111856600502506 398 1 398 0 8558
5436 0.0166553040035069 397 622 395 2 8491
5437 0.039949970960151404 397 1 397 0 8491
5438 0.01630317501258105 396 1096 393 3 8412
5439 0.05855363100999966 396 1 396 0 8412
5440 0.016330486978404224 396 1598 392 4 8445
5441 0.06732349301455542 396 1 396 0 8445
5442 0.01697200897615403 398 1143 394 4 8494
5443 0.05889364203903824 398 1 398 0 8494
5444 0.015353919996414334 399 721 397 2 8513
5445 0.04469351499574259 399 1 399 0 8513
5446 0.01174151396844536 399 446 398 1 8508
5447 0.0401742480462417 399 1 399 0 8508
5448 0.0119524109759368 397 409 396 1 8497
5449 0.03860850603086874 397 1 397 0 8497
5450 0.01732607197482139 399 936 396 3 8528
5451 0.053406369988806546 399 1 399 0 8528
5452 0.01105838903458789 398 416 397 1 8454
5453 0.03844637196743861 398 1 398 0 8455
5454 0.016751097980886698 399 1110 397 2 8499
5455 0.0587313580326736 399 1 399 0 8499
5456 0.011813321965746582 398 406 397 1 8462
5457 0.038452682027127594 398 1 398 0 8462
5458 0.016413500998169184 399 861 397 2 8485
5459 0.049334996030665934 399 1 399 0 8485
5460 0.01613169797929004 396 696 395 1 8432
5461 0.044884671980980784 396 1 396 0 8432
5462 0.018187856010627 400 2000 396 4 8554
5463 0.08359580201795325 400 1 400 0 8554
5464 0.009690673963632435 400 399 400 0 8590
5465 0.027803738019429147 400 1 400 0 8590
5466 0.009446487994864583 400 399 400 0 8613
5467 0.027651418989989907 400 1 400 0 8613
5468 0.009437544038519263 400 399 400 0 8636
5469 0.027743268001358956 400 1 400 0 8636
5470 0.009428700956050307 398 397 398 0 8625
5471 0.027997729019261897 398 1 398 0 8625
5472 0.01658917497843504 397 857 395 2 8601
5473 0.04876897600479424 397 1 397 0 8601
5474 0.016608314006589353 400 1874 397 3 8722
5475 0.08037412300473079 400 1 400 0 8722
5476 0.009779907995834947 398 397 398 0 8672
5477 0.028197420004289597 398 1 398 0 8672
5478 0.016782735008746386 397 768 395 2 8638
5479 0.04536448296857998 397 1 397 0 8638
5480 0.011907603999134153 398 496 395 3 8621
5481 0.04076283104950562 398 1 398 0 8621
5482 0.016485398984514177 399 816 397 2 8628
5483 0.04963664896786213 399 1 399 0 8628
5484 0.01590784202562645 399 577 398 1 8658
5485 0.040617333026602864 399 1 399 0 8659
5486 0.018555617949459702 397 1424 396 1 8628
5487 0.06955501402262598 397 1 397 0 8628
5488 0.015903405030258 400 836 397 3 8681
5489 0.049749358964618295 400 1 400 0 8681
5490 0.009352986991871148 397 396 397 0 8630
5491 0.028399402042850852 397 1 397 0 8630
5492 0.01659216999541968 398 1133 395 3 8664
5493 0.0614221389987506 398 1 398 0 8664
5494 0.01002832199446857 396 470 394 2 8596
5495 0.0412094320054166 396 1 396 0 8596
5496 0.015070643974468112 397 1565 393 4 8594
5497 0.06865096598630771 397 1 397 0 8594
5498 0.014539177005644888 399 1244 396 3 8636
5499 0.06428162299562246 399 1 399 0 8636
5500 0.014209732005838305 399 978 398 1 8694
5501 0.05619087198283523 399 1 399 0 8694
5502 0.0102103550452739 400 432 399 1 8723
5503 0.0410218010074459 400 1 400 0 8723
5504 0.008259183960035443 398 397 398 0 8707
5505 0.028801547014154494 398 1 398 0 8707
5506 0.014573217020370066 397 1552 395 2 8755
5507 0.0685493639903143 397 1 397 0 8755
5508 0.014670592965558171 399 722 396 3 8771
5509 0.045580988051369786 399 1 399 0 8771
5510 0.01501597196329385 397 687 396 1 8679
5511 0.04587184498086572 397 1 397 0 8679
5512 0.014743713021744043 398 1059 395 3 8688
5513 0.06013639800949022 398 1 398 0 8688
5514 0.014534869987983257 397 822 395 2 8688
5515 0.04982245800783858 397 1 397 0 8688
5516 0.014814320020377636 396 1299 393 3 8700
5517 0.06656600499991328 396 1 396 0 8701
5518 0.01488638698356226 398 653 394 4 8705
5519 0.04524402198148891 398 1 398 0 8705
5520 0.014509381027892232 397 633 395 2 8656
5521 0.041265016014222056 397 1 397 0 8656
5522 0.015615532000083476 398 813 395 3 8649
5523 0.0494699589908123 398 1 398 0 8649
5524 0.0160071809659712 399 615 397 2 8665
5525 0.040832746017258614 399 1 399 0 8665
5526 0.011671028973069042 395 455 394 1 8544
5527 0.041081690054852515 395 1 395 0 8544
5528 0.016981023945845664 399 1778 394 5 8628
5529 0.0727136280038394 399 1 399 0 8628
5530 0.013836420024745166 397 524 396 1 8598
5531 0.04116880102083087 397 1 397 0 8598
5532 0.014790743996854872 398 781 395 3 8593
5533 0.04947334399912506 398 1 398 0 8593
5534 0.014291834959294647 397 889 395 2 8548
5535 0.050640616042073816 397 1 397 0 8548
5536 0.01510341395623982 400 1533 397 3 8645
5537 0.06871195801068097 400 1 400 0 8645
5538 0.008381768013350666 398 397 398 0 8588
5539 0.028450530022382736 398 1 398 0 8588
5540 0.01583884796127677 397 1083 395 2 8551
5541 0.058829876012168825 397 1 397 0 8551
5542 0.014418645005207509 399 1191 396 3 8580
5543 0.06341005500871688 399 1 399 0 8580
5544 0.016907403012737632 396 1117 395 1 8536
5545 0.06056994997197762 396 1 396 0 8536
5546 0.01414731697877869 400 1142 396 4 8611
5547 0.06156422302592546 400 1 400 0 8611
5548 0.008247327001299709 400 399 400 0 8628
5549 0.028379402006976306 400 1 400 0 8629
5550 0.008293916995171458 399 398 399 0 8634
5551 0.028535696968901902 399 1 399 0 8634
5552 0.011737989028915763 398 422 397 1 8598
5553 0.04030994197819382 398 1 398 0 8598
5554 0.010130795009899884 400 466 398 2 8619
5555 0.04108116903807968 400 1 400 0 8619
5556 0.00814877898665145 398 397 398 0 8573
5557 0.028281586011871696 398 1 398 0 8573
5558 0.014752005983609706 398 1017 396 2 8585
5559 0.055848298012278974 398 1 398 0 8585
5560 0.014350852987263352 397 916 395 2 8569
5561 0.05463804001919925 397 1 397 0 8569
5562 0.014430612965952605 400 592 397 3 8608
5563 0.04062917100964114 400 1 400 0 8608
5564 0.008353165001608431 398 397 398 0 8612
5565 0.02873485698364675 398 1 398 0 8612
5566 0.014775911986362189 395 618 393 2 8526
5567 0.04035654105246067 395 1 395 0 8526
5568 0.014868270955048501 399 1318 394 5 8602
5569 0.06752453400986269 399 1 399 0 8602
5570 0.014331393991596997 398 1407 397 1 8625
5571 0.07040738401701674 398 1 398 0 8625
5572 0.014370332995895296 398 861 396 2 8585
5573 0.05072813801234588 398 1 398 0 8585
5574 0.0144595269812271 397 1218 395 2 8625
5575 0.06464088300708681 397 1 397 0 8625
5576 0.014529842010233551 398 1244 395 3 8648
5577 0.06456745398463681 398 1 398 0 8648
5578 0.014933558006305248 398 782 396 2 8671
5579 0.04950401000678539 398 1 398 0 8671
5580 0.014780527970287949 398 1013 396 2 8658
5581 0.05618441302794963 398 1 398 0 8659
5582 0.010417145967949182 399 428 397 2 8657
5583 0.04079051304142922 399 1 399 0 8657
5584 0.014194878982380033 398 600 397 1 8665
5585 0.041808872018009424 398 1 398 0 8665
5586 0.014381418994162232 397 1562 395 2 8658
5587 0.06903594499453902 397 1 397 0 8658
5588 0.014523653022479266 394 1412 391 3 8541
5589 0.0692233860027045 394 1 394 0 8541
5590 0.014974298945162445 399 1789 393 6 8631
5591 0.07219009200343862 399 1 399 0 8631
5592 0.014480188023298979 398 577 397 1 8638
5593 0.040970553003717214 398 1 398 0 8638
5594 0.010516324022319168 400 458 398 2 8669
5595 0.04130164097296074 400 1 400 0 8669
5596 0.008326574985403568 399 398 399 0 8670
5597 0.028161336027551442 399 1 399 0 8670
5598 0.010351066011935472 398 472 397 1 8670
5599 0.0422130289953202 398 1 398 0 8670
5600 0.014445735956542194 398 778 396 2 8649
5601 0.049798552005086094 398 1 398 0 8649
5602 0.013758654007688165 399 923 397 2 8665
5603 0.054900274029932916 399 1 399 0 8665
5604 0.013427245954517275 398 569 397 1 8632
5605 0.04062095802510157 398 1 398 0 8632
5606 0.01409767399309203 399 551 397 2 8660
5607 0.040603552013635635 399 1 399 0 8660
5608 0.010260559967719018 398 499 397 1 8666
5609 0.042437757016159594 398 1 398 0 8666
5610 0.014989822986535728 399 526 397 2 8629
5611 0.04046653601108119 399 1 399 0 8629
5612 0.010460541001521051 396 408 395 1 8564
5613 0.03892559203086421 396 1 396 0 8565
5614 0.0158557029790245 399 1285 395 4 8616
5615 0.06643952499143779 399 1 399 0 8616
5616 0.011679782008286566 398 408 397 1 8605
5617 0.03878203599015251 398 1 398 0 8605
5618 0.0143284400110133 399 1080 397 2 8652
5619 0.061310741992201656 399 1 399 0 8652
5620 0.01211528602289036 398 459 397 1 8601
5621 0.040887127979658544 398 1 398 0 8601
5622 0.012114114011637866 399 444 397 2 8605
5623 0.04064748797100037 399 1 399 0 8605
5624 0.011620623001363128 397 409 396 1 8604
5625 0.03917005902621895 397 1 397 0 8604
5626 0.015636163007002324 400 1076 397 3 8673
5627 0.05930104397702962 400 1 400 0 8673
5628 0.009230784024111927 400 399 400 0 8698
5629 0.028283918974921107 400 1 400 0 8698
5630 0.009939107985701412 399 398 399 0 8695
5631 0.028262196050491184 399 1 399 0 8695
5632 0.012004218995571136 397 415 396 1 8585
5633 0.03896283800713718 397 1 397 0 8585
5634 0.01666340697556734 399 946 396 3 8620
5635 0.05377287097508088 399 1 399 0 8620
5636 0.011994254018645734 396 473 395 1 8541
5637 0.04119869600981474 396 1 396 0 8541
5638 0.01576659898273647 396 1530 392 4 8580
5639 0.06715263600926846 396 1 396 0 8580
5640 0.015490324993152171 397 590 393 4 8577
5641 0.04061751300469041 397 1 397 0 8577
5642 0.016313481028191745 397 1053 394 3 8596
5643 0.05908852495485917 397 1 397 0 8596
5644 0.017220012028701603 400 1201 397 3 8668
5645 0.06440586101962253 400 1 400 0 8669
5646 0.010265196964610368 397 396 397 0 8604
5647 0.02797176002059132 397 1 397 0 8604
5648 0.013840136991348118 397 1025 394 3 8614
5649 0.060366664023604244 397 1 397 0 8614
5650 0.013008797948714346 397 637 394 3 8540
5651 0.04111971700331196 397 1 397 0 8540
5652 0.016098899010103196 398 1336 395 3 8585
5653 0.06472647201735526 399 461 398 1 8614
5654 0.017623278021346778 399 782 398 1 8637
5655 0.05573249398730695 399 2 399 0 8637
5656 0.010101921972818673 397 457 396 1 8614
5657 0.04132802999811247 397 2 397 0 8614
5658 0.014846147038042545 399 560 396 3 8650
5659 0.03981112199835479 399 2 399 0 8650
5660 0.01469027396524325 398 709 397 1 8671
5661 0.04523992503527552 398 2 398 0 8671
5662 0.016507111955434084 398 879 396 2 8644
5663 0.04962444002740085 398 2 398 0 8645
5664 0.016400512016844004 397 884 395 2 8654
5665 0.05015444598393515 397 2 397 0 8654
5666 0.016566501988563687 397 1566 394 3 8702
5667 0.06740787898888811 397 2 397 0 8702
5668 0.016930226993281394 399 928 396 3 8744
5669 0.054489157046191394 399 2 399 0 8744
5670 0.01610723097110167 397 525 396 1 8723
5671 0.04064081801334396 397 2 397 0 8723
5672 0.016752390016335994 397 1751 394 3 8812
5673 0.07333717495203018 396 1 396 0 8782
5674 0.018070279038511217 398 2298 394 4 8876
5675 0.09479131596162915 398 1 398 0 8876
5676 0.015547201037406921 398 663 396 2 8858
5677 0.045510711963288486 398 1 398 0 8859
5678 0.012838652008213103 400 429 398 2 8888
5679 0.0410055160173215 400 1 400 0 8888
5680 0.008240856986958534 397 396 397 0 8859
5681 0.02860371902352199 397 1 397 0 8859
5682 0.015498837979976088 396 1222 393 3 8789
5683 0.06385065603535622 396 1 396 0 8789
5684 0.014421709987800568 398 1905 394 4 8831
5685 0.0815995839657262 398 1 398 0 8831
5686 0.014616913045756519 400 1734 398 2 8943
5687 0.07446451694704592 400 1 400 0 8943
5688 0.00942271202802658 396 395 396 0 8835
5689 0.028107114019803703 396 1 396 0 8835
5690 0.01619250897783786 399 1686 395 4 8931
5691 0.07124047598335892 399 1 399 0 8931
5692 0.01703974202973768 398 806 397 1 8937
5693 0.049379311967641115 398 1 398 0 8937
5694 0.016948064032476395 398 832 396 2 8961
5695 0.04998040496138856 398 1 398 0 8961
5696 0.015154350025113672 394 901 392 2 8798
5697 0.05410142400069162 394 1 394 0 8798
5698 0.015409944986458868 397 2354 391 6 8789
5699 0.10103244899073616 397 1 397 0 8789
5700 0.015602694009430707 396 568 393 3 8716
5701 0.03961407602764666 396 1 396 0 8716
5702 0.015181260008830577 398 587 394 4 8722
5703 0.0407360409735702 398 1 398 0 8722
5704 0.014483924023807049 398 904 396 2 8735
5705 0.05474925698945299 398 1 398 0 8735
5706 0.01446627697441727 397 623 395 2 8698
5707 0.041341410018503666 397 1 397 0 8698
5708 0.010330865974538028 399 460 396 3 8682
5709 0.04149867600062862 399 1 399 0 8683
5710 0.010250676015857607 398 427 397 1 8624
5711 0.04100005701184273 398 1 398 0 8624
5712 0.014726007007993758 399 1062 397 2 8659
5713 0.06155917496653274 399 1 399 0 8659
5714 0.017646704043727368 394 1168 393 1 8528
5715 0.06153860397171229 394 1 394 0 8528
5716 0.014324383984785527 396 1337 390 6 8528
5717 0.06584810599451885 396 1 396 0 8528
5718 0.014474919997155666 399 1188 395 4 8581
5719 0.06324605800909922 399 1 399 0 8581
5720 0.014352586003951728 397 784 396 1 8535
5721 0.05017574899829924 397 1 397 0 8535
5722 0.014560126990545541 398 972 395 3 8548
5723 0.054190249007660896 398 1 398 0 8548
5724 0.010451617010403425 397 485 395 2 8545
5725 0.04103561001829803 397 1 397 0 8545
5726 0.015794912993442267 398 896 395 3 8555
5727 0.05005540797719732 398 1 398 0 8555
5728 0.014176261029206216 397 1371 395 2 8464
5729 0.06972810399020091 397 1 397 0 8464
5730 0.01563604298280552 395 1434 392 3 8414
5731 0.06570887804264203 395 1 395 0 8414
5732 0.014444443979300559 399 1431 394 5 8460
5733 0.06641267397208139 399 1 399 0 8460
5734 0.00999549200059846 397 410 396 1 8422
5735 0.03859120002016425 397 1 397 0 8422
5736 0.014615740976296365 398 807 395 3 8419
5737 0.04936730500776321 398 1 398 0 8419
5738 0.014468329027295113 399 666 397 2 8423
5739 0.0452910530148074 399 1 399 0 8423
5740 0.014230603002943099 400 610 399 1 8462
5741 0.041041538992431015 400 1 400 0 8463
5742 0.008006474992725998 396 395 396 0 8342
5743 0.028207834984641522 396 1 396 0 8342
5744 0.014559267030563205 399 1509 395 4 8416
5745 0.06707871396793053 399 1 399 0 8416
5746 0.014072336023673415 400 569 399 1 8446
5747 0.04042023600777611 400 1 400 0 8446
5748 0.008021797984838486 397 396 397 0 8314
5749 0.028220464009791613 397 1 397 0 8314
5750 0.01549348997650668 396 1218 393 3 8305
5751 0.062133077008184046 396 1 396 0 8305
5752 0.01895202399464324 398 818 394 4 8322
5753 0.04731772601371631 398 1 398 0 8322
5754 0.011717367975506932 396 479 394 2 8229
5755 0.040317551989573985 396 1 396 0 8229
5756 0.014906538010109216 399 1092 395 4 8264
5757 0.05928874603705481 399 1 399 0 8264
5758 0.0099456169991754 398 413 397 1 8212
5759 0.038363026978913695 398 1 398 0 8212
5760 0.014453667972702533 397 850 395 2 8195
5761 0.04844511899864301 397 1 397 0 8195
5762 0.014301509014330804 399 875 396 3 8215
5763 0.049551650998182595 399 1 399 0 8215
5764 0.014401599997654557 397 926 396 1 8192
5765 0.05469434498809278 397 1 397 0 8192
5766 0.014556983020156622 398 2495 395 3 8332
5767 0.1006840459886007 398 1 398 0 8332
5768 0.010173338989261538 399 469 397 2 8339
5769 0.040164263045880944 399 1 399 0 8339
5770 0.010146068001631647 398 422 397 1 8290
5771 0.03964048600755632 398 1 398 0 8290
5772 0.01010276295710355 396 430 394 2 8267
5773 0.04041306598810479 396 1 396 0 8268
5774 0.01885588903678581 399 750 395 4 8300
5775 0.041973209008574486 399 1 399 0 8300
5776 0.011481503956019878 398 417 397 1 8230
5777 0.03983202402014285 398 1 398 0 8230
5778 0.01453071302967146 399 1103 397 2 8288
5779 0.0587075519724749 399 1 399 0 8288
5780 0.015228292031679302 398 416 397 1 8274
5781 0.03660652897087857 398 1 398 0 8274
5782 0.015801491972524673 397 516 395 2 8239
5783 0.03891265200218186 397 1 397 0 8239
5784 0.015488622011616826 397 1605 394 3 8293
5785 0.06670617603231221 397 1 397 0 8293
5786 0.015666368999518454 400 1125 397 3 8365
5787 0.05879912996897474 400 1 400 0 8365
5788 0.008306155039463192 397 396 397 0 8286
5789 0.028383608965668827 397 1 397 0 8286
5790 0.01619640499120578 398 960 395 3 8316
5791 0.05315745703410357 398 1 398 0 8316
5792 0.015607810986693949 399 647 397 2 8355
5793 0.043230987968854606 399 1 399 0 8355
5794 0.015204095048829913 397 814 396 1 8346
5795 0.04900920600630343 397 1 397 0 8346
5796 0.01568732096347958 396 760 393 3 8296
5797 0.043532760988455266 396 1 396 0 8296
5798 0.015509053017012775 397 1152 393 4 8300
5799 0.0587451690225862 397 1 397 0 8300
5800 0.01603186799911782 397 1013 394 3 8294
5801 0.05198208196088672 397 1 397 0 8294
5802 0.015469483041670173 400 1541 397 3 8391
5803 0.06562015396775678 400 1 400 0 8391
5804 0.00808784703258425 397 396 397 0 8349
5805 0.028041344950906932 397 1 397 0 8350
5806 0.015170414000749588 397 719 394 3 8339
5807 0.043820073013193905 397 1 397 0 8339
5808 0.016137616999913007 398 1221 395 3 8363
5809 0.05899277102435008 398 1 398 0 8363
5810 0.01461459998972714 396 993 394 2 8295
5811 0.05357395199825987 396 1 396 0 8295
5812 0.014812657027505338 399 1010 395 4 8325
5813 0.053867211972828954 399 1 399 0 8325
5814 0.014281900017522275 400 788 399 1 8379
5815 0.04974935797508806 400 1 400 0 8379
5816 0.008060135995037854 396 395 396 0 8358
5817 0.028361816017422825 396 1 396 0 8358
5818 0.015414150024298579 397 828 393 4 8354
5819 0.04851442395010963 397 1 397 0 8354
5820 0.014287057041656226 399 1121 396 3 8413
5821 0.05929526500403881 399 1 399 0 8413
5822 0.010209854983258992 399 485 398 1 8431
5823 0.04064443300012499 399 1 399 0 8431
5824 0.010016202984843403 398 417 397 1 8445
5825 0.039887427003122866 398 1 398 0 8445
5826 0.01809634902747348 397 1421 395 2 8486
5827 0.06599539698800072 397 1 397 0 8486
5828 0.013134626962710172 396 1678 393 3 8526
5829 0.07277122401865199 396 1 396 0 8526
5830 0.014188589993864298 399 1623 395 4 8624
5831 0.06868261401541531 399 1 399 0 8624
5832 0.01574356498895213 399 1170 398 1 8681
5833 0.06230997300008312 399 1 399 0 8681
5834 0.013821087020915002 398 568 397 1 8658
5835 0.041115761967375875 398 1 398 0 8658
5836 0.01456104899989441 396 707 394 2 8594
5837 0.045265293039847165 396 1 396 0 8595
5838 0.014642681984696537 398 974 394 4 8625
5839 0.05434010300086811 398 1 398 0 8625
5840 0.014394899015314877 397 581 395 2 8607
5841 0.04081628198036924 397 1 397 0 8607
5842 0.014683432993479073 398 1498 395 3 8652
5843 0.06947179901180789 398 1 398 0 8652
5844 0.014826207014266402 398 1407 396 2 8695
5845 0.06823630398139358 398 1 398 0 8695
5846 0.015007378999143839 398 938 396 2 8691
5847 0.054356718028429896 398 1 398 0 8691
5848 0.014265295001678169 398 670 396 2 8696
5849 0.04547383595490828 398 1 398 0 8696
5850 0.010333960992284119 399 431 397 2 8708
5851 0.04101325699593872 399 1 399 0 8708
5852 0.01054908405058086 400 409 399 1 8741
5853 0.03951524698641151 400 1 400 0 8741
5854 0.00817985599860549 398 397 398 0 8723
5855 0.02832300798036158 398 1 398 0 8723
5856 0.014699407038278878 398 825 396 2 8739
5857 0.050599143956787884 398 1 398 0 8739
5858 0.014770393026992679 397 1024 395 2 8747
5859 0.055713166017085314 397 1 397 0 8747
5860 0.014551033964380622 399 903 396 3 8769
5861 0.054958541004452854 399 1 399 0 8769
5862 0.014173717994708568 396 712 395 1 8753
5863 0.0458107219892554 396 1 396 0 8753
5864 0.014511765039060265 398 1209 394 4 8783
5865 0.06236084899865091 398 1 398 0 8783
5866 0.014298294961918145 396 520 394 2 8712
5867 0.040813678002450615 396 1 396 0 8712
5868 0.014603192044887692 397 813 393 4 8663
5869 0.04875582596287131 397 1 397 0 8664
5870 0.014377443003468215 398 626 395 3 8666
5871 0.0411337889963761 398 1 398 0 8666
5872 0.014530032000038773 400 1658 398 2 8763
5873 0.06975623598555103 400 1 400 0 8763
5874 0.008085965004283935 397 396 397 0 8718
5875 0.02833267202368006 397 1 397 0 8718
5876 0.016112388984765857 397 755 394 3 8688
5877 0.045793527038767934 397 1 397 0 8688
5878 0.014614368963520974 399 1029 396 3 8716
5879 0.05999712902121246 399 1 399 0 8716
5880 0.0142069979920052 397 843 396 1 8702
5881 0.050263168988749385 397 1 397 0 8702
5882 0.014614910003729165 398 1464 395 3 8746
5883 0.06762724899454042 398 1 398 0 8746
5884 0.014432455995120108 397 718 395 2 8704
5885 0.04572407202795148 397 1 397 0 8704
5886 0.014563333010300994 398 764 395 3 8740
5887 0.04628554597729817 398 1 398 0 8740
5888 0.014665746013633907 399 910 397 2 8785
5889 0.05525165196741 399 1 399 0 8785
5890 0.014325294992886484 396 764 395 1 8720
5891 0.04610010702162981 396 1 396 0 8720
5892 0.015358828008174896 398 1214 394 4 8705
5893 0.06260592699982226 398 1 398 0 8705
5894 0.014449080976191908 397 944 395 2 8651
5895 0.05487196100875735 397 1 397 0 8651
5896 0.014435301010962576 399 2058 396 3 8771
5897 0.09332403197186068 399 1 399 0 8771
5898 0.010336915031075478 398 408 397 1 8756
5899 0.03973420598777011 398 1 398 0 8756
5900 0.01107380201574415 398 455 396 2 8715
5901 0.041227058973163366 398 1 398 0 8716
5902 0.01505588204599917 398 858 396 2 8692
5903 0.05080324097070843 398 1 398 0 8692
5904 0.01519016397651285 397 908 395 2 8678
5905 0.0546864130301401 397 1 397 0 8678
5906 0.014230562024749815 398 1012 395 3 8689
5907 0.05622895999113098 398 1 398 0 8689
5908 0.014297012996394187 397 624 395 2 8637
5909 0.04163406899897382 397 1 397 0 8637
5910 0.014594028994906694 396 590 393 3 8561
5911 0.040828961005900055 396 1 396 0 8561
5912 0.014267637976445258 399 1552 395 4 8643
5913 0.06841982901096344 399 1 399 0 8643
5914 0.010140209982637316 400 415 399 1 8672
5915 0.03911721002077684 400 1 400 0 8672
5916 0.009489370975643396 398 397 398 0 8652
5917 0.028279433026909828 398 1 398 0 8652
5918 0.01606902398634702 399 1430 397 2 8728
5919 0.0669815790024586 399 1 399 0 8728
5920 0.014966558024752885 399 775 398 1 8741
5921 0.04993130097864196 399 1 399 0 8741
5922 0.011738499975763261 400 415 399 1 8768
5923 0.039092062041163445 400 1 400 0 8768
5924 0.00958219199674204 399 398 399 0 8741
5925 0.028302707010880113 399 1 399 0 8741
5926 0.011055073991883546 396 417 395 1 8619
5927 0.04031372600002214 396 1 396 0 8619
5928 0.014963854977395386 399 1542 395 4 8689
5929 0.0684980460209772 399 1 399 0 8689
5930 0.01445831498131156 397 823 396 1 8657
5931 0.05034416099078953 397 1 397 0 8657
5932 0.01491297798929736 399 1031 396 3 8688
5933 0.06042059505125508 399 1 399 0 8689
5934 0.011261192965321243 398 417 397 1 8681
5935 0.040686366031877697 398 1 398 0 8681
5936 0.015007779991719872 397 1098 395 2 8683
5937 0.061604904010891914 397 1 397 0 8683
5938 0.014338394976221025 398 752 395 3 8669
5939 0.04580569500103593 398 1 398 0 8669
5940 0.01525075500831008 398 798 396 2 8671
5941 0.05007515801116824 398 1 398 0 8671
5942 0.014224472979549319 396 757 394 2 8557
5943 0.045688559010159224 396 1 396 0 8557
5944 0.014798426011111587 395 806 391 4 8445
5945 0.048384166962932795 395 1 395 0 8445
5946 0.016308964986819774 399 1649 394 5 8530
5947 0.06835457100532949 399 1 399 0 8530
5948 0.011728245008271188 400 408 399 1 8556
5949 0.03859218000434339 400 1 400 0 8556
5950 0.009671435982454568 400 399 400 0 8589
5951 0.028377931041177362 400 1 400 0 8589
5952 0.008561697963159531 399 398 399 0 8603
5953 0.028466173040214926 399 1 399 0 8603
5954 0.010541933006606996 400 423 399 1 8634
5955 0.04062266094842926 400 1 400 0 8634
5956 0.008761978999245912 399 398 399 0 8618
5957 0.028276879049371928 399 1 399 0 8618
5958 0.014740648970473558 400 986 399 1 8685
5959 0.0555156180053018 400 1 400 0 8685
5960 0.008204812998883426 393 392 393 0 8534
5961 0.0283158469828777 393 1 393 0 8534
5962 0.015095982991624624 395 2283 388 7 8585
5963 0.09648788400227204 395 1 395 0 8585
5964 0.015455463028047234 397 1976 392 5 8646
5965 0.08490058098686859 397 1 397 0 8647
5966 0.010321732028387487 398 448 395 3 8638
5967 0.041047257953323424 398 1 398 0 8638
5968 0.014979698054958135 399 1229 397 2 8664
5969 0.06487848999677226 399 1 399 0 8664
5970 0.014193827984854579 399 1026 398 1 8712
5971 0.0615342779783532 399 1 399 0 8712
5972 0.009984255011659116 396 429 395 1 8615
5973 0.04104674799600616 396 1 396 0 8615
5974 0.015168421028647572 400 832 396 4 8675
5975 0.050013534957543015 400 1 400 0 8675
5976 0.008681848994456232 395 394 395 0 8581
5977 0.028271421033423394 395 1 395 0 8581
5978 0.015252286975737661 399 1308 394 5 8651
5979 0.06613632902735844 399 1 399 0 8651
5980 0.009739217988681048 397 410 396 1 8634
5981 0.03958517202408984 397 1 397 0 8634
5982 0.014674209000077099 399 1314 396 3 8685
5983 0.0665441719465889 399 1 399 0 8685
5984 0.01436501502757892 398 919 397 1 8697
5985 0.05536621401552111 398 1 398 0 8697
5986 0.014324072981253266 398 1785 396 2 8787
5987 0.0740860590012744 398 1 398 0 8787
5988 0.010238507005851716 398 443 396 2 8761
5989 0.04162410501157865 398 1 398 0 8761
5990 0.017799382971134037 396 1182 394 2 8664
5991 0.059520083013921976 396 1 396 0 8664
5992 0.015178805973846465 399 2437 395 4 8814
5993 0.10170036304043606 399 1 399 0 8814
5994 0.014226856990717351 394 520 393 1 8681
5995 0.040869662014301866 394 1 394 0 8681
5996 0.01618208398576826 399 3244 393 6 8812
5997 0.11423721100436524 399 1 399 0 8813
5998 0.015152707986999303 397 1334 396 1 8811
5999 0.06918320601107553 397 1 397 0 8811
6000 0.015418276016134769 396 587 393 3 8741
6001 0.03972155699739233 396 1 396 0 8741
6002 0.015212657977826893 395 1203 391 4 8675
6003 0.06358062097569928 395 1 395 0 8675
6004 0.014537564013153315 399 1365 394 5 8708
6005 0.06849047599826008 399 1 399 0 8708
6006 0.010072016040794551 399 417 398 1 8694
6007 0.04089228599332273 399 1 399 0 8694
6008 0.010138407000340521 400 435 399 1 8726
6009 0.04060193995246664 400 1 400 0 8726
6010 0.008099514001514763 398 397 398 0 8700
6011 0.02822599303908646 398 1 398 0 8700
6012 0.01486870099324733 395 917 393 2 8600
6013 0.05451898102182895 395 1 395 0 8600
6014 0.015302292944397777 399 887 394 5 8560
6015 0.048956086044199765 399 1 399 0 8560
6016 0.015802634006831795 397 711 396 1 8523
6017 0.04519247397547588 397 1 397 0 8523
6018 0.018746395013295114 396 1956 393 3 8589
6019 0.08429928898112848 396 1 396 0 8589
6020 0.016425959998741746 400 1351 396 4 8669
6021 0.06697646103566512 400 1 400 0 8669
6022 0.008914387959521264 396 395 396 0 8599
6023 0.028306564025115222 396 1 396 0 8599
6024 0.01670964597724378 395 1044 391 4 8498
6025 0.059440102020744234 395 1 395 0 8498
6026 0.01659597596153617 397 1766 392 5 8511
6027 0.07348758005537093 397 1 397 0 8511
6028 0.015446077974047512 400 703 397 3 8557
6029 0.04441302397754043 400 1 400 0 8558
6030 0.00933345704106614 397 396 397 0 8511
6031 0.028059231990482658 397 1 397 0 8511
6032 0.016755805991124362 398 1046 395 3 8538
6033 0.058506690023932606 398 1 398 0 8538
6034 0.011950068001169711 399 462 397 2 8515
6035 0.04025707097025588 399 1 399 0 8515
6036 0.01162851502886042 397 410 396 1 8462
6037 0.03831528598675504 397 1 397 0 8462
6038 0.012106501962989569 399 454 396 3 8449
6039 0.04022953100502491 399 1 399 0 8449
6040 0.011748855002224445 399 433 398 1 8450
6041 0.0403561299899593 399 1 399 0 8450
6042 0.014317374036181718 397 893 396 1 8437
6043 0.05014235799899325 397 1 397 0 8437
6044 0.014604193973354995 398 1332 395 3 8474
6045 0.06795277801575139 398 1 398 0 8474
6046 0.01602376502705738 396 1331 394 2 8451
6047 0.06871377100469545 396 1 396 0 8451
6048 0.019717052986379713 397 1022 393 4 8441
6049 0.05244115099776536 400 635 397 3 8483
6050 0.02021376899210736 398 394 398 0 8469
6051 0.028457188978791237 397 3 397 0 8437
6052 0.014519767020829022 398 1461 395 3 8429
6053 0.06631240400020033 398 3 398 0 8429
6054 0.01499681401764974 398 665 396 2 8443
6055 0.044953414995688945 398 3 398 0 8443
6056 0.016088882985059172 395 841 393 2 8336
6057 0.04889237100724131 395 3 395 0 8336
6058 0.01685089897364378 399 1503 394 5 8417
6059 0.066524071036838 399 3 399 0 8417
6060 0.01600666099693626 396 1165 395 1 8401
6061 0.061449990957044065 396 3 396 0 8402
6062 0.01647373102605343 399 2304 395 4 8539
6063 0.09596368798520416 399 3 399 0 8539
6064 0.011820362007711083 398 408 397 1 8485
6065 0.03831991303013638 398 3 398 0 8485
6066 0.016510946967173368 398 949 396 2 8498
6067 0.05408170499140397 398 3 398 0 8498
6068 0.016309514991007745 400 1040 398 2 8555
6069 0.059901756001636386 400 3 400 0 8555
6070 0.00964646803913638 400 397 400 0 8581
6071 0.02886988897807896 400 3 400 0 8581
6072 0.008543752017430961 397 394 397 0 8515
6073 0.02814334799768403 397 3 397 0 8515
6074 0.015256573969963938 398 1841 395 3 8560
6075 0.07936001004418358 398 3 398 0 8560
6076 0.014420877967495471 399 597 397 2 8566
6077 0.04023240500828251 399 3 399 0 8566
6078 0.01582655997481197 399 833 398 1 8573
6079 0.049642608035355806 399 3 399 0 8573
6080 0.011698048969265074 397 499 396 1 8520
6081 0.04112985200481489 396 2 396 0 8483
6082 0.01680074300384149 397 627 393 4 8430
6083 0.039427296025678515 397 2 397 0 8430
6084 0.019084141997154802 398 1110 395 3 8413
6085 0.057387348962947726 399 21 398 1 8415
6086 0.014681771048344672 398 964 397 1 8412
6087 0.054448004986625165 398 3 398 0 8412
6088 0.016340441012289375 398 565 396 2 8385
6089 0.03952975996071473 398 3 398 0 8385
6090 0.016190135036595166 398 642 396 2 8390
6091 0.04428477096371353 398 3 398 0 8390
6092 0.015574591991025954 397 1196 395 2 8404
6093 0.06317667401162907 397 3 397 0 8404
6094 0.0145353710395284 397 957 394 3 8399
6095 0.05455283197807148 397 3 397 0 8399
6096 0.018116868974175304 397 1738 394 3 8417
6097 0.06835418101400137 397 3 397 0 8417
6098 0.017545161012094468 400 1061 397 3 8486
6099 0.05602310999529436 400 3 400 0 8486
6100 0.009290944028180093 397 394 397 0 8440
6101 0.02800928696524352 397 3 397 0 8440
6102 0.016618478985037655 400 867 397 3 8497
6103 0.04914870602078736 400 3 400 0 8497
6104 0.009731695987284184 398 395 398 0 8459
6105 0.027924830035772175 398 3 398 0 8459
6106 0.01650971599156037 400 676 398 2 8507
6107 0.043950358987785876 400 3 400 0 8507
6108 0.009421540016774088 398 395 398 0 8501
6109 0.02788762398995459 398 3 398 0 8501
6110 0.011958951014094055 398 420 396 2 8503
6111 0.03987671999493614 398 3 398 0 8503
6112 0.017811511002946645 396 1451 394 2 8494
6113 0.06713825499173254 396 3 396 0 8497
6114 0.013993857020977885 398 571 394 4 8464
6115 0.03967066097538918 398 3 398 0 8464
6116 0.014636711974162608 398 1459 396 2 8510
6117 0.06760257203131914 398 3 398 0 8510
6118 0.014761339989490807 397 932 395 2 8517
6119 0.053589095012284815 397 3 397 0 8517
6120 0.01612232398474589 398 1321 395 3 8545
6121 0.06666081701405346 398 3 398 0 8545
6122 0.013749781006481498 398 894 396 2 8576
6123 0.0504942869883962 398 3 398 0 8576
6124 0.0102654870133847 397 437 395 2 8555
6125 0.04024270997615531 397 3 397 0 8555
6126 0.016092389007098973 399 971 396 3 8596
6127 0.05276423698524013 398 2 398 0 8593
6128 0.014415540033951402 399 847 397 2 8639
6129 0.05013202299596742 399 2 399 0 8639
6130 0.011218719009775668 399 417 398 1 8618
6131 0.04024452297016978 399 2 399 0 8618
6132 0.01643954002065584 399 606 398 1 8638
6133 0.04056896996917203 399 2 399 0 8638
6134 0.011960993986576796 399 500 398 1 8653
6135 0.04139526200015098 399 2 399 0 8653
6136 0.012059732049237937 399 423 398 1 8676
6137 0.0405729659833014 399 2 399 0 8676
6138 0.012011079990770668 396 449 395 1 8653
6139 0.04062102799070999 396 2 396 0 8653
6140 0.01598464703420177 400 1273 396 4 8728
6141 0.06122119800420478 400 2 400 0 8728
6142 0.00969487999100238 399 397 399 0 8723
6143 0.028176657971926033 399 2 399 0 8723
6144 0.010374511999543756 400 451 399 1 8747
6145 0.0405043630162254 400 2 400 0 8749
6146 0.008292493992485106 397 395 397 0 8640
6147 0.02782308799214661 397 2 397 0 8640
6148 0.014307758014183491 399 577 396 3 8659
6149 0.03984022600343451 399 2 399 0 8659
6150 0.00962533598067239 398 417 397 1 8646
6151 0.03989392600487918 398 2 398 0 8646
6152 0.013526105030905455 399 1185 397 2 8711
6153 0.0639520589611493 399 2 399 0 8711
6154 0.013280716026201844 399 548 398 1 8723
6155 0.040327618014998734 399 2 399 0 8723
6156 0.01532096997834742 396 718 395 1 8644
6157 0.04497862298740074 396 2 396 0 8644
6158 0.013696560985408723 400 987 396 4 8706
6159 0.054598100017756224 400 2 400 0 8706
6160 0.00815588899422437 399 397 399 0 8710
6161 0.02759368298575282 399 2 399 0 8710
6162 0.009844956046435982 400 411 399 1 8739
6163 0.03884749498683959 400 2 400 0 8739
6164 0.009736432984936982 397 395 397 0 8704
6165 0.028142947005108 397 2 397 0 8704
6166 0.016525520011782646 395 1197 392 3 8669
6167 0.06083309499081224 395 2 395 0 8669
6168 0.016331919003278017 397 1041 392 5 8686
6169 0.05985343299107626 397 2 397 0 8686
6170 0.015251835982780904 399 991 396 3 8703
6171 0.05451503599761054 399 2 399 0 8703
6172 0.010167921020183712 398 450 397 1 8620
6173 0.04009736201260239 398 2 398 0 8620
6174 0.010176484007388353 400 501 398 2 8651
6175 0.040819215995725244 400 2 400 0 8651
6176 0.008286455005872995 398 396 398 0 8575
6177 0.028098149981815368 398 2 398 0 8577
6178 0.016488494002260268 398 725 396 2 8578
6179 0.04469853197224438 398 2 398 0 8578
6180 0.015809725038707256 394 590 392 2 8437
6181 0.039313865010626614 394 2 394 0 8437
6182 0.01622448698617518 397 1702 391 6 8425
6183 0.07012269698316231 397 2 397 0 8425
6184 0.01632666098885238 398 852 395 3 8412
6185 0.0491107790148817 398 2 398 0 8412
6186 0.015914331015665084 396 532 394 2 8352
6187 0.03915780101669952 396 2 396 0 8352
6188 0.016239900956861675 396 1262 392 4 8370
6189 0.0611651930375956 396 2 396 0 8370
6190 0.01633405196480453 400 1045 396 4 8436
6191 0.058150626020506024 400 2 400 0 8436
6192 0.010449473978951573 396 394 396 0 8367
6193 0.028179813001770526 396 2 396 0 8367
6194 0.015581722022034228 399 887 395 4 8414
6195 0.04915326298214495 399 2 399 0 8414
6196 0.009896423027385026 399 461 398 1 8409
6197 0.04067634098464623 399 2 399 0 8409
6198 0.010675464000087231 400 413 399 1 8437
6199 0.0379820850212127 400 2 400 0 8437
6200 0.007924921985249966 398 396 398 0 8448
6201 0.028142736991867423 398 2 398 0 8448
6202 0.014550474006682634 400 516 398 2 8486
6203 0.03931583801750094 400 2 400 0 8486
6204 0.008101706975139678 400 398 400 0 8508
6205 0.02808064396958798 400 2 400 0 8508
6206 0.008172375033609569 400 398 400 0 8532
6207 0.027963747968897223 400 2 400 0 8532
6208 0.00818670605076477 399 397 399 0 8549
6209 0.028211008990183473 399 2 399 0 8551
6210 0.015207049960736185 399 942 398 1 8583
6211 0.053958810050971806 399 2 399 0 8583
6212 0.014016720990184695 399 963 398 1 8623
6213 0.05574976000934839 399 2 399 0 8623
6214 0.014236080984119326 396 534 395 1 8581
6215 0.040265303978230804 396 2 396 0 8581
6216 0.01537611399544403 393 2123 389 4 8497
6217 0.09155297203687951 393 2 393 0 8497
6218 0.017190678976476192 399 1348 392 7 8567
6219 0.06391850800719112 399 2 399 0 8567
6220 0.010358828003518283 399 460 398 1 8588
6221 0.04071964701870456 399 2 399 0 8588
6222 0.014390742988325655 399 415 398 1 8590
6223 0.03767680597957224 399 2 399 0 8590
6224 0.010035572980996221 398 461 397 1 8568
6225 0.041090512997470796 398 2 398 0 8568
6226 0.014521470002364367 399 552 397 2 8554
6227 0.040310801996383816 399 2 399 0 8554
6228 0.015257715014740825 399 561 398 1 8546
6229 0.03926906798733398 399 2 399 0 8546
6230 0.01005259802332148 397 423 396 1 8516
6231 0.04061500000534579 397 2 397 0 8516
6232 0.014593567000702024 397 851 394 3 8498
6233 0.04963689000578597 397 2 397 0 8498
6234 0.018434185010846704 396 1372 393 3 8460
6235 0.06334114196943119 396 2 396 0 8460
6236 0.01836745598120615 398 1270 394 4 8517
6237 0.06007053900975734 398 2 398 0 8517
6238 0.018566575017757714 398 677 396 2 8524
6239 0.04123713402077556 398 2 398 0 8524
6240 0.017624489963054657 400 644 398 2 8560
6241 0.041315992013551295 400 2 400 0 8562
6242 0.008562450006138533 399 397 399 0 8571
6243 0.027541022980585694 399 2 399 0 8571
6244 0.018054286018013954 397 812 396 1 8540
6245 0.04639429901726544 397 2 397 0 8540
6246 0.014658745960332453 398 2070 395 3 8588
6247 0.09133061900502071 398 2 398 0 8588
6248 0.014546697027981281 397 834 395 2 8576
6249 0.04981944296741858 397 2 397 0 8576
6250 0.01444011804414913 400 960 397 3 8640
6251 0.053432869957759976 400 2 400 0 8640
6252 0.008114016032777727 398 396 398 0 8612
6253 0.028153623978141695 398 2 398 0 8612
6254 0.010629495023749769 397 459 395 2 8550
6255 0.040405643987469375 397 2 397 0 8550
6256 0.014681180007755756 397 944 394 3 8512
6257 0.05341078696073964 397 2 397 0 8512
6258 0.01438901002984494 400 541 397 3 8544
6259 0.039572775014676154 400 2 400 0 8544
6260 0.008113414980471134 400 398 400 0 8566
6261 0.02794006298063323 400 2 400 0 8566
6262 0.008212625049054623 398 396 398 0 8537
6263 0.028052951965946704 398 2 398 0 8537
6264 0.014419335988350213 399 751 397 2 8558
6265 0.04558905999874696 399 2 399 0 8558
6266 0.014742812025360763 397 567 396 1 8538
6267 0.04027881397632882 397 2 397 0 8538
6268 0.014725857006851584 398 721 395 3 8531
6269 0.044393494026735425 398 2 398 0 8531
6270 0.014185734966304153 398 1676 396 2 8565
6271 0.07287455000914633 398 2 398 0 8565
6272 0.014263582997955382 396 1543 394 2 8541
6273 0.06877479201648384 396 2 396 0 8543
6274 0.014185564999934286 399 1563 395 4 8606
6275 0.06854004901833832 399 2 399 0 8606
6276 0.013799334992654622 399 549 398 1 8546
6277 0.039962059003300965 399 2 399 0 8546
6278 0.009247878973837942 397 447 396 1 8484
6279 0.04050777800148353 397 2 397 0 8484
6280 0.013792875979561359 399 1806 396 3 8549
6281 0.07930772105464712 399 2 399 0 8549
6282 0.010881643975153565 399 433 398 1 8528
6283 0.04023529798723757 399 2 399 0 8528
6284 0.01333267503650859 399 699 398 1 8548
6285 0.044892572972457856 399 2 399 0 8548
6286 0.009331335022579879 396 476 395 1 8492
6287 0.041584785969462246 396 2 396 0 8492
6288 0.01273119100369513 396 490 392 4 8427
6289 0.04056239000055939 396 2 396 0 8427
6290 0.01450612599728629 400 859 396 4 8480
6291 0.048909227014519274 400 2 400 0 8480
6292 0.008089690003544092 398 396 398 0 8488
6293 0.028315896983258426 398 2 398 0 8488
6294 0.010464687016792595 400 497 398 2 8525
6295 0.04078908101655543 400 2 400 0 8525
6296 0.007766212977003306 393 391 393 0 8406
6297 0.02808876702329144 393 2 393 0 8406
6298 0.016065497999079525 394 728 392 2 8430
6299 0.04432537197135389 399 1160 394 5 8505
6300 0.03781581501243636 398 851 397 1 8539
6301 0.05653872498078272 400 355 398 2 8562
6302 0.015136514033656567 397 388 397 0 8505
6303 0.028650088992435485 397 9 397 0 8505
6304 0.013791532954201102 400 791 397 3 8550
6305 0.04896744404686615 400 9 400 0 8553
6306 0.007574084971565753 397 388 397 0 8530
6307 0.027704539010301232 397 9 397 0 8532
6308 0.013768719974905252 397 817 394 3 8488
6309 0.049286813009530306 397 9 397 0 8488
6310 0.01332164800260216 398 959 395 3 8519
6311 0.054731581010855734 398 9 398 0 8519
6312 0.0132517020101659 397 912 395 2 8455
6313 0.05377621599473059 397 9 397 0 8455
6314 0.013483781018294394 399 1510 396 3 8534
6315 0.06787749496288598 399 9 399 0 8534
6316 0.009557153040077537 400 423 399 1 8568
6317 0.040467467973940074 400 9 400 0 8568
6318 0.00813967501744628 399 390 399 0 8588
6319 0.028129276994150132 399 9 399 0 8588
6320 0.010167169966734946 399 401 398 1 8583
6321 0.03867753001395613 399 9 399 0 8583
6322 0.010014760016929358 400 408 399 1 8609
6323 0.038379392004571855 400 9 400 0 8609
6324 0.008053746016230434 397 388 397 0 8571
6325 0.028152241953648627 397 9 397 0 8572
6326 0.015531626006122679 398 820 395 3 8606
6327 0.048340292007196695 398 9 398 0 8607
6328 0.010172718029934913 399 507 397 2 8631
6329 0.04163516196422279 398 8 398 0 8574
6330 0.015397324983496219 398 669 396 2 8575
6331 0.044007024029269814 398 8 398 0 8576
6332 0.015173759020399302 400 971 398 2 8637
6333 0.053710316948127 400 8 400 0 8638
6334 0.007976260036230087 397 389 397 0 8563
6335 0.028294134011957794 397 8 397 0 8563
6336 0.01919137395452708 398 1527 395 3 8640
6337 0.06316555704688653 398 8 398 0 8643
6338 0.013998774986248463 399 1364 397 2 8713
6339 0.06862916401587427 399 8 399 0 8715
6340 0.014275929948780686 398 696 397 1 8705
6341 0.045290131005458534 398 8 398 0 8705
6342 0.01425638102227822 398 1157 396 2 8704
6343 0.06166332197608426 398 8 398 0 8704
6344 0.014430643001105636 398 1260 396 2 8760
6345 0.06436578003922477 398 8 398 0 8760
6346 0.015336193959228694 398 1005 396 2 8744
6347 0.05419278104091063 398 8 398 0 8744
6348 0.015131797001231462 397 854 395 2 8732
6349 0.04964708397164941 397 8 397 0 8732
6350 0.015427010017447174 398 1198 395 3 8788
6351 0.06107255397364497 398 8 398 0 8788
6352 0.015459048037882894 397 1011 395 2 8793
6353 0.054603708966169506 397 8 397 0 8793
6354 0.01406104804482311 399 540 396 3 8799
6355 0.04059630096890032 399 8 399 0 8799
6356 0.014188299013767391 398 1072 397 1 8815
6357 0.061454167996998876 398 8 398 0 8816
6358 0.014294277993030846 397 1142 395 2 8807
6359 0.06058499199571088 397 8 397 0 8807
6360 0.01434996200259775 399 819 396 3 8823
6361 0.04983440600335598 399 8 399 0 8823
6362 0.014337824017275125 399 1166 398 1 8861
6363 0.06247849500505254 399 8 399 0 8862
6364 0.014834199973847717 398 762 397 1 8878
6365 0.046269041020423174 398 8 398 0 8879
6366 0.014045914984308183 396 1110 394 2 8801
6367 0.06149412802187726 396 8 396 0 8801
6368 0.014365765964612365 397 740 393 4 8734
6369 0.04549890401540324 397 8 397 0 8737
6370 0.014371054014191031 399 645 396 3 8719
6371 0.04484814696479589 399 8 399 0 8721
6372 0.015583914995659143 396 839 395 1 8663
6373 0.04931775003205985 396 8 396 0 8663
6374 0.014013596985023469 398 1204 394 4 8682
6375 0.06193197501124814 398 8 398 0 8682
6376 0.01428285101428628 400 727 398 2 8729
6377 0.045112864987459034 400 8 400 0 8729
6378 0.008214736997615546 399 391 399 0 8748
6379 0.028520305000711232 399 8 399 0 8748
6380 0.011098317976575345 399 407 398 1 8762
6381 0.0385797829949297 399 8 399 0 8762
6382 0.014084794034715742 398 517 397 1 8702
6383 0.040329479961656034 397 7 397 0 8694
6384 0.014979287050664425 396 1180 393 3 8660
6385 0.06005324295256287 396 7 396 0 8660
6386 0.013926597021054476 398 1639 394 4 8724
6387 0.06842251302441582 398 7 398 0 8724
6388 0.009911304980050772 399 488 397 2 8717
6389 0.04179323901189491 399 7 399 0 8718
6390 0.009818346996326 399 404 398 1 8699
6391 0.03909592697164044 399 7 399 0 8699
6392 0.013435789034701884 397 455 396 1 8626
6393 0.04012946999864653 397 7 397 0 8626
6394 0.013908348977565765 397 1318 394 3 8636
6395 0.06469353300053626 397 7 397 0 8636
6396 0.014230030996259302 398 585 395 3 8603
6397 0.04029916599392891 398 7 398 0 8604
6398 0.013448898040223867 399 1292 397 2 8684
6399 0.06764470494817942 399 7 399 0 8684
6400 0.01601310004480183 399 1146 398 1 8721
6401 0.059607343981042504 399 7 399 0 8724
6402 0.0142678790143691 394 655 393 1 8636
6403 0.04485489695798606 394 7 394 0 8638
6404 0.015878547041211277 396 1776 390 6 8645
6405 0.07265402900520712 396 7 396 0 8645
6406 0.01766473997849971 398 816 394 4 8676
6407 0.04684383497806266 398 7 398 0 8676
6408 0.01200024300487712 398 436 396 2 8655
6409 0.04021526803262532 398 7 398 0 8655
6410 0.014208860986400396 399 1394 397 2 8738
6411 0.06866059999447316 399 7 399 0 8738
6412 0.010120881022885442 397 416 396 1 8710
6413 0.039089827972929925 397 7 397 0 8710
6414 0.014761160011403263 397 1631 394 3 8705
6415 0.06829408998601139 397 7 397 0 8705
6416 0.014477754011750221 397 882 394 3 8714
6417 0.05017736100126058 397 7 397 0 8714
6418 0.01797149097546935 398 1676 395 3 8793
6419 0.06866273400373757 398 7 398 0 8793
6420 0.01115971099352464 399 488 397 2 8795
6421 0.041410274046938866 399 7 399 0 8796
6422 0.015314369986299425 398 549 397 1 8799
6423 0.040630723000504076 398 7 398 0 8799
6424 0.018057329987641424 397 828 395 2 8800
6425 0.04659885697765276 397 7 397 0 8800
6426 0.015462631999980658 400 1207 397 3 8876
6427 0.06183390802470967 400 7 400 0 8876
6428 0.008710852998774499 399 392 399 0 8852
6429 0.027756197028793395 399 7 399 0 8853
6430 0.012028144963551313 398 484 397 1 8826
6431 0.04035382700385526 398 7 398 0 8826
6432 0.01654514903202653 396 670 394 2 8745
6433 0.043705970980226994 396 7 396 0 8748
6434 0.014809932967182249 397 1718 393 4 8818
6435 0.07187349605374038 397 7 397 0 8820
6436 0.014863643969874829 397 1558 394 3 8799
6437 0.06765150499995798 397 7 397 0 8799
6438 0.018061857030261308 396 768 393 3 8689
6439 0.042057615995872766 396 7 396 0 8689
6440 0.018096848973073065 397 618 393 4 8587
6441 0.036195332009810954 397 7 397 0 8587
6442 0.01577822701074183 399 1104 396 3 8629
6443 0.060256508993916214 399 7 399 0 8629
6444 0.010754421004094183 396 399 395 1 8551
6445 0.038293983961921185 396 7 396 0 8551
6446 0.01479851600015536 398 754 394 4 8565
6447 0.044945393048692495 398 7 398 0 8565
6448 0.011154111998621374 397 436 395 2 8555
6449 0.03931800095597282 397 7 397 0 8555
6450 0.01582435704767704 398 1037 395 3 8575
6451 0.059360161947552115 398 7 398 0 8575
6452 0.014358114043716341 398 575 396 2 8578
6453 0.04027371696429327 398 7 398 0 8579
6454 0.01538271299796179 399 877 397 2 8595
6455 0.04878052300773561 399 7 399 0 8595
6456 0.014993297983892262 398 675 397 1 8581
6457 0.04412159603089094 398 7 398 0 8581
6458 0.015321070968639106 399 524 397 2 8606
6459 0.03877749003004283 399 7 399 0 8606
6460 0.010089762974530458 397 403 396 1 8552
6461 0.03829365305136889 397 7 397 0 8553
6462 0.017368154949508607 399 1793 396 3 8654
6463 0.07743467803811654 399 7 399 0 8654
6464 0.014250943961087614 399 854 398 1 8686
6465 0.05075016099726781 399 7 399 0 8689
6466 0.01422277104575187 397 946 396 1 8675
6467 0.05507365398807451 397 7 397 0 8677
6468 0.014534208981785923 399 1353 396 3 8741
6469 0.06774581701029092 399 7 399 0 8741
6470 0.014321119000669569 398 703 397 1 8696
6471 0.044910038996022195 398 7 398 0 8696
6472 0.010339559987187386 398 446 396 2 8700
6473 0.04035081202164292 398 7 398 0 8700
6474 0.014926568022929132 399 739 397 2 8725
6475 0.04510182800004259 399 7 399 0 8725
6476 0.009788010967895389 397 414 396 1 8665
6477 0.03898122499231249 397 7 397 0 8665
6478 0.01483253703918308 400 774 397 3 8719
6479 0.0488153449841775 400 7 400 0 8719
6480 0.008649720984976739 400 393 400 0 8744
6481 0.02794617199106142 400 7 400 0 8744
6482 0.007794386008754373 396 389 396 0 8681
6483 0.028582648024894297 396 7 396 0 8681
6484 0.01515168696641922 398 666 394 4 8698
6485 0.04410405899398029 398 7 398 0 8699
6486 0.014715461002197117 399 1067 397 2 8710
6487 0.060543700004927814 399 7 399 0 8710
6488 0.010179648990742862 400 481 399 1 8742
6489 0.041487409034743905 400 7 400 0 8742
6490 0.008197341987397522 399 392 399 0 8741
6491 0.028178451000712812 399 7 399 0 8741
6492 0.010313769977074116 398 409 397 1 8727
6493 0.0387897880282253 398 7 398 0 8728
6494 0.01451171498047188 398 1317 396 2 8713
6495 0.06832602800568566 398 7 398 0 8713
6496 0.013939055032096803 399 673 397 2 8690
6497 0.04528594500152394 399 7 399 0 8693
6498 0.01419067196547985 397 792 396 1 8697
6499 0.04994960903422907 397 7 397 0 8699
6500 0.014608560944907367 400 1191 397 3 8771
6501 0.06309506203979254 400 7 400 0 8771
6502 0.008059403975494206 398 391 398 0 8760
6503 0.02846944803604856 398 7 398 0 8760
6504 0.010729243978857994 398 501 396 2 8758
6505 0.041270454006735235 398 7 398 0 8758
6506 0.01441553997574374 397 672 395 2 8704
6507 0.04464164702221751 397 7 397 0 8704
6508 0.014390012016519904 396 1237 393 3 8650
6509 0.06213044299511239 396 7 396 0 8650
6510 0.014466107008047402 397 978 393 4 8639
6511 0.05401039699790999 397 7 397 0 8639
6512 0.015030914975795895 398 631 395 3 8633
6513 0.0402488189865835 398 7 398 0 8633
6514 0.01010386599227786 399 434 397 2 8619
6515 0.0408576630288735 399 7 399 0 8619
6516 0.015129323001019657 398 925 397 1 8630
6517 0.05398658197373152 398 7 398 0 8631
6518 0.013875619042664766 399 1365 397 2 8676
6519 0.06734150997363031 399 7 399 0 8676
6520 0.014476371987257153 398 902 397 1 8675
6521 0.05463606701232493 398 7 398 0 8675
6522 0.014293927990365773 397 701 395 2 8640
6523 0.04524198902072385 397 7 397 0 8640
6524 0.01437377801630646 397 2260 394 3 8697
6525 0.09629881998989731 397 7 397 0 8698
6526 0.014371755009051412 400 582 397 3 8736
6527 0.04060568497516215 400 7 400 0 8736
6528 0.008012534002773464 396 389 396 0 8678
6529 0.028449618024751544 396 7 396 0 8681
6530 0.016718138998840004 397 1510 393 4 8700
6531 0.06641363597009331 397 7 397 0 8702
6532 0.015685648017097265 399 725 396 3 8726
6533 0.04409378400305286 399 7 399 0 8726
6534 0.015272527001798153 396 753 395 1 8658
6535 0.044964051980059594 396 7 396 0 8658
6536 0.01483174500754103 399 1453 395 4 8732
6537 0.06857973901787773 399 7 399 0 8732
6538 0.019346276996657252 399 1117 398 1 8732
6539 0.060726533993147314 399 7 399 0 8732
6540 0.013101487013045698 394 412 393 1 8602
6541 0.03693983895936981 394 7 394 0 8602
6542 0.02041644399287179 398 1040 392 6 8664
6543 0.05710183101473376 398 7 398 0 8664
6544 0.014583031996153295 399 1180 397 2 8709
6545 0.06216663698432967 399 7 399 0 8709
6546 0.010622163012158126 400 412 399 1 8733
6547 0.03918656404130161 400 7 400 0 8733
6548 0.010007239994592965 398 391 398 0 8699
6549 0.02826218697009608 398 7 398 0 8700
6550 0.011191968980710953 398 480 396 2 8668
6551 0.04057340702274814 398 7 398 0 8668
6552 0.011652210028842092 397 431 395 2 8596
6553 0.039730380987748504 397 7 397 0 8596
6554 0.014210762979928404 397 970 394 3 8594
6555 0.05410391802433878 397 7 397 0 8594
6556 0.014652094978373498 398 1895 395 3 8656
6557 0.08025362301850691 398 7 398 0 8657
6558 0.014382269990164787 397 906 395 2 8612
6559 0.05363185901660472 397 7 397 0 8612
6560 0.01454086898593232 400 1343 397 3 8692
6561 0.0683558729942888 400 7 400 0 8695
6562 0.008084041997790337 395 388 395 0 8633
6563 0.02880489098606631 395 7 395 0 8635
6564 0.011402095027733594 393 386 393 0 8577
6565 0.02795336296549067 393 7 393 0 8577
6566 0.015086358005646616 399 1400 392 7 8626
6567 0.06670974101871252 399 7 399 0 8626
6568 0.010663694993127137 396 445 395 1 8574
6569 0.04009562998544425 396 7 396 0 8574
6570 0.014851525018457323 400 954 396 4 8640
6571 0.05389088799711317 400 7 400 0 8640
6572 0.008240386028774083 399 392 399 0 8618
6573 0.028008366003632545 399 7 399 0 8618
6574 0.014514318958390504 398 684 397 1 8584
6575 0.045129339036066085 398 7 398 0 8584
6576 0.010623534966725856 398 434 396 2 8532
6577 0.039783480984624475 398 7 398 0 8532
6578 0.014282620046287775 399 715 397 2 8547
6579 0.044571281992830336 399 7 399 0 8547
6580 0.010166408959776163 399 411 398 1 8557
6581 0.03846298705320805 399 7 399 0 8558
6582 0.014453857962507755 400 685 399 1 8599
6583 0.0446175109827891 400 7 400 0 8599
6584 0.008197661023586988 398 391 398 0 8561
6585 0.028375277004670352 398 7 398 0 8561
6586 0.014857574016787112 397 971 395 2 8586
6587 0.05371547496179119 397 7 397 0 8586
6588 0.01535003399476409 395 1167 392 3 8521
6589 0.058493160002399236 395 7 395 0 8522
6590 0.014185836014803499 397 1082 392 5 8504
6591 0.05959145998349413 397 7 397 0 8504
6592 0.014348219032399356 396 2014 393 3 8501
6593 0.08486010099295527 396 7 396 0 8504
6594 0.014504344027955085 399 1394 395 4 8567
6595 0.064971589948982 398 6 398 0 8549
6596 0.010073149052914232 397 415 395 2 8536
6597 0.03860911697847769 397 6 397 0 8536
6598 0.014516532013658434 400 1015 397 3 8605
6599 0.05547264398774132 400 6 400 0 8605
6600 0.00820826698327437 398 392 398 0 8591
6601 0.027931439981330186 398 6 398 0 8591
6602 0.014387960021849722 396 669 394 2 8567
6603 0.04477560700615868 396 6 396 0 8567
6604 0.010147069988306612 396 501 392 4 8492
6605 0.0408999880310148 396 6 396 0 8492
6606 0.014760238002054393 398 1796 394 4 8589
6607 0.07927724596811458 398 6 398 0 8589
6608 0.014177272038068622 398 937 396 2 8560
6609 0.05394573096418753 398 6 398 0 8560
6610 0.014195610012393445 397 1022 395 2 8556
6611 0.055122488003689796 397 6 397 0 8556
6612 0.0146162019809708 399 914 396 3 8607
6613 0.05323176801903173 399 6 399 0 8608
6614 0.009651715983636677 397 496 396 1 8548
6615 0.04147923702839762 397 6 397 0 8548
6616 0.01451782399090007 397 1040 394 3 8494
6617 0.059005721006542444 397 6 397 0 8494
6618 0.014286827004980296 399 980 396 3 8549
6619 0.053847992967348546 399 6 399 0 8549
6620 0.011509125994052738 397 490 396 1 8501
6621 0.04009795299498364 397 6 397 0 8502
6622 0.011525459995027632 397 492 394 3 8434
6623 0.039084000047296286 397 6 397 0 8434
6624 0.017029916984029114 398 726 395 3 8419
6625 0.04388415900757536 398 6 398 0 8422
6626 0.014077463012654334 397 1320 395 2 8438
6627 0.06680364097701386 397 6 397 0 8439
6628 0.015110844979062676 399 1401 396 3 8518
6629 0.06787983799586073 399 6 399 0 8518
6630 0.016767032037023455 400 740 399 1 8569
6631 0.043778319959528744 400 6 400 0 8569
6632 0.008862080052495003 399 393 399 0 8584
6633 0.02790002297842875 399 6 399 0 8584
6634 0.01635349099524319 400 662 399 1 8625
6635 0.0444730439921841 400 6 400 0 8625
6636 0.009474008984398097 398 392 398 0 8614
6637 0.02791496500140056 398 6 398 0 8614
6638 0.011881445010658354 398 451 396 2 8587
6639 0.04008088703267276 398 6 398 0 8587
6640 0.01638540899148211 397 1283 395 2 8609
6641 0.0656951770070009 397 6 397 0 8609
6642 0.01602813199860975 400 1234 397 3 8688
6643 0.06140716699883342 400 6 400 0 8688
6644 0.009401439980138093 397 391 397 0 8656
6645 0.02800720400409773 397 6 397 0 8657
6646 0.016570576990488917 398 1640 395 3 8739
6647 0.06669078202685341 398 6 398 0 8739
6648 0.015975332993548363 396 1177 394 2 8714
6649 0.06182613596320152 396 6 396 0 8714
6650 0.016084187023807317 397 522 393 4 8668
6651 0.039660775975789875 397 6 397 0 8668
6652 0.015103434037882835 399 1521 396 3 8720
6653 0.06784482498187572 399 6 399 0 8721
6654 0.0141883899923414 398 640 397 1 8661
6655 0.04065814398927614 398 6 398 0 8661
6656 0.016431808995548636 398 715 396 2 8675
6657 0.044746484025381505 398 6 398 0 8678
6658 0.011220711981877685 397 449 395 2 8543
6659 0.040174087043851614 397 6 397 0 8544
6660 0.018524321960285306 399 1131 396 3 8595
6661 0.060304409998934716 399 6 399 0 8595
6662 0.014515721006318927 398 648 397 1 8619
6663 0.0448330850340426 398 6 398 0 8619
6664 0.016229163971729577 400 905 398 2 8674
6665 0.053779430978465825 400 6 400 0 8674
6666 0.009241849998943508 394 388 394 0 8478
6667 0.02808545104926452 394 6 394 0 8478
6668 0.015499859000556171 399 2095 393 6 8611
6669 0.09059589495882392 398 5 398 0 8590
6670 0.01512972399359569 398 635 396 2 8543
6671 0.03993276401888579 398 5 398 0 8543
6672 0.014186607033479959 399 1015 397 2 8584
6673 0.0548041399451904 399 5 399 0 8584
6674 0.01049656403483823 397 420 396 1 8533
6675 0.03985863400157541 397 5 397 0 8533
6676 0.014275809982791543 396 578 393 3 8470
6677 0.03978130698669702 396 5 396 0 8471
6678 0.01435609202599153 396 2158 392 4 8503
6679 0.09179538697935641 396 5 396 0 8503
6680 0.014416121004614979 398 855 394 4 8498
6681 0.04971291299443692 398 5 398 0 8498
6682 0.014685055008158088 398 745 396 2 8478
6683 0.044418292003683746 398 5 398 0 8478
6684 0.014684254012536258 399 1171 397 2 8534
6685 0.0610395849798806 399 5 399 0 8535
6686 0.01386107801226899 400 815 399 1 8584
6687 0.050131522002629936 400 5 400 0 8584
6688 0.00794063601642847 396 391 396 0 8506
6689 0.027834563981741667 396 5 396 0 8508
6690 0.015261040010955185 397 1727 393 4 8557
6691 0.07165565900504589 397 5 397 0 8558
6692 0.014390342985279858 399 938 396 3 8592
6693 0.05369711702223867 399 5 399 0 8592
6694 0.01004040997941047 397 409 396 1 8579
6695 0.038756688009016216 397 5 397 0 8579
6696 0.015476303989998996 394 1692 391 3 8546
6697 0.07184040598804131 394 5 394 0 8546
6698 0.01422865001950413 399 1669 393 6 8624
6699 0.07198454299941659 399 5 399 0 8624
6700 0.014222941012121737 397 627 396 1 8599
6701 0.04089366795960814 397 5 397 0 8599
6702 0.014517083007376641 398 1154 395 3 8634
6703 0.06042223802069202 398 5 398 0 8634
6704 0.0147796570090577 397 1058 395 2 8637
6705 0.0612217879970558 397 5 397 0 8637
6706 0.014633788960054517 399 963 396 3 8684
6707 0.054360013047698885 399 5 399 0 8684
6708 0.014145825000014156 396 694 395 1 8544
6709 0.04500479198759422 396 5 396 0 8545
6710 0.01527632400393486 398 803 394 4 8536
6711 0.048012027982622385 397 4 397 0 8508
6712 0.014954050013329834 396 1503 393 3 8411
6713 0.06716714700451121 396 4 396 0 8411
6714 0.013978053990285844 397 561 393 4 8378
6715 0.03940278897061944 397 4 397 0 8378
6716 0.01568055001553148 397 1320 394 3 8412
6717 0.06569970399141312 397 4 397 0 8413
6718 0.01435641199350357 399 1272 396 3 8479
6719 0.06395181803964078 398 3 398 0 8465
6720 0.014224804006516933 398 541 396 2 8474
6721 0.03988740697968751 398 3 398 0 8474
6722 0.015217544976621866 397 1077 395 2 8449
6723 0.05987606704002246 397 3 397 0 8450
6724 0.014262550976127386 398 981 395 3 8439
6725 0.053137216018512845 398 3 398 0 8439
6726 0.010526018973905593 400 458 398 2 8471
6727 0.04017779201967642 400 3 400 0 8471
6728 0.00800991099094972 398 395 398 0 8464
6729 0.028206132003106177 398 3 398 0 8464
6730 0.015428211016114801 397 514 395 2 8413
6731 0.0387939449865371 397 3 397 0 8413
6732 0.010774882975965738 397 465 394 3 8410
6733 0.03977818199200556 397 3 397 0 8410
6734 0.014100988046266139 394 841 391 3 8342
6735 0.04934048396535218 394 3 394 0 8342
6736 0.015360640012659132 396 1993 390 6 8384
6737 0.08176285901572555 396 3 396 0 8384
6738 0.014368870004545897 397 1857 393 4 8432
6739 0.07904321496607736 396 2 396 0 8409
6740 0.014603372022975236 396 906 392 4 8358
6741 0.05338636098895222 396 2 396 0 8358
6742 0.014938835985958576 395 1020 391 4 8300
6743 0.05302212300011888 395 2 395 0 8300
6744 0.017783980001695454 399 2041 394 5 8397
6745 0.08066950703505427 399 2 399 0 8397
6746 0.011154512991197407 399 470 398 1 8416
6747 0.040177260991185904 399 2 399 0 8416
6748 0.009983715019188821 398 454 397 1 8374
6749 0.03990093700122088 398 2 398 0 8375
6750 0.014592375955544412 399 1247 397 2 8383
6751 0.06348367501050234 399 2 399 0 8383
6752 0.015917106007691473 399 793 398 1 8404
6753 0.048607432981953025 398 1 398 0 8378
6754 0.015747060999274254 400 645 398 2 8414
6755 0.04377460404066369 400 1 400 0 8414
6756 0.009603373007848859 397 396 397 0 8357
6757 0.027802066004369408 397 1 397 0 8357
6758 0.015588661946821958 397 1366 394 3 8326
6759 0.06616128800669685 397 1 397 0 8326
6760 0.015795042039826512 396 2371 393 3 8355
6761 0.09954704798292369 396 1 396 0 8355
6762 0.01635821897070855 400 1742 396 4 8466
6763 0.07131898304214701 400 1 400 0 8466
6764 0.009650814987253398 397 396 397 0 8414
6765 0.028004007996059954 397 1 397 0 8414
6766 0.015496905019972473 397 1004 394 3 8388
6767 0.05306668096454814 397 1 397 0 8388
6768 0.015012687013950199 398 1323 395 3 8420
6769 0.06742045801365748 398 1 398 0 8420
6770 0.014036170963663608 400 825 398 2 8468
6771 0.04963671904988587 400 1 400 0 8468
6772 0.008300766989123076 398 397 398 0 8464
6773 0.02804500999627635 398 1 398 0 8464
6774 0.014653507969342172 399 981 397 2 8476
6775 0.05350300599820912 399 1 399 0 8476
6776 0.014449110021814704 398 776 397 1 8498
6777 0.04953659902093932 398 1 398 0 8498
6778 0.01409355696523562 399 1087 397 2 8543
6779 0.06032243702793494 399 1 399 0 8543
6780 0.01456385396886617 398 531 397 1 8522
6781 0.04035721201216802 398 1 398 0 8523
6782 0.014021508977748454 399 1142 397 2 8540
6783 0.06207966699730605 399 1 399 0 8540
6784 0.01458032801747322 397 882 396 1 8502
6785 0.05043905402999371 397 1 397 0 8502
6786 0.010001991991885006 396 459 393 3 8420
6787 0.04031770199071616 396 1 396 0 8420
6788 0.014618746004998684 399 1180 395 4 8455
6789 0.060076778987422585 399 1 399 0 8455
6790 0.010278507019393146 396 421 395 1 8405
6791 0.03997658001026139 396 1 396 0 8405
6792 0.014834018948022276 398 1492 394 4 8472
6793 0.06620061601279303 398 1 398 0 8472
6794 0.014691475022118539 398 974 396 2 8514
6795 0.05390449898550287 398 1 398 0 8514
6796 0.010380210005678236 396 470 394 2 8478
6797 0.04071128397481516 396 1 396 0 8478
6798 0.015543294022791088 399 560 395 4 8408
6799 0.038529797981027514 399 1 399 0 8408
6800 0.013900146004743874 399 805 398 1 8445
6801 0.050084971997421235 399 1 399 0 8445
6802 0.011361554032191634 398 489 397 1 8401
6803 0.040474348003044724 398 1 398 0 8401
6804 0.0165308479918167 399 528 397 2 8430
6805 0.03896329802228138 399 1 399 0 8430
6806 0.010023794951848686 399 436 398 1 8369
6807 0.040239886031486094 399 1 399 0 8369
6808 0.01028574799420312 398 418 397 1 8334
6809 0.039865183003712445 398 1 398 0 8334
6810 0.010523444972932339 399 428 397 2 8346
6811 0.039970952027942985 399 1 399 0 8346
6812 0.014895692002028227 398 613 397 1 8351
6813 0.04008406098000705 398 1 398 0 8352
6814 0.016630678030196577 396 1138 394 2 8321
6815 0.06102034595096484 396 1 396 0 8321
6816 0.015055592055432498 399 1215 395 4 8373
6817 0.0612594349659048 399 1 399 0 8373
6818 0.013974857982248068 399 761 398 1 8383
6819 0.04533881403040141 399 1 399 0 8383
6820 0.010190215019974858 396 412 395 1 8304
6821 0.03826603095512837 396 1 396 0 8304
6822 0.014650594035629183 397 1297 393 4 8340
6823 0.06630928895901889 397 1 397 0 8340
6824 0.014319887035526335 399 1186 396 3 8395
6825 0.06282456498593092 399 1 399 0 8395
6826 0.010175752977374941 395 416 394 1 8297
6827 0.038503799005411565 395 1 395 0 8297
6828 0.01568678003968671 399 931 394 5 8346
6829 0.05254153098212555 399 1 399 0 8346
6830 0.014083531976211816 398 1097 397 1 8355
6831 0.06048208801075816 398 1 398 0 8355
6832 0.014814739988651127 398 1004 396 2 8361
6833 0.05462474003434181 398 1 398 0 8361
6834 0.014866798010189086 398 782 396 2 8356
6835 0.048735805961769074 398 1 398 0 8356
6836 0.014206577034201473 396 1127 394 2 8294
6837 0.06051139096962288 396 1 396 0 8294
6838 0.01443494000704959 399 800 395 4 8326
6839 0.04877860000124201 399 1 399 0 8326
6840 0.01063558302121237 396 505 395 1 8267
6841 0.04019404697464779 396 1 396 0 8267
6842 0.014100989035796374 399 1738 395 4 8339
6843 0.072384703962598 399 1 399 0 8339
6844 0.009963894030079246 396 444 395 1 8241
6845 0.0400378429912962 396 1 396 0 8242
6846 0.014441318984609097 400 795 396 4 8292
6847 0.0487203830271028 400 1 400 0 8292
6848 0.008001546957530081 397 396 397 0 8218
6849 0.02805939200334251 397 1 397 0 8218
6850 0.015028271009214222 396 987 393 3 8181
6851 0.05416032299399376 396 1 396 0 8181
6852 0.01414514402858913 399 528 395 4 8176
6853 0.03881489596096799 399 1 399 0 8176
6854 0.009905837010592222 400 407 399 1 8207
6855 0.03817151003750041 400 1 400 0 8207
6856 0.008052893972489983 396 395 396 0 8184
6857 0.02744123397860676 396 1 396 0 8184
6858 0.015123384015168995 400 552 396 4 8224
6859 0.038418771000579 400 1 400 0 8224
6860 0.007932123029604554 398 397 398 0 8173
6861 0.027694243006408215 398 1 398 0 8173
6862 0.014518625976052135 398 1020 396 2 8198
6863 0.054311999992933124 398 1 398 0 8198
6864 0.014494560018647462 399 1305 397 2 8232
6865 0.06567117100348696 399 1 399 0 8232
6866 0.010124003980308771 398 426 397 1 8220
6867 0.0398625599918887 398 1 398 0 8220
6868 0.014422501029912382 397 870 395 2 8177
6869 0.04943349398672581 397 1 397 0 8177
6870 0.014515189977828413 399 1473 396 3 8211
6871 0.06690838903887197 399 1 399 0 8211
6872 0.010040068998932838 399 408 398 1 8209
6873 0.03855196095537394 399 1 399 0 8209
6874 0.01011878700228408 397 421 396 1 8166
6875 0.03977544803638011 397 1 397 0 8166
6876 0.015425567980855703 399 589 396 3 8187
6877 0.038918100006412715 399 1 399 0 8188
6878 0.013654778013005853 399 658 398 1 8201
6879 0.04490793700097129 399 1 399 0 8201
6880 0.009930854954291135 396 406 395 1 8124
6881 0.03858257702086121 396 1 396 0 8124
6882 0.01556936401175335 400 1122 396 4 8191
6883 0.05848706100368872 400 1 400 0 8191
6884 0.008153725997544825 399 398 399 0 8207
6885 0.028046552964951843 399 1 399 0 8207
6886 0.014662741043139249 398 900 397 1 8207
6887 0.05376453895587474 398 1 398 0 8207
6888 0.014089140051510185 399 575 397 2 8218
6889 0.040126695996150374 399 1 399 0 8218
6890 0.01412381196860224 399 1131 398 1 8225
6891 0.061468720028642565 399 1 399 0 8225
6892 0.010244495992083102 398 476 397 1 8228
6893 0.04091709299245849 398 1 398 0 8228
6894 0.014795370982028544 397 628 395 2 8240
6895 0.040235890017356724 397 1 397 0 8240
6896 0.013957511982880533 399 858 396 3 8279
6897 0.04940071504097432 399 1 399 0 8279
6898 0.014448669971898198 399 962 398 1 8327
6899 0.05453613703139126 399 1 399 0 8327
6900 0.010014830972068012 396 414 395 1 8284
6901 0.03847868100274354 396 1 396 0 8284
6902 0.015544256020803005 399 1347 395 4 8364
6903 0.06742157996632159 399 1 399 0 8364
6904 0.00983878702390939 397 420 396 1 8269
6905 0.040292493999004364 397 1 397 0 8269
6906 0.010377747006714344 395 487 392 3 8134
6907 0.04036616499070078 395 1 395 0 8134
6908 0.014660317974630743 399 1437 394 5 8208
6909 0.06652848899830133 399 1 399 0 8209
6910 0.014330413017887622 396 1236 395 1 8126
6911 0.0632742409943603 396 1 396 0 8126
6912 0.014973969024140388 398 2095 394 4 8196
6913 0.09082266496261582 398 1 398 0 8196
6914 0.015301622042898089 398 1042 396 2 8131
6915 0.05842583900084719 398 1 398 0 8131
6916 0.013775398954749107 397 750 395 2 8130
6917 0.0447742459946312 397 1 397 0 8130
6918 0.014263703022152185 399 699 396 3 8170
6919 0.0436476839822717 399 1 399 0 8170
6920 0.01041803602129221 398 414 397 1 8139
6921 0.038371741014998406 398 1 398 0 8139
6922 0.015401790966279805 399 1214 397 2 8199
6923 0.060915739042684436 399 1 399 0 8199
6924 0.013799555948935449 398 618 397 1 8193
6925 0.040467798011377454 398 1 398 0 8193
6926 0.014739145990461111 398 812 396 2 8243
6927 0.04812474804930389 398 1 398 0 8243
6928 0.01376092794816941 395 553 393 2 8156
6929 0.03976142703322694 395 1 395 0 8156
6930 0.0160046269884333 398 1181 393 5 8129
6931 0.05783028498990461 398 1 398 0 8129
6932 0.014566636993549764 396 776 394 2 8074
6933 0.048437357996590436 396 1 396 0 8074
6934 0.014390183030627668 400 792 396 4 8121
6935 0.04855672601843253 400 1 400 0 8121
6936 0.007701186987105757 397 396 397 0 8072
6937 0.027552710962481797 397 1 397 0 8072
6938 0.014560368028469384 400 792 397 3 8122
6939 0.048227261984720826 400 1 400 0 8122
6940 0.007945713005028665 398 397 398 0 8102
6941 0.027647193986922503 398 1 398 0 8103
6942 0.010421972023323178 395 437 393 2 8035
6943 0.039218040998093784 395 1 395 0 8035
6944 0.014609632024075836 400 1281 395 5 8112
6945 0.06599390599876642 400 1 400 0 8112
6946 0.008155217976309359 398 397 398 0 8080
6947 0.027400452992878854 398 1 398 0 8080
6948 0.016212219023145735 399 1557 397 2 8121
6949 0.06739143398590386 400 24 399 1 8123
6950 0.007646635000128299 398 396 398 0 8091
6951 0.02775247098179534 398 2 398 0 8091
6952 0.016066709998995066 397 1803 395 2 8132
6953 0.08017319103237242 397 2 397 0 8132
6954 0.017055395990610123 394 796 391 3 7981
6955 0.045113855972886086 394 2 394 0 7981
6956 0.01841702003730461 398 1438 392 6 8050
6957 0.06374958500964567 398 2 398 0 8050
6958 0.014157652971334755 400 1481 398 2 8151
6959 0.0666190049960278 400 2 400 0 8151
6960 0.008284071984235197 397 395 397 0 8092
6961 0.028079562005586922 397 2 397 0 8092
6962 0.016395685030147433 398 1017 395 3 8121
6963 0.05348184297326952 398 2 398 0 8121
6964 0.015118226001504809 397 1078 395 2 8121
6965 0.05916019203141332 397 2 397 0 8121
6966 0.017831660981755704 398 1123 395 3 8107
6967 0.05899278097786009 398 2 398 0 8107
6968 0.018289919011294842 396 824 394 2 8038
6969 0.04488969000522047 396 2 396 0 8039
6970 0.018265052000060678 398 2096 394 4 8111
6971 0.08736832800786942 398 2 398 0 8111
6972 0.016815784969367087 398 1043 396 2 8099
6973 0.05817502300487831 398 2 398 0 8100
6974 0.014324313029646873 400 1033 398 2 8165
6975 0.05861394200474024 400 2 400 0 8165
6976 0.008007766969967633 399 397 399 0 8160
6977 0.027710237016435713 399 2 399 0 8160
6978 0.010447792010381818 399 409 398 1 8175
6979 0.038033831981010735 399 2 399 0 8175
6980 0.010382584005128592 399 486 398 1 8155
6981 0.040210181032307446 399 2 399 0 8155
6982 0.010210655978880823 399 419 398 1 8156
6983 0.039462537970393896 399 2 399 0 8156
6984 0.017304189037531614 398 998 397 1 8183
6985 0.053257686959113926 399 21 398 1 8185
6986 0.014086126000620425 399 1168 398 1 8245
6987 0.06108563404995948 399 3 399 0 8245
6988 0.010473550006281585 400 405 399 1 8272
6989 0.037901743955444545 400 3 400 0 8272
6990 0.008349129988346249 399 396 399 0 8281
6991 0.027780573000200093 399 3 399 0 8281
6992 0.010641002038028091 397 432 396 1 8198
6993 0.03945657896110788 397 3 397 0 8198
6994 0.010655133053660393 394 482 391 3 8069
6995 0.03949731995817274 394 3 394 0 8069
6996 0.014761661004740745 398 937 392 6 8109
6997 0.05235359899234027 398 3 398 0 8109
6998 0.01425048301462084 396 569 394 2 8018
6999 0.039149136980995536 396 3 396 0 8018
7000 0.014521920995321125 400 869 396 4 8079
7001 0.048091157048475 400 3 400 0 8080
7002 0.008116821001749486 398 395 398 0 8058
7003 0.027664338995236903 398 3 398 0 8058
7004 0.01558060001116246 399 1093 397 2 8123
7005 0.05948880600044504 399 3 399 0 8124
7006 0.01867762196343392 396 877 395 1 8116
7007 0.04879460402298719 396 3 396 0 8116
7008 0.014270042011048645 399 1126 395 4 8175
7009 0.06062770599965006 399 3 399 0 8175
7010 0.012930299970321357 399 823 398 1 8220
7011 0.04988885700004175 399 3 399 0 8220
7012 0.00919316802173853 400 506 399 1 8250
7013 0.04111797397490591 400 3 400 0 8251
7014 0.007596109004225582 397 394 397 0 8170
7015 0.027623125992249697 397 3 397 0 8170
7016 0.01349610002944246 398 1363 395 3 8168
7017 0.06618323997827247 398 3 398 0 8168
7018 0.018976641003973782 400 716 398 2 8221
7019 0.0444293079781346 400 3 400 0 8221
7020 0.008046655042562634 398 395 398 0 8213
7021 0.027217758004553616 398 3 398 0 8213
7022 0.009543723950628191 399 508 397 2 8242
7023 0.0405814690166153 399 3 399 0 8242
7024 0.01349115202901885 398 784 397 1 8206
7025 0.04933258198434487 398 3 398 0 8206
7026 0.009138404973782599 398 443 396 2 8179
7027 0.03995145304361358 398 3 398 0 8179
7028 0.012913133949041367 400 989 398 2 8243
7029 0.05494943802477792 400 3 400 0 8243
7030 0.007820165017619729 396 393 396 0 8167
7031 0.02742458798456937 396 3 396 0 8167
7032 0.01938040798995644 399 1553 395 4 8234
7033 0.06615478702588007 399 3 399 0 8235
7034 0.010665457986760885 398 418 397 1 8213
7035 0.03992753697093576 398 3 398 0 8213
7036 0.014918196015059948 397 755 395 2 8192
7037 0.04487138200784102 397 3 397 0 8193
7038 0.014810373017098755 399 1674 396 3 8273
7039 0.0730275489622727 399 3 399 0 8273
7040 0.01069584401557222 397 404 396 1 8191
7041 0.038413894013501704 397 3 397 0 8191
7042 0.014836982998531312 399 1238 396 3 8239
7043 0.0613147679832764 399 3 399 0 8239
7044 0.014249982021283358 399 923 398 1 8292
7045 0.05472585198003799 399 3 399 0 8293
7046 0.014440517988987267 398 1207 397 1 8285
7047 0.06378795299679041 398 3 398 0 8285
7048 0.010201902012340724 399 434 397 2 8299
7049 0.04007477802224457 399 3 399 0 8299
7050 0.015277875994797796 399 751 398 1 8328
7051 0.044789389008656144 399 3 399 0 8328
7052 0.014483853010460734 399 1169 398 1 8370
7053 0.06159936496987939 399 3 399 0 8370
7054 0.014263663033489138 399 822 398 1 8396
7055 0.04981140099698678 399 3 399 0 8396
7056 0.010154510964639485 398 503 397 1 8331
7057 0.04111296701012179 398 3 398 0 8331
7058 0.01445589098148048 396 659 394 2 8275
7059 0.04419173102360219 396 3 396 0 8275
7060 0.014581790019292384 396 1130 392 4 8253
7061 0.058863466954790056 396 3 396 0 8253
7062 0.014376953011378646 396 564 392 4 8188
7063 0.0395323529955931 396 3 396 0 8188
7064 0.01430669700494036 398 1672 394 4 8242
7065 0.0721719540306367 398 3 398 0 8243
7066 0.014509020955301821 397 765 395 2 8239
7067 0.04525131301488727 397 3 397 0 8239
7068 0.01452127902302891 399 1087 396 3 8276
7069 0.05798326397780329 399 3 399 0 8277
7070 0.009836864017415792 399 453 398 1 8291
7071 0.040455028996802866 399 3 399 0 8291
7072 0.013916630996391177 399 634 398 1 8311
7073 0.04031725297681987 399 3 399 0 8311
7074 0.013301657047122717 395 640 394 1 8222
7075 0.04070562595734373 395 3 395 0 8222
7076 0.013908207998611033 399 1503 394 5 8299
7077 0.06627213401952758 399 3 399 0 8300
7078 0.013701507996302098 399 658 398 1 8331
7079 0.04492185701383278 399 3 399 0 8331
7080 0.013053936010692269 398 408 397 1 8286
7081 0.03814143396448344 398 3 398 0 8286
7082 0.01064094202592969 398 469 396 2 8278
7083 0.04051218496169895 398 3 398 0 8278
7084 0.014493437018245459 396 1040 394 2 8277
7085 0.06008233700413257 396 3 396 0 8277
7086 0.014979097002651542 397 1985 393 4 8363
7087 0.0835063069825992 397 3 397 0 8363
7088 0.014689823030494153 397 970 394 3 8312
7089 0.0536067119683139 397 3 397 0 8312
7090 0.014869341044686735 397 1237 394 3 8317
7091 0.06154868996236473 397 3 397 0 8317
7092 0.01543709501856938 400 965 397 3 8378
7093 0.052649713994469494 400 3 400 0 8378
7094 0.009223271976225078 395 392 395 0 8310
7095 0.027948225033469498 395 3 395 0 8310
7096 0.017243148002307862 397 1217 392 5 8307
7097 0.060390228987671435 397 3 397 0 8308
7098 0.015009373018983752 400 1000 397 3 8373
7099 0.05320907395798713 400 3 400 0 8373
7100 0.008212123007979244 396 393 396 0 8262
7101 0.02774127502925694 396 3 396 0 8263
7102 0.016683726978953928 397 1057 393 4 8219
7103 0.05712287197820842 397 3 397 0 8219
7104 0.014726157009135932 398 2004 395 3 8296
7105 0.08369544200832024 398 3 398 0 8296
7106 0.014680017018690705 399 703 397 2 8322
7107 0.04441725998185575 399 3 399 0 8322
7108 0.010198217001743615 398 425 397 1 8288
7109 0.03987943398533389 398 3 398 0 8289
7110 0.014497053052764386 397 800 395 2 8269
7111 0.048689536983147264 397 3 397 0 8269
7112 0.01451852498576045 398 769 395 3 8267
7113 0.04833395202877 398 3 398 0 8267
7114 0.014418103964999318 398 514 396 2 8252
7115 0.03944410098483786 398 3 398 0 8252
7116 0.014837815018836409 399 907 397 2 8275
7117 0.05370336602209136 399 3 399 0 8275
7118 0.014464774983935058 400 827 399 1 8334
7119 0.049290449009276927 400 3 400 0 8334
7120 0.009093066968489438 399 396 399 0 8322
7121 0.027773793030064553 399 3 399 0 8322
7122 0.011988785990979522 397 411 396 1 8296
7123 0.037994233018253 397 3 397 0 8296
7124 0.015327319968491793 400 720 397 3 8341
7125 0.0449050220195204 400 3 400 0 8341
7126 0.008092233969364315 398 395 398 0 8297
7127 0.027687043009791523 398 3 398 0 8297
7128 0.015200379013549536 400 959 398 2 8365
7129 0.05332836299203336 400 3 400 0 8366
7130 0.007996289990842342 398 395 398 0 8343
7131 0.027970268041826785 398 3 398 0 8343
7132 0.015584085951559246 399 854 397 2 8387
7133 0.048566121025942266 399 3 399 0 8388
7134 0.00995616300497204 398 424 397 1 8366
7135 0.04017593996832147 398 3 398 0 8366
7136 0.014525365026202053 398 614 396 2 8362
7137 0.04020580498035997 398 3 398 0 8362
7138 0.014354679035022855 400 967 398 2 8422
7139 0.053871618991252035 400 3 400 0 8422
7140 0.008091241994407028 399 396 399 0 8423
7141 0.027738731005229056 399 3 399 0 8424
7142 0.01710926601663232 399 1169 398 1 8445
7143 0.05906930594937876 399 3 399 0 8445
7144 0.010032918013166636 397 416 396 1 8388
7145 0.03862029401352629 397 3 397 0 8388
7146 0.015614381001796573 398 1209 395 3 8464
7147 0.061358522973023355 398 3 398 0 8464
7148 0.017890029004774988 393 564 391 2 8362
7149 0.03591440001036972 393 3 393 0 8362
7150 0.01529088499955833 399 2598 392 7 8476
7151 0.10026716999709606 399 3 399 0 8476
7152 0.010080459993332624 398 406 397 1 8461
7153 0.03878890600753948 398 3 398 0 8461
7154 0.015458878013305366 398 626 396 2 8481
7155 0.03975357598392293 398 3 398 0 8481
7156 0.015031796006951481 398 898 396 2 8507
7157 0.052992729004472494 398 3 398 0 8507
7158 0.015397624985780567 397 728 395 2 8476
7159 0.043687314027920365 397 3 397 0 8476
7160 0.015374350012280047 396 624 393 3 8444
7161 0.040074377960991114 396 3 396 0 8445
7162 0.014566277037374675 398 818 394 4 8433
7163 0.0490016849944368 398 3 398 0 8433
7164 0.01415079296566546 399 940 397 2 8468
7165 0.05476581200491637 399 3 399 0 8469
7166 0.010192718007601798 399 417 398 1 8467
7167 0.04018009698484093 399 3 399 0 8467
7168 0.01424342201789841 398 835 397 1 8480
7169 0.04991555702872574 398 3 398 0 8480
7170 0.015521541994530708 398 1524 396 2 8522
7171 0.0663758689770475 398 3 398 0 8522
7172 0.010182272992096841 397 485 395 2 8501
7173 0.04110524500720203 397 3 397 0 8502
7174 0.0156627640244551 398 636 395 3 8499
7175 0.04026281100232154 398 3 398 0 8499
7176 0.015117323957383633 397 968 395 2 8510
7177 0.054138630046509206 397 3 397 0 8510
7178 0.017424339952412993 398 1996 395 3 8591
7179 0.08179101103451103 398 3 398 0 8591
7180 0.015343584003858268 398 1012 396 2 8604
7181 0.05463890195824206 398 3 398 0 8604
7182 0.010252667998429388 400 423 398 2 8636
7183 0.04058143903966993 400 3 400 0 8636
7184 0.008299844979774207 398 395 398 0 8561
7185 0.027812061016447842 398 3 398 0 8561
7186 0.015133298991713673 394 709 392 2 8457
7187 0.0441501279710792 394 3 394 0 8457
7188 0.014848972030449659 397 1313 391 6 8505
7189 0.06515641801524907 397 3 397 0 8505
7190 0.01413200399838388 397 1382 394 3 8508
7191 0.0668476980063133 397 3 397 0 8508
7192 0.014481530000921339 400 1073 397 3 8582
7193 0.05957978195510805 400 3 400 0 8583
7194 0.008222149044740945 400 397 400 0 8611
7195 0.02777968195732683 400 3 400 0 8611
7196 0.009435761021450162 400 397 400 0 8634
7197 0.02771960198879242 400 3 400 0 8635
7198 0.008700256992597133 398 395 398 0 8618
7199 0.028359132003970444 398 3 398 0 8618
7200 0.011002113984432071 399 430 397 2 8642
7201 0.040160457021556795 399 3 399 0 8642
7202 0.014676972990855575 398 783 397 1 8614
7203 0.049764721014071256 398 3 398 0 8614
7204 0.010398638027254492 398 462 396 2 8592
7205 0.04058843897655606 398 3 398 0 8593
7206 0.016011708008591086 398 613 396 2 8575
7207 0.03896417998475954 397 2 397 0 8566
7208 0.01563015498686582 397 1164 394 3 8572
7209 0.05844373599393293 397 2 397 0 8572
7210 0.01496331300586462 397 1439 394 3 8591
7211 0.06642728700535372 397 2 397 0 8591
7212 0.01782061404082924 399 2196 396 3 8710
7213 0.09309875394683331 399 2 399 0 8710
7214 0.010300380003172904 398 428 397 1 8680
7215 0.040786156023386866 398 2 398 0 8680
7216 0.010905038972850889 398 495 396 2 8673
7217 0.041146096016746014 398 2 398 0 8673
7218 0.010312459024135023 397 445 395 2 8617
7219 0.040518793975934386 397 2 397 0 8617
7220 0.015098195988684893 398 571 395 3 8606
7221 0.04013282503001392 398 2 398 0 8606
7222 0.010277185996528715 399 430 397 2 8601
7223 0.04077505896566436 399 2 399 0 8601
7224 0.015671647037379444 399 912 398 1 8639
7225 0.05420236598001793 399 2 399 0 8640
7226 0.014407898997887969 399 730 398 1 8644
7227 0.0460023510386236 399 2 399 0 8644
7228 0.014542911958415061 398 843 397 1 8666
7229 0.05045039101969451 398 2 398 0 8667
7230 0.01443831401411444 398 854 396 2 8671
7231 0.05062895000446588 398 2 398 0 8671
7232 0.014392715995199978 397 898 395 2 8659
7233 0.05416068300837651 397 2 397 0 8659
7234 0.015062171965837479 397 1122 394 3 8622
7235 0.05962228600401431 397 2 397 0 8622
7236 0.01564251398667693 399 1582 396 3 8697
7237 0.06671644002199173 399 2 399 0 8697
7238 0.010098306986037642 398 453 397 1 8682
7239 0.04115190502488986 398 2 398 0 8682
7240 0.01025203795870766 399 443 397 2 8680
7241 0.04063809401122853 399 2 399 0 8680
7242 0.01170702202944085 399 434 398 1 8692
7243 0.039470279996749014 399 2 399 0 8692
7244 0.01644603000022471 396 814 395 1 8635
7245 0.04922142601571977 396 2 396 0 8635
7246 0.016472388990223408 398 1252 394 4 8689
7247 0.06378537899581715 398 2 398 0 8689
7248 0.01540086098248139 396 797 394 2 8656
7249 0.049020342994481325 396 2 396 0 8656
7250 0.01625869801500812 396 3083 392 4 8792
7251 0.11135275999549776 396 2 396 0 8792
7252 0.01570305397035554 398 1728 394 4 8840
7253 0.07459197903517634 398 2 398 0 8840
7254 0.014679467014502734 398 867 396 2 8861
7255 0.05082320095971227 398 2 398 0 8861
7256 0.014366235991474241 399 1672 397 2 8958
7257 0.07391867804108188 399 2 399 0 8959
7258 0.014394708967301995 398 749 397 1 8917
7259 0.04672910203225911 398 2 398 0 8917
7260 0.014644465001765639 396 876 394 2 8856
7261 0.050586614990606904 396 2 396 0 8857
7262 0.01453885599039495 396 1336 392 4 8811
7263 0.06603457703022286 396 2 396 0 8811
7264 0.01460094895446673 399 1012 395 4 8851
7265 0.05577008001273498 399 2 399 0 8851
7266 0.010393190023023635 399 449 398 1 8829
7267 0.04137094400357455 399 2 399 0 8829
7268 0.012116848956793547 398 425 397 1 8819
7269 0.04011803201865405 398 2 398 0 8819
7270 0.014070832985453308 398 793 396 2 8801
7271 0.05017013003816828 398 2 398 0 8801
7272 0.010300791007466614 397 455 395 2 8769
7273 0.0413099629804492 397 2 397 0 8769
7274 0.014788049971684813 398 1648 395 3 8809
7275 0.06746798002859578 398 2 398 0 8809
7276 0.014765846019145101 398 876 396 2 8828
7277 0.0505090489750728 398 2 398 0 8828
7278 0.014170603011734784 398 1721 396 2 8893
7279 0.07403570297174156 398 2 398 0 8893
7280 0.014452926989179105 400 614 398 2 8929
7281 0.04170435504056513 400 2 400 0 8929
7282 0.008314977982081473 397 395 397 0 8860
7283 0.02875906298868358 397 2 397 0 8860
7284 0.0167118200333789 396 1820 393 3 8865
7285 0.08063264098018408 396 2 396 0 8865
7286 0.01788329897681251 397 1302 393 4 8898
7287 0.06577723001828417 397 2 397 0 8898
7288 0.01814444101182744 399 1388 396 3 8941
7289 0.0642985199810937 399 2 399 0 8942
7290 0.015788452001288533 399 635 398 1 8964
7291 0.04014362103771418 399 2 399 0 8964
7292 0.010393489967100322 397 434 396 1 8941
7293 0.04157870699418709 397 2 397 0 8942
7294 0.017256777035072446 398 1251 395 3 8959
7295 0.06286549696233124 398 2 398 0 8959
7296 0.014510594017338008 399 1867 397 2 9040
7297 0.08100264699896798 399 2 399 0 9040
7298 0.010389984992798418 398 408 397 1 9004
7299 0.039715937979053706 398 2 398 0 9004
7300 0.016042114002630115 394 1361 392 2 8956
7301 0.06746477499837056 394 2 394 0 8956
7302 0.016089704004116356 396 1061 390 6 8902
7303 0.058909667015541345 396 2 396 0 8902
7304 0.014738534984644502 399 1210 395 4 8940
7305 0.06407055701129138 399 2 399 0 8940
7306 0.019979467033408582 398 1072 397 1 8966
7307 0.06041914300294593 398 2 398 0 8966
7308 0.01812445098767057 398 588 396 2 8949
7309 0.04139936697902158 398 2 398 0 8949
7310 0.01076001999899745 400 441 398 2 8988
7311 0.04148367402376607 400 2 400 0 8988
7312 0.00872632599202916 400 398 400 0 9009
7313 0.028824070992413908 400 2 400 0 9009
7314 0.008655900019221008 400 398 400 0 9039
7315 0.028678411967121065 400 2 400 0 9039
7316 0.008768639992922544 398 396 398 0 9037
7317 0.028514165023807436 398 2 398 0 9037
7318 0.0158379870117642 398 677 396 2 9024
7319 0.04652248095953837 398 2 398 0 9024
7320 0.014830053027253598 398 1062 396 2 9030
7321 0.06126235000556335 398 2 398 0 9031
7322 0.014701178995892406 397 969 395 2 8995
7323 0.056085794989485294 397 2 397 0 8995
7324 0.011657878989353776 398 499 395 3 8989
7325 0.04144512600032613 398 2 398 0 8990
7326 0.010395623045042157 399 426 397 2 8996
7327 0.0417116759927012 399 2 399 0 8996
7328 0.014892567007336766 398 747 397 1 8982
7329 0.046385105000808835 398 2 398 0 8982
7330 0.014620458998251706 399 608 397 2 8983
7331 0.04129493999062106 399 2 399 0 8983
7332 0.015424355980940163 399 621 398 1 8980
7333 0.04135287698591128 399 2 399 0 8980
7334 0.010052517987787724 399 460 398 1 8973
7335 0.04212085105245933 399 2 399 0 8973
7336 0.015015181968919933 399 895 398 1 8974
7337 0.05137151398230344 399 2 399 0 8974
7338 0.010437846009153873 397 479 396 1 8968
7339 0.041999649023637176 397 2 397 0 8968
7340 0.0147904540062882 400 1190 397 3 9046
7341 0.06357307999860495 400 2 400 0 9046
7342 0.008447896980214864 399 397 399 0 9043
7343 0.02886847802437842 399 2 399 0 9043
7344 0.0153376649832353 397 639 396 1 8957
7345 0.041587279993109405 397 2 397 0 8957
7346 0.016146990994457155 400 527 397 3 8995
7347 0.04152803000761196 400 2 400 0 8995
7348 0.00800318003166467 397 395 397 0 8936
7349 0.028449257952161133 397 2 397 0 8936
7350 0.014873077045194805 399 1149 396 3 8975
7351 0.06161108397645876 399 2 399 0 8975
7352 0.010218566982075572 398 448 397 1 8959
7353 0.041588982043322176 398 2 398 0 8960
7354 0.014466786989942193 396 731 394 2 8850
7355 0.046537544985767454 396 2 396 0 8850
7356 0.014523332007229328 399 937 395 4 8864
7357 0.05483403499238193 399 2 399 0 8865
7358 0.010081861983053386 395 414 394 1 8768
7359 0.03975004004314542 395 2 395 0 8768
7360 0.014763772953301668 398 1325 393 5 8797
7361 0.06643508904380724 398 2 398 0 8797
7362 0.010307730990462005 398 471 396 2 8801
7363 0.041680528956931084 398 2 398 0 8801
7364 0.014547399012371898 399 877 397 2 8842
7365 0.051601268991362303 399 2 399 0 8842
7366 0.01423050300218165 397 822 396 1 8765
7367 0.050830822030548006 397 2 397 0 8765
7368 0.014577052963431925 398 2177 395 3 8783
7369 0.09756762604229152 398 2 398 0 8783
7370 0.014586737961508334 398 575 396 2 8768
7371 0.04085121402749792 398 2 398 0 8768
7372 0.014579927024897188 396 1765 394 2 8796
7373 0.0736229139729403 396 2 396 0 8796
7374 0.01460823998786509 398 1522 394 4 8840
7375 0.0692182180355303 398 2 398 0 8840
7376 0.014478804951068014 397 581 395 2 8830
7377 0.04133870702935383 397 2 397 0 8830
7378 0.014574959990568459 399 1228 396 3 8882
7379 0.06280790001619607 399 2 399 0 8882
7380 0.014420497987885028 397 997 396 1 8863
7381 0.055902038991916925 397 2 397 0 8863
7382 0.014538225019350648 398 920 395 3 8853
7383 0.0552004849887453 398 2 398 0 8853
7384 0.0103115169913508 399 465 397 2 8830
7385 0.041649473016150296 399 2 399 0 8831
7386 0.014454828982707113 399 673 398 1 8868
7387 0.04594576498493552 399 2 399 0 8868
7388 0.014349933015182614 397 610 396 1 8848
7389 0.041630293999332935 397 2 397 0 8849
7390 0.014587017998564988 398 1336 395 3 8900
7391 0.06755485001485795 398 2 398 0 8900
7392 0.014540647971443832 399 632 397 2 8909
7393 0.04160663904622197 399 2 399 0 8909
7394 0.010417194978799671 397 430 396 1 8885
7395 0.041420118999667466 397 2 397 0 8885
7396 0.014657813997473568 398 1052 395 3 8886
7397 0.05973421398084611 398 2 398 0 8886
7398 0.010356485028751194 398 440 396 2 8860
7399 0.04094059800263494 398 2 398 0 8860
7400 0.010500631004106253 398 471 396 2 8843
7401 0.04137014300795272 398 2 398 0 8843
7402 0.014552656968589872 398 602 396 2 8831
7403 0.04097657202510163 398 2 398 0 8831
7404 0.016209353983867913 396 658 394 2 8746
7405 0.043923258024733514 396 2 396 0 8746
7406 0.01429092395119369 400 644 396 4 8801
7407 0.045118363050278276 400 2 400 0 8801
7408 0.008162458951119334 397 395 397 0 8792
7409 0.028370479005388916 397 2 397 0 8792
7410 0.015273449011147022 399 1328 396 3 8834
7411 0.06758323300164193 399 2 399 0 8834
7412 0.010166358028072864 399 413 398 1 8836
7413 0.039682028989773244 399 2 399 0 8836
7414 0.01441205496666953 399 981 398 1 8880
7415 0.056120235996786505 399 2 399 0 8880
7416 0.014469863031990826 398 1051 397 1 8920
7417 0.062171805009711534 398 2 398 0 8921
7418 0.01466540596447885 395 874 393 2 8809
7419 0.050386845017783344 395 2 395 0 8809
7420 0.014782100974116474 399 1013 394 5 8838
7421 0.05431398400105536 399 2 399 0 8839
7422 0.010309493052773178 399 418 398 1 8842
7423 0.0410470079514198 399 2 399 0 8842
7424 0.01460696803405881 396 672 395 1 8790
7425 0.045269210007973015 396 2 396 0 8790
7426 0.01484638697002083 397 971 393 4 8752
7427 0.05436688399640843 397 2 397 0 8752
7428 0.014445164997596294 397 1110 394 3 8735
7429 0.05987859104061499 397 2 397 0 8735
7430 0.014395479985978454 399 1756 396 3 8825
7431 0.07464483799412847 399 2 399 0 8825
7432 0.014361028966959566 398 568 397 1 8807
7433 0.041385276010259986 398 2 398 0 8807
7434 0.01437857502605766 399 1152 397 2 8874
7435 0.06194270099513233 399 2 399 0 8874
7436 0.014485735970083624 397 627 396 1 8860
7437 0.04160485602915287 397 2 397 0 8860
7438 0.014526127022691071 398 757 395 3 8879
7439 0.04601765295956284 398 2 398 0 8879
7440 0.01479851600015536 397 1209 395 2 8878
7441 0.06384380703093484 397 2 397 0 8878
7442 0.014504374004900455 395 784 392 3 8845
7443 0.049769257951993495 395 2 395 0 8845
7444 0.015083322999998927 398 1266 393 5 8856
7445 0.06380301504395902 398 2 398 0 8856
7446 0.014355049992445856 397 844 395 2 8831
7447 0.050714818004053086 397 2 397 0 8831
7448 0.014567398990038782 399 1499 396 3 8895
7449 0.06757917598588392 399 2 399 0 8896
7450 0.010156853997614235 396 407 395 1 8810
7451 0.03930065600434318 396 2 396 0 8810
7452 0.014776442025322467 400 787 396 4 8862
7453 0.0490737030049786 400 2 400 0 8863
7454 0.008440637961030006 400 398 400 0 8887
7455 0.028503168025054038 400 2 400 0 8887
7456 0.008333345991559327 397 395 397 0 8864
7457 0.02837378397816792 397 2 397 0 8864
7458 0.014980750042013824 397 993 394 3 8880
7459 0.05571996496291831 397 2 397 0 8880
7460 0.014697674021590501 397 883 394 3 8895
7461 0.05022276897216216 397 2 397 0 8895
7462 0.014327759039588273 399 833 396 3 8909
7463 0.050813806999940425 399 2 399 0 8909
7464 0.014385294984094799 400 795 399 1 8949
7465 0.050687647017184645 400 2 400 0 8949
7466 0.008312954974826425 399 397 399 0 8936
7467 0.028718763031065464 399 2 399 0 8936
7468 0.014985555957537144 399 1169 398 1 8995
7469 0.06290752004133537 399 2 399 0 8995
7470 0.014468540961388499 400 610 399 1 9043
7471 0.04147082404233515 400 2 400 0 9043
7472 0.008224933000747114 397 395 397 0 8984
7473 0.028575256990734488 397 2 397 0 8984
7474 0.014900558977387846 399 2197 396 3 9083
7475 0.0960616139927879 399 2 399 0 9083
7476 0.014486577012576163 399 537 398 1 9101
7477 0.04143977799685672 399 2 399 0 9101
7478 0.014725796994753182 399 910 398 1 9142
7479 0.05620297999121249 399 2 399 0 9142
7480 0.014438796031754464 397 795 396 1 9105
7481 0.051188540004659444 397 2 397 0 9106
7482 0.014567678968887776 400 771 397 3 9161
7483 0.05088809801964089 400 2 400 0 9161
7484 0.008470011001918465 398 396 398 0 9129
7485 0.028611471003387123 398 2 398 0 9130
7486 0.01582212297944352 398 1329 396 2 9193
7487 0.0677229730063118 398 2 398 0 9193
7488 0.010611287027131766 399 452 397 2 9203
7489 0.04229334997944534 399 2 399 0 9203
7490 0.014654199010692537 398 515 397 1 9195
7491 0.04148838098626584 398 2 398 0 9195
7492 0.010453730006702244 398 500 396 2 9183
7493 0.04282524896552786 398 2 398 0 9183
7494 0.014856663008686155 397 734 395 2 9129
7495 0.046405766042880714 397 2 397 0 9129
7496 0.014651144971139729 397 555 394 3 9063
7497 0.04114152997499332 397 2 397 0 9063
7498 0.014683623041491956 399 1205 396 3 9053
7499 0.06431064801290631 399 2 399 0 9053
7500 0.014599145972169936 396 835 395 1 8995
7501 0.050708078022580594 396 2 396 0 8995
7502 0.01463081396650523 399 1135 395 4 9061
7503 0.0605193930095993 399 2 399 0 9061
7504 0.014589331985916942 399 687 398 1 9057
7505 0.04621679201954976 398 1 398 0 9017
7506 0.014606837998144329 399 949 397 2 9041
7507 0.055753174994606525 399 1 399 0 9041
7508 0.014396191982086748 398 802 397 1 9025
7509 0.05076247901888564 398 1 398 0 9025
7510 0.014427549031097442 394 866 392 2 8935
7511 0.05141721299150959 394 1 394 0 8935
7512 0.014712937001604587 396 2757 390 6 8994
7513 0.10589465295197442 396 1 396 0 8995
7514 0.014827609003987163 396 1587 392 4 8986
7515 0.0707397130317986 396 1 396 0 8986
7516 0.010586218966636807 398 486 394 4 8948
7517 0.042008151998743415 398 1 398 0 8948
7518 0.015628392051439732 397 575 395 2 8908
7519 0.040916381985880435 397 1 397 0 8908
7520 0.014384383975993842 398 1838 395 3 8939
7521 0.0818563390057534 398 1 398 0 8939
7522 0.010287170007359236 398 429 396 2 8926
7523 0.041689572972245514 398 1 398 0 8926
7524 0.010895834013354033 399 452 397 2 8944
7525 0.041823094012215734 399 1 399 0 8944
7526 0.010275323002133518 397 417 396 1 8876
7527 0.041559858014807105 397 1 397 0 8876
7528 0.014680638967547566 400 896 397 3 8927
7529 0.051323571999091655 400 1 400 0 8927
7530 0.008291663019917905 398 397 398 0 8908
7531 0.028491230972576886 398 1 398 0 8908
7532 0.010862755007110536 399 474 397 2 8901
7533 0.04173348902259022 399 1 399 0 8901
7534 0.009973369014915079 397 419 396 1 8852
7535 0.041327168000862 397 1 397 0 8852
7536 0.014716252975631505 398 833 395 3 8856
7537 0.04989915300393477 398 1 398 0 8856
7538 0.014529521984513849 396 1621 394 2 8762
7539 0.06964369700290263 396 1 396 0 8762
7540 0.014649261021986604 396 1534 392 4 8734
7541 0.06726800900651142 396 1 396 0 8734
7542 0.014532255998346955 395 1371 391 4 8664
7543 0.06648430199129507 395 1 395 0 8664
7544 0.014681950968224555 399 1807 394 5 8757
7545 0.07970869401469827 399 1 399 0 8758
7546 0.010058547020889819 400 418 399 1 8790
7547 0.041005534993018955 400 1 400 0 8790
7548 0.008345074020326138 396 395 396 0 8701
7549 0.0283530029701069 396 1 396 0 8701
7550 0.014690783980768174 398 2574 394 4 8812
7551 0.10182765399804339 398 1 398 0 8812
7552 0.014663102047052234 397 638 395 2 8735
7553 0.04089387797284871 397 1 397 0 8735
7554 0.01462534599704668 399 772 396 3 8785
7555 0.049739432986825705 399 1 399 0 8785
7556 0.014219416014384478 397 574 396 1 8795
7557 0.04119365900987759 397 1 397 0 8795
7558 0.010698107013013214 399 509 396 3 8774
7559 0.04202620801515877 399 1 399 0 8774
7560 0.010452588961925358 400 431 399 1 8797
7561 0.04099301702808589 400 1 400 0 8797
7562 0.008434136980213225 394 393 394 0 8652
7563 0.028665271995123476 394 1 394 0 8652
7564 0.015696073998697102 398 2069 392 6 8736
7565 0.09035062702605501 398 1 398 0 8736
7566 0.010132577968761325 398 504 396 2 8708
7567 0.04180791100952774 398 1 398 0 8708
7568 0.015595192031469196 399 693 397 2 8736
7569 0.045196059974841774 399 1 399 0 8736
7570 0.014349972014315426 400 1137 399 1 8808
7571 0.06195641099475324 400 1 400 0 8808
7572 0.008009138982743025 397 396 397 0 8741
7573 0.028555286990012974 397 1 397 0 8741
7574 0.014783053018618375 395 1760 392 3 8725
7575 0.07317026297096163 395 1 395 0 8725
7576 0.014800249016843736 399 905 394 5 8726
7577 0.054301313997711986 399 1 399 0 8727
7578 0.014921981026418507 396 701 395 1 8658
7579 0.045188068004790694 396 1 396 0 8658
7580 0.014709882962051779 395 1837 391 4 8625
7581 0.08028964599361643 395 1 395 0 8625
7582 0.014497393043711782 396 1214 391 5 8592
7583 0.06093819299712777 396 1 396 0 8592
7584 0.015022230974864215 396 1392 392 4 8586
7585 0.06593925401102751 396 1 396 0 8586
7586 0.014384483976755291 397 1235 393 4 8595
7587 0.06265387899475172 397 1 397 0 8595
7588 0.014821841032244265 399 1740 396 3 8671
7589 0.07324450497981161 399 1 399 0 8671
7590 0.014028259029146284 395 741 394 1 8530
7591 0.04586994100827724 395 1 395 0 8530
7592 0.014785095991101116 398 1691 393 5 8579
7593 0.07168724597431719 398 1 398 0 8579
7594 0.014146686997264624 399 793 397 2 8583
7595 0.0499064740142785 399 1 399 0 8583
7596 0.015173128980677575 397 661 396 1 8549
7597 0.04479252302553505 397 1 397 0 8549
7598 0.014389440999366343 398 1506 395 3 8572
7599 0.06868701102212071 398 1 398 0 8572
7600 0.01435478898929432 396 706 394 2 8536
7601 0.045203390007372946 396 1 396 0 8536
7602 0.015520620974712074 397 1375 393 4 8575
7603 0.06730803899699822 397 1 397 0 8575
7604 0.01610799302579835 400 901 397 3 8625
7605 0.053775123960804194 400 1 400 0 8625
7606 0.009547659021336585 397 396 397 0 8577
7607 0.02792561100795865 397 1 397 0 8577
7608 0.015784788003657013 396 1838 393 3 8613
7609 0.0799572870018892 396 1 396 0 8614
7610 0.015709783998318017 400 1119 396 4 8690
7611 0.05996771500213072 400 1 400 0 8690
7612 0.011658519972115755 396 395 396 0 8576
7613 0.02796884602867067 396 1 396 0 8576
7614 0.014943312969990075 398 1710 394 4 8625
7615 0.07214339100755751 398 1 398 0 8625
7616 0.014396451995708048 395 678 393 2 8505
7617 0.04463819199008867 395 1 395 0 8505
7618 0.01661881001200527 397 1762 392 5 8533
7619 0.07144634402357042 397 1 397 0 8533
7620 0.015536313992924988 397 1358 394 3 8555
7621 0.06688624597154558 397 1 397 0 8555
7622 0.01696806401014328 399 1036 396 3 8559
7623 0.05849169800058007 399 1 399 0 8559
7624 0.011436366010457277 398 414 397 1 8542
7625 0.03833778901025653 398 1 398 0 8542
7626 0.01647518400568515 399 851 397 2 8551
7627 0.048819441988598555 399 1 399 0 8551
7628 0.016033008985687047 393 1132 392 1 8455
7629 0.06211004301439971 393 1 393 0 8455
7630 0.014787638967391104 396 2801 389 7 8593
7631 0.10498025902779773 396 1 396 0 8593
7632 0.014362740970682353 398 884 394 4 8607
7633 0.049742939008865505 398 1 398 0 8607
7634 0.014747499022632837 397 1578 395 2 8582
7635 0.06920481799170375 397 1 397 0 8582
7636 0.01431197498459369 396 1241 393 3 8503
7637 0.0628590370179154 396 1 396 0 8503
7638 0.014426186971832067 399 557 395 4 8491
7639 0.04018215904943645 399 1 399 0 8491
7640 0.01057661499362439 396 404 395 1 8369
7641 0.038379592006094754 396 1 396 0 8370
7642 0.01495486096246168 399 1044 395 4 8403
7643 0.05870594899170101 399 1 399 0 8403
7644 0.014077653002459556 396 693 395 1 8366
7645 0.04490884899860248 396 1 396 0 8366
7646 0.014428540016524494 398 1835 394 4 8424
7647 0.07999978098087013 398 1 398 0 8424
7648 0.010159738012589514 398 437 396 2 8397
7649 0.04005669103935361 398 1 398 0 8397
7650 0.014617373992223293 399 1019 397 2 8432
7651 0.05416287697153166 399 1 399 0 8432
7652 0.014303751988336444 399 1171 398 1 8464
7653 0.06140604504616931 399 1 399 0 8464
7654 0.014283482974860817 396 982 395 1 8435
7655 0.0552428980008699 396 1 396 0 8435
7656 0.01459522102959454 393 2053 389 4 8442
7657 0.09088513895403594 393 1 393 0 8442
7658 0.014842292002867907 399 1504 392 7 8517
7659 0.06798710901057348 399 1 399 0 8517
7660 0.010066899005323648 397 413 396 1 8421
7661 0.03825275198323652 397 1 397 0 8421
7662 0.015433419030159712 399 648 396 3 8433
7663 0.043396877008490264 399 1 399 0 8433
7664 0.009957935952115804 398 425 397 1 8430
7665 0.04012437199708074 398 1 398 0 8430
7666 0.014382611028850079 398 665 396 2 8432
7667 0.04460663499776274 398 1 398 0 8432
7668 0.010074160003568977 398 445 396 2 8432
7669 0.039862138975877315 398 1 398 0 8432
7670 0.014451404043938965 399 759 397 2 8463
7671 0.04513872298412025 399 1 399 0 8463
7672 0.014171033981256187 399 886 398 1 8499
7673 0.04990019398974255 399 1 399 0 8500
7674 0.010037476022262126 398 417 397 1 8428
7675 0.04002523300005123 398 1 398 0 8428
7676 0.01441556098870933 398 1238 396 2 8459
7677 0.0640321490354836 398 1 398 0 8459
7678 0.014578094996977597 397 778 395 2 8432
7679 0.049019901955034584 397 1 397 0 8432
7680 0.014229201013222337 399 1023 396 3 8493
7681 0.05493924202164635 399 1 399 0 8493
7682 0.014322550967335701 399 1172 398 1 8550
7683 0.06180440401658416 399 1 399 0 8550
7684 0.01428140897769481 397 845 396 1 8495
7685 0.04997279401868582 397 1 397 0 8495
7686 0.014389261021278799 398 890 395 3 8521
7687 0.04937491496093571 398 1 398 0 8521
7688 0.010031997051555663 396 421 394 2 8467
7689 0.04023140296339989 396 1 396 0 8467
7690 0.014619586989283562 400 1465 396 4 8557
7691 0.06736387399723753 400 1 400 0 8557
7692 0.00804731500102207 397 396 397 0 8549
7693 0.028190550045110285 397 1 397 0 8549
7694 0.014619666966609657 398 533 395 3 8513
7695 0.039598011993803084 398 1 398 0 8513
7696 0.01431063300697133 399 962 397 2 8564
7697 0.055331632029265165 399 1 399 0 8564
7698 0.014149079972412437 395 966 394 1 8515
7699 0.05508002400165424 395 1 395 0 8515
7700 0.014396451995708048 396 719 391 5 8451
7701 0.044724101026076823 396 1 396 0 8451
7702 0.014533067005686462 396 706 392 4 8356
7703 0.044772953959181905 396 1 396 0 8356
7704 0.014420978026464581 399 915 395 4 8402
7705 0.053409295971505344 399 1 399 0 8403
7706 0.014116931997705251 396 591 395 1 8363
7707 0.04023811302613467 396 1 396 0 8363
7708 0.014198274002410471 397 1713 393 4 8376
7709 0.07070439000381157 397 1 397 0 8376
7710 0.014425165019929409 399 1305 396 3 8421
7711 0.06612381094601005 399 1 399 0 8421
7712 0.014357964042574167 399 1170 398 1 8451
7713 0.061577592976391315 399 1 399 0 8451
7714 0.014228059037122875 397 897 396 1 8435
7715 0.053906821995042264 397 1 397 0 8435
7716 0.014353396953083575 400 554 397 3 8475
7717 0.039466525020543486 400 1 400 0 8475
7718 0.008045782975386828 398 397 398 0 8463
7719 0.027971621020697057 398 1 398 0 8463
7720 0.014865937002468854 399 1132 397 2 8526
7721 0.06131559901405126 399 1 399 0 8526
7722 0.00972848100354895 398 441 397 1 8508
7723 0.040593707002699375 398 1 398 0 8508
7724 0.014568721002433449 394 1184 392 2 8395
7725 0.06150379200698808 394 1 394 0 8395
7726 0.014456311997491866 398 2360 392 6 8508
7727 0.10054270399268717 398 1 398 0 8508
7728 0.010220310010481626 399 479 397 2 8533
7729 0.04072881996398792 399 1 399 0 8533
7730 0.01568326400592923 399 818 398 1 8572
7731 0.04883658798644319 399 1 399 0 8572
7732 0.015491225989535451 397 537 396 1 8427
7733 0.03849017800530419 397 1 397 0 8427
7734 0.014402330038137734 398 998 395 3 8452
7735 0.05326853395672515 398 1 398 0 8452
7736 0.017080292047467083 399 1255 397 2 8519
7737 0.0622852259548381 399 1 399 0 8520
7738 0.015114971029106528 398 662 397 1 8506
7739 0.044700686004944146 398 1 398 0 8506
7740 0.016278077964670956 397 1205 395 2 8475
7741 0.06322860205546021 397 1 397 0 8475
7742 0.016192468989174813 396 1401 393 3 8474
7743 0.06695326697081327 396 1 396 0 8474
7744 0.015994641988072544 397 1749 393 4 8515
7745 0.07142247899901122 397 1 397 0 8515
7746 0.015292207011952996 400 970 397 3 8580
7747 0.05441735900240019 400 1 400 0 8580
7748 0.00955583102768287 398 397 398 0 8588
7749 0.02785737899830565 398 1 398 0 8588
7750 0.015390424989163876 398 1216 396 2 8605
7751 0.062351214000955224 398 1 398 0 8605
7752 0.010198346979450434 397 478 395 2 8529
7753 0.04034787800628692 397 1 397 0 8529
7754 0.01483019400620833 399 844 396 3 8561
7755 0.04921328299678862 399 1 399 0 8561
7756 0.014553888002410531 398 544 397 1 8529
7757 0.04002838802989572 398 1 398 0 8529
7758 0.01511055399896577 398 1571 396 2 8588
7759 0.06734854099340737 398 1 398 0 8588
7760 0.011444056988693774 395 441 393 2 8523
7761 0.040297192987054586 395 1 395 0 8523
7762 0.014823402976617217 397 2293 392 5 8629
7763 0.09479083504993469 397 1 397 0 8629
7764 0.015132536995224655 392 1620 389 3 8488
7765 0.06870003999210894 392 1 392 0 8488
7766 0.016121152963023633 396 1815 388 8 8524
7767 0.07919009402394295 396 1 396 0 8524
7768 0.014648640993982553 397 1441 393 4 8540
7769 0.06811826600460336 397 1 397 0 8541
7770 0.016011578030884266 398 1503 395 3 8636
7771 0.06772419397020712 398 1 398 0 8636
7772 0.015667620988097042 400 727 398 2 8675
7773 0.045628309017047286 400 1 400 0 8675
7774 0.008710051013622433 400 399 400 0 8696
7775 0.028246192960068583 400 1 400 0 8696
7776 0.008241768053267151 399 398 399 0 8722
7777 0.028004489955492318 399 1 399 0 8722
7778 0.015576174017041922 396 740 395 1 8672
7779 0.044267464021686465 396 1 396 0 8672
7780 0.01615093694999814 396 1317 392 4 8576
7781 0.06574973900569603 396 1 396 0 8576
7782 0.014682602020911872 398 1160 394 4 8549
7783 0.05915223999181762 398 1 398 0 8549
7784 0.01570823200745508 399 1134 397 2 8592
7785 0.05915033700875938 399 1 399 0 8592
7786 0.01456055900780484 395 892 394 1 8517
7787 0.04997097101295367 395 1 395 0 8517
7788 0.018793675990309566 395 2119 390 5 8511
7789 0.08956858195597306 395 1 395 0 8511
7790 0.015553319011814892 399 1868 394 5 8586
7791 0.07971838803496212 399 1 399 0 8586
7792 0.014024303003679961 397 1410 396 1 8611
7793 0.06974657200044021 397 1 397 0 8611
7794 0.01494875195203349 397 635 394 3 8570
7795 0.0404466760228388 397 1 397 0 8570
7796 0.015297155012376606 395 1611 392 3 8565
7797 0.06834317301400006 395 1 395 0 8565
7798 0.015240880951751024 398 2085 393 5 8679
7799 0.09105901001021266 398 1 398 0 8679
7800 0.010100379993673414 398 425 396 2 8640
7801 0.04011740203713998 398 1 398 0 8641
7802 0.014578906004317105 400 748 398 2 8695
7803 0.045925474958494306 400 1 400 0 8695
7804 0.008162949001416564 398 397 398 0 8690
7805 0.02832041500369087 398 1 398 0 8690
7806 0.01530898199416697 397 710 395 2 8636
7807 0.04470193799352273 397 1 397 0 8636
7808 0.01406396203674376 400 1001 397 3 8710
7809 0.05521525698713958 400 1 400 0 8710
7810 0.008511743973940611 398 397 398 0 8701
7811 0.02832406002562493 398 1 398 0 8701
7812 0.015397846000269055 398 515 396 2 8687
7813 0.039797500998247415 398 1 398 0 8687
7814 0.01484516600612551 399 1604 397 2 8752
7815 0.06964263500412926 399 1 399 0 8752
7816 0.017589767987374216 398 918 397 1 8771
7817 0.052793560025747865 398 1 398 0 8771
7818 0.010442653961945325 397 451 395 2 8706
7819 0.04112403403269127 397 1 397 0 8706
7820 0.015828812960535288 397 1204 394 3 8697
7821 0.061440367018803954 397 1 397 0 8697
7822 0.014434479002375156 398 1032 395 3 8736
7823 0.060938062029890716 398 1 398 0 8736
7824 0.014503762999083847 395 918 393 2 8683
7825 0.0539212939911522 395 1 395 0 8683
7826 0.014727217960171402 399 1479 394 5 8746
7827 0.0689174470026046 399 1 399 0 8746
7828 0.010475573013536632 397 432 396 1 8664
7829 0.04036788799567148 397 1 397 0 8664
7830 0.018224171013571322 398 851 395 3 8692
7831 0.04726585798198357 398 1 398 0 8692
7832 0.014441779989283532 400 871 398 2 8741
7833 0.050631623016670346 400 1 400 0 8742
7834 0.008315870014484972 400 399 400 0 8772
7835 0.028821917017921805 400 1 400 0 8772
7836 0.008343950961716473 397 396 397 0 8731
7837 0.028290338988881558 397 1 397 0 8731
7838 0.014695772028062493 397 1017 394 3 8632
7839 0.05358622100902721 397 1 397 0 8632
7840 0.01497459999518469 397 1261 394 3 8636
7841 0.06355206802254543 397 1 397 0 8636
7842 0.014403341978322715 399 693 396 3 8680
7843 0.0449349979753606 399 1 399 0 8680
7844 0.01014721003593877 399 436 398 1 8668
7845 0.040666185959707946 399 1 399 0 8668
7846 0.014636581996455789 399 1122 398 1 8716
7847 0.061672586016356945 399 1 399 0 8716
7848 0.014311955019365996 396 608 395 1 8629
7849 0.040868840005714446 396 1 396 0 8629
7850 0.014578616013750434 397 1361 393 4 8642
7851 0.06622820696793497 397 1 397 0 8642
7852 0.014378805994056165 396 1059 393 3 8603
7853 0.059685460990294814 396 1 396 0 8603
7854 0.01464738801587373 398 1225 394 4 8655
7855 0.06329548300709575 398 1 398 0 8655
7856 0.01437086402438581 396 649 394 2 8629
7857 0.04503489698981866 396 1 396 0 8629
7858 0.014490653993561864 397 1421 393 4 8693
7859 0.0675817399751395 397 1 397 0 8693
7860 0.014430112030822784 399 1054 396 3 8743
7861 0.0607648019795306 399 1 399 0 8743
7862 0.014293977990746498 398 728 397 1 8765
7863 0.04613202501786873 398 1 398 0 8765
7864 0.01446973200654611 398 1065 396 2 8816
7865 0.060159462969750166 398 1 398 0 8817
7866 0.010386859998106956 398 489 396 2 8827
7867 0.04156796104507521 398 1 398 0 8827
7868 0.010728261957410723 397 458 395 2 8723
7869 0.04082935204496607 397 1 397 0 8723
7870 0.014547478000167757 398 1241 395 3 8764
7871 0.06243559200083837 398 1 398 0 8764
7872 0.014533196983393282 398 1393 396 2 8786
7873 0.0694424249813892 398 1 398 0 8786
7874 0.014560627983883023 398 821 396 2 8797
7875 0.05031064205104485 398 1 398 0 8797
7876 0.011806851951405406 399 428 397 2 8803
7877 0.040956070995889604 399 1 399 0 8803
7878 0.010058587009552866 399 409 398 1 8819
7879 0.03908883698750287 399 1 399 0 8819
7880 0.010104376007802784 398 416 397 1 8820
7881 0.039554276037961245 398 1 398 0 8820
7882 0.015131396008655429 397 982 395 2 8797
7883 0.05419923097360879 397 1 397 0 8797
7884 0.014012785977683961 397 921 394 3 8745
7885 0.05378287599887699 397 1 397 0 8745
7886 0.014159546000882983 398 914 395 3 8767
7887 0.05421441403450444 398 1 398 0 8767
7888 0.014450032962486148 398 739 396 2 8769
7889 0.04519584903027862 398 1 398 0 8769
7890 0.010337364976294339 398 506 396 2 8762
7891 0.04191190702840686 398 1 398 0 8762
7892 0.010782664990983903 397 436 395 2 8681
7893 0.04043415701016784 397 1 397 0 8681
7894 0.014417344005778432 400 1259 397 3 8764
7895 0.06369702500524 400 1 400 0 8764
7896 0.008157072006724775 398 397 398 0 8729
7897 0.028796788945328444 398 1 398 0 8730
7898 0.014653638005256653 399 937 397 2 8780
7899 0.053661173034925014 399 1 399 0 8780
7900 0.010147280991077423 398 408 397 1 8720
7901 0.03898532100720331 398 1 398 0 8720
7902 0.014814669964835048 400 578 398 2 8754
7903 0.04083917604293674 400 1 400 0 8754
7904 0.007993655977770686 397 396 397 0 8711
7905 0.02874008397338912 397 1 397 0 8711
7906 0.01455743401311338 397 1773 394 3 8729
7907 0.07341377902776003 397 1 397 0 8729
7908 0.014480047975666821 397 1805 394 3 8759
7909 0.08235839300323278 397 1 397 0 8759
7910 0.014827348990365863 399 618 396 3 8766
7911 0.04030250001233071 399 1 399 0 8766
7912 0.00996306398883462 399 411 398 1 8784
7913 0.039349136990495026 399 1 399 0 8784
7914 0.010372499004006386 399 430 398 1 8791
7915 0.0407653950387612 399 1 399 0 8791
7916 0.015290474984794855 398 845 397 1 8800
7917 0.05026506201829761 398 1 398 0 8800
7918 0.01421406795270741 397 903 395 2 8786
7919 0.05514616402797401 397 1 397 0 8786
7920 0.0145420299959369 399 678 396 3 8823
7921 0.04548007599078119 399 1 399 0 8823
7922 0.01048421603627503 398 440 397 1 8828
7923 0.04057167499559 398 1 398 0 8828
7924 0.014942140958737582 398 1858 396 2 8871
7925 0.08126204699510708 398 1 398 0 8871
7926 0.014310502039734274 397 729 395 2 8868
7927 0.04601674299919978 397 1 397 0 8868
7928 0.014541709970217198 398 685 395 3 8863
7929 0.045035728020593524 398 1 398 0 8864
7930 0.014464363979641348 399 967 397 2 8914
7931 0.055945775005966425 399 1 399 0 8914
7932 0.01020121102919802 399 408 398 1 8885
7933 0.039649659011047333 399 1 399 0 8885
7934 0.010330394958145916 399 424 398 1 8882
7935 0.0412701930035837 399 1 399 0 8882
7936 0.010439699981361628 399 438 398 1 8888
7937 0.0413213400170207 399 1 399 0 8888
7938 0.014641490008216351 400 1042 399 1 8961
7939 0.061426615982782096 400 1 400 0 8961
7940 0.00829369603889063 398 397 398 0 8913
7941 0.028776338964235038 398 1 398 0 8913
7942 0.01483106502564624 399 1164 397 2 8964
7943 0.0614436810137704 399 1 399 0 8964
7944 0.014514699985738844 398 761 397 1 8949
7945 0.04655554099008441 398 1 398 0 8949
7946 0.014584855001885444 398 547 396 2 8942
7947 0.04120819002855569 398 1 398 0 8942
7948 0.01469741394976154 399 1193 397 2 8988
7949 0.06544006400508806 399 1 399 0 8988
7950 0.014416671998333186 396 850 395 1 8924
7951 0.05117947602411732 396 1 396 0 8924
7952 0.014738074969500303 397 1012 393 4 8937
7953 0.05532265902729705 397 1 397 0 8937
7954 0.01459043298382312 396 955 393 3 8908
7955 0.05566430103499442 396 1 396 0 8908
7956 0.01496135100023821 397 696 393 4 8908
7957 0.04561454796930775 397 1 397 0 8908
7958 0.015232075995299965 398 571 395 3 8914
7959 0.04132160102017224 398 1 398 0 8914
7960 0.015026788983959705 400 1094 398 2 8986
7961 0.062168899981770664 400 1 400 0 8987
7962 0.008394368051085621 396 395 396 0 8860
7963 0.028413683990947902 396 1 396 0 8860
7964 0.014932607009541243 395 736 391 4 8776
7965 0.04522954998537898 395 1 395 0 8776
7966 0.014802891993895173 397 1398 392 5 8791
7967 0.06793624302372336 397 1 397 0 8791
7968 0.014948911964893341 398 1219 395 3 8853
7969 0.0642767259851098 398 1 398 0 8853
7970 0.01441189501201734 396 541 394 2 8804
7971 0.04077477002283558 396 1 396 0 8804
7972 0.014768560009542853 400 1105 396 4 8877
7973 0.06010854698251933 400 1 400 0 8877
7974 0.008323410991579294 399 398 399 0 8895
7975 0.028752862999681383 399 1 399 0 8895
7976 0.010591576981823891 398 408 397 1 8875
7977 0.03965128300478682 398 1 398 0 8875
7978 0.014893037034198642 396 1060 394 2 8815
7979 0.06111969496123493 396 1 396 0 8815
7980 0.014608661003876477 399 1256 395 4 8851
7981 0.0625452560489066 399 1 399 0 8851
7982 0.010409122973214835 400 425 399 1 8873
7983 0.041680008987896144 400 1 400 0 8873
7984 0.009881781006697565 398 397 398 0 8809
7985 0.028143548988737166 398 1 398 0 8809
7986 0.01889764203224331 399 796 397 2 8847
7987 0.046586979005951434 399 1 399 0 8847
7988 0.010206157981883734 400 425 399 1 8862
7989 0.04175528197083622 400 1 400 0 8862
7990 0.00837995600886643 398 397 398 0 8829
7991 0.02879779099021107 398 1 398 0 8829
7992 0.014834129018709064 397 1070 395 2 8829
7993 0.06100960000185296 397 1 397 0 8830
7994 0.01471289701294154 399 1111 396 3 8878
7995 0.06047240301268175 399 1 399 0 8878
7996 0.011372120003215969 395 410 394 1 8733
7997 0.0380980689660646 395 1 395 0 8733
7998 0.017619922989979386 398 1371 393 5 8749
7999 0.06492242601234466 398 1 398 0 8749
8000 0.015548812982160598 399 544 397 2 8770
8001 0.03941549704177305 399 1 399 0 8770
8002 0.01140782400034368 397 442 396 1 8730
8003 0.041018885967787355 397 1 397 0 8730
8004 0.015084274986293167 398 896 395 3 8743
8005 0.050273265049327165 398 1 398 0 8743
8006 0.014457502984441817 397 838 395 2 8734
8007 0.05038157798117027 397 1 397 0 8734
8008 0.014814359019510448 398 1278 395 3 8746
8009 0.06277259800117463 398 1 398 0 8746
8010 0.014609180972911417 400 632 398 2 8790
8011 0.041074680048041046 400 1 400 0 8790
8012 0.008579504967201501 397 396 397 0 8729
8013 0.028284139989409596 397 1 397 0 8729
8014 0.014931796002201736 398 891 395 3 8723
8015 0.05031029001111165 398 1 398 0 8723
8016 0.0145897829788737 399 902 397 2 8744
8017 0.0544119100086391 399 1 399 0 8744
8018 0.010820991999935359 397 440 396 1 8652
8019 0.04100377298891544 397 1 397 0 8652
8020 0.01611280004726723 398 1600 395 3 8696
8021 0.06688283098628744 398 1 398 0 8696
8022 0.014471895003225654 398 869 396 2 8722
8023 0.05074654601048678 398 1 398 0 8722
8024 0.014735900971572846 397 812 395 2 8720
8025 0.049527986033353955 397 1 397 0 8721
8026 0.014666146948002279 397 1640 394 3 8774
8027 0.06972013204358518 397 1 397 0 8774
8028 0.015236734005156904 398 623 395 3 8772
8029 0.04128351295366883 398 1 398 0 8772
8030 0.015032246999908239 396 575 394 2 8657
8031 0.040681158017832786 396 1 396 0 8657
8032 0.014895220985636115 399 1347 395 4 8737
8033 0.06618347100447863 399 1 399 0 8737
8034 0.010202903009485453 399 415 398 1 8723
8035 0.0393330940278247 399 1 399 0 8723
8036 0.0102413619752042 395 404 394 1 8618
8037 0.038964419974945486 395 1 395 0 8618
8038 0.014654950005933642 395 1238 390 5 8572
8039 0.06271049502538517 395 1 395 0 8572
8040 0.014724813983775675 400 1243 395 5 8649
8041 0.06219393899664283 400 1 400 0 8649
8042 0.00812122703064233 398 397 398 0 8657
8043 0.028023567982017994 398 1 398 0 8657
8044 0.014731976028997451 397 1038 395 2 8675
8045 0.059021583991125226 397 1 397 0 8675
8046 0.013711253006476909 399 1272 396 3 8736
8047 0.06369296996854246 399 1 399 0 8736
8048 0.013872003997676075 399 610 398 1 8765
8049 0.04144962300779298 399 1 399 0 8765
8050 0.01863280398538336 398 545 397 1 8728
8051 0.037906220997683704 398 1 398 0 8728
8052 0.011647403007373214 397 493 395 2 8685
8053 0.040583472000434995 397 1 397 0 8685
8054 0.015105016005691141 398 966 395 3 8709
8055 0.054299651994369924 398 1 398 0 8709
8056 0.015165487013291568 396 577 394 2 8658
8057 0.03989039099542424 396 1 396 0 8659
8058 0.014967520022764802 397 1379 393 4 8684
8059 0.06616364000365138 397 1 397 0 8684
8060 0.01410864997887984 399 1554 396 3 8746
8061 0.06897867796942592 399 1 399 0 8746
8062 0.009763063048012555 398 405 397 1 8723
8063 0.0391658729640767 398 1 398 0 8723
8064 0.013626005034893751 398 679 396 2 8711
8065 0.04567352699814364 398 1 398 0 8711
8066 0.014850913954433054 396 1494 394 2 8670
8067 0.06839381001191214 396 1 396 0 8670
8068 0.015984637022484094 398 1961 394 4 8780
8069 0.08359534101327881 398 1 398 0 8780
8070 0.013453655992634594 399 675 397 2 8791
8071 0.0462367829750292 399 1 399 0 8791
8072 0.009758306026924402 399 472 398 1 8801
8073 0.04240826197201386 399 1 399 0 8801
8074 0.014076411025598645 396 413 395 1 8649
8075 0.03886789601529017 396 1 396 0 8649
8076 0.01540877198567614 400 780 396 4 8697
8077 0.048360271961428225 400 1 400 0 8697
8078 0.008589060045778751 399 398 399 0 8701
8079 0.028572862967848778 399 1 399 0 8701
8080 0.01063484203768894 397 408 396 1 8628
8081 0.03880396898603067 397 1 397 0 8628
8082 0.014977996004745364 400 1486 397 3 8724
8083 0.06765391898807138 400 1 400 0 8724
8084 0.008322459005285054 394 393 394 0 8630
8085 0.028701726987492293 394 1 394 0 8630
8086 0.01518742903135717 397 1869 391 6 8691
8087 0.08050354797160253 397 1 397 0 8691
8088 0.014599616988562047 397 858 394 3 8657
8089 0.05001086101401597 397 1 397 0 8658
8090 0.015068250999320298 398 1195 395 3 8672
8091 0.06216471397783607 398 1 398 0 8672
8092 0.010521652991883457 398 487 396 2 8669
8093 0.04152572702150792 398 1 398 0 8669
8094 0.014705465990118682 398 887 396 2 8656
8095 0.050522628996986896 398 1 398 0 8656
8096 0.014547499013133347 400 903 398 2 8720
8097 0.054500903992448 400 1 400 0 8720
8098 0.008198864001315087 395 394 395 0 8567
8099 0.028207094001118094 395 1 395 0 8567
8100 0.01476542599266395 399 2546 394 5 8693
8101 0.1011594200390391 399 1 399 0 8693
8102 0.010111587005667388 399 418 398 1 8699
8103 0.04092536499956623 399 1 399 0 8699
8104 0.014497873955406249 398 688 397 1 8702
8105 0.045466707029845566 398 1 398 0 8702
8106 0.014469079964328557 399 1325 397 2 8749
8107 0.06749395903898403 399 1 399 0 8749
8108 0.010221450997050852 394 423 393 1 8621
8109 0.04111768497386947 394 1 394 0 8621
8110 0.014938245003577322 400 1235 394 6 8700
8111 0.06183589098509401 400 1 400 0 8700
8112 0.008191291999537498 399 398 399 0 8700
8113 0.028802158019971102 399 1 399 0 8700
8114 0.010536995017901063 399 456 398 1 8689
8115 0.04158121097134426 399 1 399 0 8689
8116 0.014419406012166291 397 584 396 1 8598
8117 0.040810734033584595 397 1 397 0 8598
8118 0.014579746988601983 400 1203 397 3 8671
8119 0.06279768497915938 400 1 400 0 8671
8120 0.008237551024649292 397 396 397 0 8650
8121 0.028708016965538263 397 1 397 0 8651
8122 0.014770403038710356 400 1795 397 3 8763
8123 0.08000870497198775 400 1 400 0 8763
8124 0.00821718102088198 398 397 398 0 8705
8125 0.028233824006747454 398 1 398 0 8705
8126 0.014760188001673669 398 964 396 2 8704
8127 0.05421815998852253 398 1 398 0 8704
8128 0.014295010012574494 395 903 393 2 8645
8129 0.05483330297283828 395 1 395 0 8645
8130 0.014585466007702053 399 1349 394 5 8698
8131 0.06653928500600159 399 1 399 0 8698
8132 0.01032494701212272 399 504 398 1 8718
8133 0.04183775495039299 399 1 399 0 8718
8134 0.010351397038903087 399 415 398 1 8732
8135 0.03951416601194069 399 1 399 0 8732
8136 0.016091076948214322 400 851 399 1 8783
8137 0.05028297903481871 400 1 400 0 8783
8138 0.008307066978886724 397 396 397 0 8772
8139 0.028355477028526366 397 1 397 0 8772
8140 0.015382441983092576 396 1222 393 3 8767
8141 0.06296701001701877 396 1 396 0 8767
8142 0.016041822964325547 399 1042 395 4 8798
8143 0.05988947703735903 399 1 399 0 8798
8144 0.014106115966569632 399 651 398 1 8823
8145 0.04541644098935649 399 1 399 0 8823
8146 0.010026568023022264 396 415 395 1 8738
8147 0.038974775990936905 396 1 396 0 8738
8148 0.014667830022517592 399 1285 395 4 8770
8149 0.06663447699975222 399 1 399 0 8770
8150 0.014141549007035792 395 652 394 1 8650
8151 0.04564479400869459 395 1 395 0 8650
8152 0.014431694988161325 397 1727 392 5 8670
8153 0.07195951498579234 397 1 397 0 8671
8154 0.014397574006579816 397 873 394 3 8635
8155 0.05049715097993612 397 1 397 0 8635
8156 0.014735720993485302 397 1126 394 3 8658
8157 0.06030639400705695 397 1 397 0 8658
8158 0.014540899021085352 398 1160 395 3 8700
8159 0.061836300999857485 398 1 398 0 8700
8160 0.0103779659839347 398 421 396 2 8667
8161 0.04069585102843121 398 1 398 0 8667
8162 0.010319568973500282 398 425 396 2 8629
8163 0.040642280015163124 398 1 398 0 8629
8164 0.010393489967100322 400 456 398 2 8661
8165 0.04154522699536756 400 1 400 0 8661
8166 0.008406024018768221 398 397 398 0 8663
8167 0.02803901198785752 398 1 398 0 8663
8168 0.014540318050421774 400 900 398 2 8720
8169 0.054110457946080714 400 1 400 0 8720
8170 0.008198463008739054 397 396 397 0 8680
8171 0.028211250028107315 397 1 397 0 8680
8172 0.014921019959729165 399 1831 396 3 8772
8173 0.08020750305149704 399 1 399 0 8772
8174 0.014339305984321982 399 520 398 1 8779
8175 0.04064066696446389 399 1 399 0 8779
8176 0.014531465014442801 399 721 398 1 8811
8177 0.046538035036064684 399 1 399 0 8811
8178 0.01480557699687779 397 603 396 1 8786
8179 0.04132844996638596 397 1 397 0 8786
8180 0.01033143699169159 398 490 395 3 8769
8181 0.04180629801703617 398 1 398 0 8769
8182 0.01460573700023815 397 1147 395 2 8744
8183 0.06217997701605782 397 1 397 0 8744
8184 0.01473808498121798 399 891 396 3 8776
8185 0.05047960497904569 399 1 399 0 8777
8186 0.010286009055562317 397 414 396 1 8697
8187 0.039587014995049685 397 1 397 0 8697
8188 0.01458476495463401 399 581 396 3 8719
8189 0.040671624010428786 399 1 399 0 8719
8190 0.014603693038225174 400 781 399 1 8762
8191 0.05022484197979793 400 1 400 0 8762
8192 0.008184742997400463 400 399 400 0 8795
8193 0.028217258979566395 400 1 400 0 8795
8194 0.008312765043228865 400 399 400 0 8832
8195 0.028459383000154048 400 1 400 0 8832
8196 0.008239544986281544 396 395 396 0 8728
8197 0.02826977800577879 396 1 396 0 8728
8198 0.015881701954640448 399 711 395 4 8769
8199 0.0453176720184274 399 1 399 0 8769
8200 0.009960820025298744 397 408 396 1 8751
8201 0.039392993960063905 397 1 397 0 8751
8202 0.015311966999433935 399 853 396 3 8787
8203 0.05060480302199721 399 1 399 0 8787
8204 0.01462352299131453 399 660 398 1 8776
8205 0.04588593600783497 399 1 399 0 8776
8206 0.014665035007055849 398 755 397 1 8795
8207 0.04638745897682384 398 1 398 0 8795
8208 0.015345858002547175 398 987 396 2 8825
8209 0.05570236803032458 398 1 398 0 8825
8210 0.014617613982409239 395 938 393 2 8804
8211 0.05545304500265047 395 1 395 0 8804
8212 0.018272673012688756 396 1652 391 5 8783
8213 0.06519714900059626 396 1 396 0 8783
8214 0.018285873986314982 395 1279 391 4 8748
8215 0.05954262602608651 395 1 395 0 8748
8216 0.014979687985032797 397 1376 392 5 8765
8217 0.06700199999613687 397 1 397 0 8766
8218 0.015114901005290449 399 1008 396 3 8805
8219 0.05509657796937972 399 1 399 0 8805
8220 0.010571598017122597 400 415 399 1 8822
8221 0.03986851801164448 400 1 400 0 8822
8222 0.008957092999480665 398 397 398 0 8815
8223 0.02810945699457079 398 1 398 0 8815
8224 0.014791294990573078 398 1072 396 2 8875
8225 0.06055569800082594 398 1 398 0 8875
8226 0.014690232987049967 399 709 397 2 8927
8227 0.04570961103308946 399 1 399 0 8927
8228 0.011439650959800929 397 457 396 1 8836
8229 0.04025418701348826 397 1 397 0 8836
8230 0.016092059027869254 398 607 395 3 8790
8231 0.039768687973264605 398 1 398 0 8790
8232 0.01845880300970748 399 676 397 2 8809
8233 0.04241270897909999 399 1 399 0 8809
8234 0.014069141005165875 397 664 396 1 8779
8235 0.046040367044042796 397 1 397 0 8779
8236 0.014965546957682818 398 1153 395 3 8813
8237 0.06220052798744291 398 1 398 0 8813
8238 0.010398788028396666 399 456 397 2 8812
8239 0.041681921982672065 399 1 399 0 8812
8240 0.010358407045714557 398 427 397 1 8726
8241 0.04097693198127672 398 1 398 0 8726
8242 0.01045053597772494 398 433 396 2 8689
8243 0.0414213000331074 398 1 398 0 8689
8244 0.014629331999458373 398 1183 396 2 8683
8245 0.061594287981279194 398 1 398 0 8683
8246 0.014422370993997902 399 556 397 2 8700
8247 0.04082335199927911 399 1 399 0 8700
8248 0.014390652999281883 399 731 398 1 8724
8249 0.0464071580208838 399 1 399 0 8725
8250 0.0152224829653278 399 836 398 1 8755
8251 0.05008544301381335 399 1 399 0 8755
8252 0.014468891022261232 397 717 396 1 8728
8253 0.04639821499586105 397 1 397 0 8728
8254 0.014468159002717584 397 1740 394 3 8678
8255 0.07303321798099205 397 1 397 0 8678
8256 0.014850814011879265 399 1487 396 3 8731
8257 0.06785507098538801 399 1 399 0 8731
8258 0.010389723989646882 398 458 397 1 8734
8259 0.04123598203295842 398 1 398 0 8734
8260 0.014617945009376854 399 1065 397 2 8792
8261 0.06179295596666634 399 1 399 0 8792
8262 0.010245897981803864 398 409 397 1 8789
8263 0.03941446600947529 398 1 398 0 8789
8264 0.01579240901628509 398 574 396 2 8773
8265 0.03983214299660176 398 1 398 0 8773
8266 0.014338075008708984 399 800 397 2 8811
8267 0.050146834983024746 399 1 399 0 8811
8268 0.010391256015282124 396 453 395 1 8744
8269 0.04118832998210564 396 1 396 0 8744
8270 0.014841730997432023 398 1008 394 4 8739
8271 0.05451260204426944 398 1 398 0 8739
8272 0.014594799955375493 399 736 397 2 8765
8273 0.04562082700431347 399 1 399 0 8765
8274 0.01025389099959284 400 410 399 1 8797
8275 0.03943034901749343 400 1 400 0 8797
8276 0.008277571992948651 395 394 395 0 8650
8277 0.028290219022892416 395 1 395 0 8650
8278 0.01603253895882517 398 1574 393 5 8675
8279 0.06568973901448771 398 1 398 0 8675
8280 0.014539906987920403 397 1020 395 2 8636
8281 0.05470580299152061 397 1 397 0 8637
8282 0.014569721999578178 399 1208 396 3 8676
8283 0.06429348100209609 399 1 399 0 8676
8284 0.010150185029488057 396 414 395 1 8635
8285 0.03902125597232953 396 1 396 0 8635
8286 0.014649762015324086 399 1677 395 4 8682
8287 0.07257192500401288 399 1 399 0 8682
8288 0.014372835983522236 399 849 398 1 8733
8289 0.05074858904117718 399 1 399 0 8733
8290 0.010288191959261894 398 457 397 1 8739
8291 0.04114833002677187 398 1 398 0 8739
8292 0.01470096898265183 398 1434 396 2 8813
8293 0.06799688399769366 398 1 398 0 8813
8294 0.014712406031321734 399 619 397 2 8854
8295 0.04160078999120742 399 1 399 0 8854
8296 0.010227481019683182 396 470 395 1 8717
8297 0.04181012394838035 396 1 396 0 8717
8298 0.014727780013345182 397 1385 393 4 8753
8299 0.066738844034262 397 1 397 0 8753
8300 0.014467638975474983 398 540 395 3 8725
8301 0.04004196898313239 398 1 398 0 8725
8302 0.016374342027120292 396 978 394 2 8685
8303 0.053925259970128536 396 1 396 0 8685
8304 0.014857714006211609 399 759 395 4 8716
8305 0.04524150799261406 399 1 399 0 8716
8306 0.01025326899252832 398 409 397 1 8693
8307 0.03901942301308736 398 1 398 0 8693
8308 0.01459266699384898 399 1056 397 2 8707
8309 0.06102978001581505 399 1 399 0 8707
8310 0.010375552985351533 400 493 399 1 8739
8311 0.04175543203018606 400 1 400 0 8739
8312 0.008304982970003039 395 394 395 0 8663
8313 0.02799648803193122 395 1 395 0 8664
8314 0.01519972796086222 400 1957 395 5 8788
8315 0.08274332102155313 400 1 400 0 8788
8316 0.00811697100289166 398 397 398 0 8742
8317 0.028326674015261233 398 1 398 0 8742
8318 0.014980117965023965 400 999 398 2 8802
8319 0.055564562033396214 400 1 400 0 8802
8320 0.008034216996748 398 397 398 0 8780
8321 0.02813257201341912 398 1 398 0 8780
8322 0.015657254960387945 397 569 395 2 8719
8323 0.03969125199364498 397 1 397 0 8719
8324 0.014360438042785972 399 1218 396 3 8745
8325 0.06303034396842122 399 1 399 0 8745
8326 0.010155012016184628 393 414 392 1 8630
8327 0.03893154097022489 393 1 393 0 8630
8328 0.015046027023345232 397 1309 390 7 8628
8329 0.06501238199416548 397 1 397 0 8628
8330 0.014196992036886513 397 746 394 3 8593
8331 0.04560264095198363 397 1 397 0 8593
8332 0.014579857001081109 399 961 396 3 8620
8333 0.05537792103132233 399 1 399 0 8620
8334 0.010082994005642831 393 408 392 1 8432
8335 0.03840351797407493 393 1 393 0 8432
8336 0.01493514102185145 398 1162 391 7 8448
8337 0.058977246982976794 398 1 398 0 8448
8338 0.0142940380028449 399 665 397 2 8477
8339 0.0449977419921197 399 1 399 0 8477
8340 0.010083183995448053 398 412 397 1 8448
8341 0.038852612022310495 398 1 398 0 8448
8342 0.014522951969411224 395 814 393 2 8361
8343 0.04929224104853347 395 1 395 0 8361
8344 0.014723963977303356 399 933 394 5 8409
8345 0.0532475319923833 399 1 399 0 8410
8346 0.009970895014703274 399 422 398 1 8399
8347 0.04020157898776233 399 1 399 0 8399
8348 0.010330655029974878 399 489 398 1 8400
8349 0.04095178499119356 399 1 399 0 8400
8350 0.01022646896308288 398 415 397 1 8386
8351 0.03877515601925552 398 1 398 0 8386
8352 0.014688430994283408 399 1167 397 2 8438
8353 0.059761594980955124 399 1 399 0 8438
8354 0.014576472050976008 399 698 398 1 8485
8355 0.04539936495712027 399 1 399 0 8485
8356 0.01027682499261573 397 423 396 1 8420
8357 0.039916730020195246 397 1 397 0 8420
8358 0.0152423030231148 399 604 396 3 8448
8359 0.04030393197899684 399 1 399 0 8448
8360 0.01375167298829183 399 675 398 1 8486
8361 0.045160035020671785 399 1 399 0 8486
8362 0.014340498019009829 399 519 398 1 8446
8363 0.04003359598573297 399 1 399 0 8446
8364 0.014748201007023454 397 613 396 1 8447
8365 0.04053279495565221 397 1 397 0 8447
8366 0.014779377030208707 398 1427 395 3 8516
8367 0.06823608296690509 398 1 398 0 8516
8368 0.014459547004662454 397 1265 395 2 8494
8369 0.06349690502975136 397 1 397 0 8494
8370 0.014775642019230872 397 762 394 3 8469
8371 0.044885883980896324 397 1 397 0 8469
8372 0.015434861008543521 398 1087 395 3 8458
8373 0.05988611199427396 398 1 398 0 8458
8374 0.022923328971955925 398 699 396 2 8423
8375 0.04205285804346204 398 1 398 0 8423
8376 0.01740539097227156 398 563 396 2 8369
8377 0.03904586302815005 398 1 398 0 8370
8378 0.016843005956616253 399 528 397 2 8388
8379 0.039111471036449075 399 1 399 0 8388
8380 0.012535226996988058 397 424 396 1 8310
8381 0.04024971096077934 397 1 397 0 8310
8382 0.011698660033289343 400 471 397 3 8336
8383 0.04033856396563351 400 1 400 0 8336
8384 0.007846835011150688 398 397 398 0 8340
8385 0.02744112303480506 398 1 398 0 8340
8386 0.01164622197393328 399 495 397 2 8370
8387 0.04038008599309251 399 1 399 0 8370
8388 0.012679282983299345 397 421 396 1 8248
8389 0.039511141018010676 397 1 397 0 8248
8390 0.013891823997255415 399 1101 396 3 8312
8391 0.05955508601618931 399 1 399 0 8312
8392 0.018191291019320488 399 557 398 1 8321
8393 0.039890570973511785 399 1 399 0 8321
8394 0.010681151994504035 399 477 398 1 8345
8395 0.04056176001904532 399 1 399 0 8345
8396 0.011452008970081806 396 405 395 1 8297
8397 0.03818913601571694 396 1 396 0 8297
8398 0.01531722501385957 398 1174 394 4 8316
8399 0.060770199983380735 398 1 398 0 8316
8400 0.015128221013583243 399 999 397 2 8334
8401 0.05353629501769319 399 1 399 0 8334
8402 0.010650625976268202 399 423 398 1 8360
8403 0.03977006097557023 399 1 399 0 8360
8404 0.010721262020524591 398 415 397 1 8318
8405 0.03814373799832538 398 1 398 0 8318
8406 0.014934159000404179 397 984 395 2 8294
8407 0.053912770992610604 397 1 397 0 8294
8408 0.01644295599544421 398 848 395 3 8321
8409 0.04882273601833731 398 1 398 0 8322
8410 0.015112296969164163 400 1510 398 2 8417
8411 0.06591616902733222 400 1 400 0 8417
8412 0.007900815980974585 395 394 395 0 8299
8413 0.028106181998737156 395 1 395 0 8299
8414 0.014534920046571642 396 1216 391 5 8325
8415 0.06035038997652009 396 1 396 0 8325
8416 0.01473032298963517 400 1183 396 4 8404
8417 0.058412610029336065 400 1 400 0 8404
8418 0.007921446987893432 398 397 398 0 8404
8419 0.02820673299720511 398 1 398 0 8404
8420 0.014798395975958556 398 800 396 2 8340
8421 0.048415474011562765 398 1 398 0 8340
8422 0.014302010997198522 397 1718 395 2 8334
8423 0.0728315640008077 397 1 397 0 8334
8424 0.014415721001569182 398 834 395 3 8376
8425 0.049514775979332626 398 1 398 0 8376
8426 0.014344374008942395 400 1034 398 2 8453
8427 0.059999863035045564 400 1 400 0 8453
8428 0.008121086983010173 399 398 399 0 8457
8429 0.02771267102798447 399 1 399 0 8457
8430 0.010294090956449509 399 408 398 1 8456
8431 0.038668055029120296 399 1 399 0 8456
8432 0.010122573003172874 399 448 398 1 8462
8433 0.040280557004734874 399 1 399 0 8462
8434 0.01458815997466445 400 1108 399 1 8535
8435 0.061552505008876324 400 1 400 0 8535
8436 0.008064561989158392 397 396 397 0 8442
8437 0.027909205993637443 397 1 397 0 8442
8438 0.015088191023096442 399 698 396 3 8459
8439 0.0440809249994345 399 1 399 0 8459
8440 0.01415811397600919 396 647 395 1 8370
8441 0.04451616801088676 396 1 396 0 8371
8442 0.01454259199090302 400 1086 396 4 8441
8443 0.05859582399716601 400 1 400 0 8441
8444 0.00813480804208666 398 397 398 0 8428
8445 0.028132521954830736 398 1 398 0 8428
8446 0.01490047900006175 400 881 398 2 8479
8447 0.04918336804257706 400 1 400 0 8479
8448 0.008134195988532156 398 397 398 0 8456
8449 0.02814385900273919 398 1 398 0 8456
8450 0.010520920972339809 397 453 395 2 8453
8451 0.04056888003833592 397 1 397 0 8453
8452 0.010973180993460119 397 511 394 3 8376
8453 0.04101758397882804 397 1 397 0 8376
8454 0.014354648999869823 398 888 395 3 8393
8455 0.049637880991213024 398 1 398 0 8393
8456 0.014397163002286106 400 1282 398 2 8473
8457 0.06661574903409928 400 1 400 0 8473
8458 0.008533606946002692 397 396 397 0 8429
8459 0.02835624699946493 397 1 397 0 8429
8460 0.016059951041825116 399 973 396 3 8418
8461 0.05247987899929285 399 1 399 0 8418
8462 0.009724995994474739 398 421 397 1 8398
8463 0.04031657101586461 398 1 398 0 8398
8464 0.01424306200351566 399 657 397 2 8393
8465 0.04492866696091369 399 1 399 0 8393
8466 0.01045556302415207 398 421 397 1 8402
8467 0.039904251985717565 398 1 398 0 8402
8468 0.014416551974136382 399 570 397 2 8415
8469 0.04011958505725488 399 1 399 0 8415
8470 0.01408319198526442 397 616 396 1 8375
8471 0.04085561097599566 397 1 397 0 8375
8472 0.014362960995640606 399 814 396 3 8406
8473 0.04903391399420798 399 1 399 0 8407
8474 0.014791134046390653 400 679 399 1 8450
8475 0.045153695973567665 400 1 400 0 8450
8476 0.007988899014890194 398 397 398 0 8403
8477 0.02826497098430991 398 1 398 0 8403
8478 0.015315681986976415 397 767 395 2 8382
8479 0.04484308901010081 397 1 397 0 8382
8480 0.014087688003201038 397 1182 394 3 8351
8481 0.0599584819865413 397 1 397 0 8351
8482 0.014410372008569539 399 852 396 3 8390
8483 0.050587777979671955 399 1 399 0 8390
8484 0.010028932010754943 397 415 396 1 8339
8485 0.03998405201127753 396 0 396 0 8289
8486 0.016793792019598186 399 2453 395 4 8430
8487 0.09927733399672434 400 287 399 1 8448
8488 0.014519976975861937 399 398 399 0 8444
8489 0.028922418016009033 399 1 399 0 8444
8490 0.014579256996512413 396 830 395 1 8410
8491 0.05003343499265611 396 1 396 0 8411
8492 0.016064926981925964 399 2099 395 4 8535
8493 0.09017520403722301 399 1 399 0 8535
8494 0.010046328010503203 400 420 399 1 8562
8495 0.04074587597278878 400 1 400 0 8562
8496 0.008259645022917539 400 399 400 0 8581
8497 0.028159261972177774 400 1 400 0 8581
8498 0.0082079769927077 397 396 397 0 8568
8499 0.028405002027284354 397 1 397 0 8568
8500 0.0169290549820289 397 1857 394 3 8634
8501 0.07927152700722218 397 1 397 0 8634
8502 0.01552738097961992 398 1042 395 3 8678
8503 0.05939494399353862 398 1 398 0 8678
8504 0.015335533011239022 398 708 396 2 8689
8505 0.04458088503452018 398 1 398 0 8689
8506 0.010343574977014214 399 462 397 2 8703
8507 0.04152144101681188 399 1 399 0 8703
8508 0.015301710984203964 397 1043 396 1 8688
8509 0.06090649502584711 397 1 397 0 8688
8510 0.010308141994755715 400 470 397 3 8716
8511 0.04138333298033103 400 1 400 0 8716
8512 0.00841518898960203 399 398 399 0 8733
8513 0.02829589700559154 399 1 399 0 8733
8514 0.015793529979418963 398 604 397 1 8728
8515 0.039893957029562443 398 1 398 0 8728
8516 0.01056770101422444 400 490 398 2 8754
8517 0.04220804199576378 400 1 400 0 8754
8518 0.008259564987383783 398 397 398 0 8753
8519 0.02836503100115806 398 1 398 0 8753
8520 0.015590204973705113 398 939 396 2 8779
8521 0.05441258102655411 398 1 398 0 8779
8522 0.014503502985462546 398 1460 396 2 8859
8523 0.0676183250034228 398 1 398 0 8860
8524 0.015062433027196676 397 814 395 2 8877
8525 0.048917668987996876 397 1 397 0 8877
8526 0.014698534971103072 395 1271 392 3 8820
8527 0.06478639203123748 395 1 395 0 8820
8528 0.014507918967865407 400 1567 395 5 8915
8529 0.06885958003113046 400 1 400 0 8915
8530 0.008383931999560446 400 399 400 0 8944
8531 0.02785498497541994 400 1 400 0 8944
8532 0.008027276024222374 400 399 400 0 8961
8533 0.0277391709969379 400 1 400 0 8961
8534 0.007800846011377871 399 398 399 0 8971
8535 0.028027374006342143 399 1 399 0 8971
8536 0.009998446970712394 399 409 398 1 8972
8537 0.039242117025423795 399 1 399 0 8972
8538 0.009896312956698239 396 413 395 1 8889
8539 0.03978406102396548 396 1 396 0 8889
8540 0.014927059004548937 400 2355 396 4 9030
8541 0.1015754549880512 400 1 400 0 9030
8542 0.008289991004858166 400 399 400 0 9052
8543 0.028510820004157722 400 1 400 0 9052
8544 0.008429941022768617 399 398 399 0 9059
8545 0.028717780951410532 399 1 399 0 9059
8546 0.011911079054698348 395 423 394 1 8961
8547 0.041233938944060355 395 1 395 0 8961
8548 0.01768963801441714 398 1025 393 5 8952
8549 0.059230698039755225 398 1 398 0 8952
8550 0.015577615995425731 398 641 396 2 8930
8551 0.043982656963635236 398 1 398 0 8930
8552 0.014383552013896406 398 971 396 2 8947
8553 0.05622517399024218 398 1 398 0 8947
8554 0.015783554990775883 398 1376 396 2 9005
8555 0.06709318701177835 398 1 398 0 9006
8556 0.015220309025608003 399 1661 397 2 9086
8557 0.0689337810035795 399 1 399 0 9086
8558 0.010318376997020096 398 414 397 1 9069
8559 0.04089870600728318 398 1 398 0 9069
8560 0.010696714976802468 400 462 398 2 9095
8561 0.0422733899904415 400 1 400 0 9095
8562 0.008313817030284554 399 398 399 0 9102
8563 0.028704870957881212 399 1 399 0 9102
8564 0.0157942509977147 397 725 396 1 9046
8565 0.04679187701549381 397 1 397 0 9046
8566 0.015949813998304307 399 1291 396 3 9086
8567 0.06710987200494856 399 1 399 0 9086
8568 0.014448068977799267 400 784 399 1 9131
8569 0.05139159504324198 400 1 400 0 9131
8570 0.008250480983406305 398 397 398 0 9086
8571 0.02876015502260998 398 1 398 0 9086
8572 0.019356050004716963 399 577 397 2 9100
8573 0.037838849995750934 399 1 399 0 9100
8574 0.010028661985415965 399 417 398 1 9108
8575 0.04206339496886358 399 1 399 0 9108
8576 0.010611487028654665 399 512 398 1 9130
8577 0.0427697459817864 399 1 399 0 9130
8578 0.016229995002504438 397 646 396 1 9101
8579 0.04597294598352164 397 1 397 0 9101
8580 0.016501644044183195 396 855 393 3 8987
8581 0.05057815299369395 396 1 396 0 8987
8582 0.015458156005479395 398 1148 394 4 8993
8583 0.06179811398033053 398 1 398 0 8993
8584 0.014988231007009745 396 1301 394 2 8951
8585 0.0670997470151633 396 1 396 0 8951
8586 0.01536452496657148 400 1630 396 4 9065
8587 0.06917977100238204 400 1 400 0 9066
8588 0.008343601017259061 396 395 396 0 9007
8589 0.028748165990691632 396 1 396 0 9007
8590 0.015116653987206519 395 1304 391 4 8957
8591 0.06654468300985172 395 1 395 0 8957
8592 0.014894258987624198 400 2271 395 5 9095
8593 0.09539702604524791 400 1 400 0 9095
8594 0.008521307958289981 399 398 399 0 9093
8595 0.02870858699316159 399 1 399 0 9093
8596 0.01069584401557222 396 468 395 1 8963
8597 0.04232643003342673 396 1 396 0 8963
8598 0.015885157976299524 399 1475 395 4 9035
8599 0.06847140600439161 399 1 399 0 9035
8600 0.010212157969363034 399 414 398 1 9037
8601 0.04055024200351909 399 1 399 0 9037
8602 0.011234313016757369 398 452 397 1 9027
8603 0.04201308899791911 398 1 398 0 9027
8604 0.012096417020075023 399 442 397 2 9041
8605 0.03997328598052263 399 1 399 0 9041
8606 0.014826267026364803 399 764 398 1 9058
8607 0.046683162974659353 399 1 399 0 9058
8608 0.010508803010452539 398 430 397 1 9023
8609 0.0416752320015803 398 1 398 0 9023
8610 0.010737395961768925 397 487 395 2 8997
8611 0.04183883703080937 397 1 397 0 8997
8612 0.015040469996165484 400 527 397 3 9027
8613 0.04048233898356557 400 1 400 0 9027
8614 0.00909072399372235 398 397 398 0 8998
8615 0.028554606018587947 398 1 398 0 8998
8616 0.015092836983967572 396 653 394 2 8959
8617 0.045469821023289114 396 1 396 0 8959
8618 0.015305436972994357 399 2825 395 4 9118
8619 0.10698869603220373 399 1 399 0 9119
8620 0.014909491990692914 398 888 397 1 9107
8621 0.05250449600862339 398 1 398 0 9107
8622 0.014624724979512393 400 1634 398 2 9209
8623 0.0705800229916349 400 1 400 0 9209
8624 0.008303341048303992 399 398 399 0 9211
8625 0.02903862198581919 399 1 399 0 9211
8626 0.011056635994464159 396 410 395 1 9140
8627 0.03995133301941678 396 1 396 0 9140
8628 0.015041159989777952 398 2131 394 4 9240
8629 0.0943101939628832 398 1 398 0 9240
8630 0.014777624048292637 398 1162 396 2 9261
8631 0.06275021395413205 398 1 398 0 9261
8632 0.016536526032723486 400 1005 398 2 9318
8633 0.05654661700828001 400 1 400 0 9318
8634 0.009895320981740952 397 396 397 0 9194
8635 0.028702998999506235 397 1 397 0 9194
8636 0.017525881994515657 398 1101 395 3 9238
8637 0.060680194990709424 398 1 398 0 9238
8638 0.014813377987593412 396 1183 394 2 9194
8639 0.06334446603432298 396 1 396 0 9194
8640 0.014719777973368764 397 1127 393 4 9200
8641 0.06116530403960496 397 1 397 0 9200
8642 0.014790282992180437 398 1426 395 3 9257
8643 0.0700451000011526 398 1 398 0 9257
8644 0.015027209010440856 400 999 398 2 9313
8645 0.057035540987271816 400 1 400 0 9313
8646 0.00835929496679455 397 396 397 0 9259
8647 0.02903839200735092 397 1 397 0 9259
8648 0.01824351999675855 399 770 396 3 9305
8649 0.04984376998618245 399 1 399 0 9305
8650 0.0144051150418818 398 602 397 1 9324
8651 0.042658658989239484 398 1 398 0 9325
8652 0.010840922011993825 397 424 395 2 9277
8653 0.04217245796462521 397 1 397 0 9277
8654 0.014603613002691418 397 998 394 3 9244
8655 0.056750182004179806 397 1 397 0 9244
8656 0.014686398033518344 398 1428 395 3 9238
8657 0.06833733496023342 398 1 398 0 9238
8658 0.009917945018969476 397 470 395 2 9183
8659 0.04270666098454967 397 1 397 0 9183
8660 0.014253407018259168 398 940 395 3 9183
8661 0.05635473900474608 398 1 398 0 9183
8662 0.014243501995224506 397 712 395 2 9173
8663 0.04635970701929182 397 1 397 0 9173
8664 0.014851124957203865 398 881 395 3 9170
8665 0.05059489799896255 398 1 398 0 9170
8666 0.013956041017081589 399 610 397 2 9188
8667 0.04281751700909808 399 1 399 0 9188
8668 0.014077231986448169 398 551 397 1 9163
8669 0.04224726103711873 398 1 398 0 9163
8670 0.014641669986303896 400 1279 398 2 9242
8671 0.06571719999192283 400 1 400 0 9242
8672 0.009973830019589514 398 397 398 0 9219
8673 0.02921533799963072 398 1 398 0 9219
8674 0.015701020951382816 399 1166 397 2 9258
8675 0.06273581204004586 399 1 399 0 9258
8676 0.01396127900807187 399 614 398 1 9268
8677 0.04330336698330939 399 1 399 0 9268
8678 0.014562349999323487 398 828 397 1 9260
8679 0.051758395973593 398 1 398 0 9260
8680 0.014553207030985504 398 769 396 2 9258
8681 0.05093470896827057 398 1 398 0 9258
8682 0.014593077008612454 394 933 392 2 9153
8683 0.05639922502450645 394 1 394 0 9154
8684 0.014810182969085872 400 1694 394 6 9263
8685 0.07381212804466486 400 1 400 0 9263
8686 0.008376521000172943 397 396 397 0 9217
8687 0.028863038984127343 397 1 397 0 9217
8688 0.012792642985004932 396 468 393 3 9170
8689 0.04196932399645448 396 1 396 0 9170
8690 0.015088921005371958 399 890 395 4 9174
8691 0.05049200402572751 399 1 399 0 9174
8692 0.014231152948923409 398 910 397 1 9185
8693 0.056699457054492086 398 1 398 0 9185
8694 0.010710735979955643 400 427 398 2 9216
8695 0.04211879801005125 400 1 400 0 9216
8696 0.00853132299380377 400 399 400 0 9234
8697 0.0287087979959324 400 1 400 0 9234
8698 0.008306133968289942 398 397 398 0 9166
8699 0.028925223043188453 398 1 398 0 9166
8700 0.014770613983273506 399 554 397 2 9171
8701 0.04136332299094647 399 1 399 0 9171
8702 0.010413790005259216 398 416 397 1 9142
8703 0.04050364199792966 398 1 398 0 9142
8704 0.010924667993094772 399 462 397 2 9153
8705 0.042199549032375216 399 1 399 0 9153
8706 0.010486088984180242 399 410 398 1 9168
8707 0.04088488401612267 399 1 399 0 9168
8708 0.011114583001472056 397 416 396 1 9111
8709 0.04035381699213758 397 1 397 0 9111
8710 0.015819709980860353 398 925 395 3 9119
8711 0.05447434401139617 398 1 398 0 9119
8712 0.01442106900503859 399 747 397 2 9087
8713 0.04694149096030742 399 1 399 0 9087
8714 0.010280841030180454 399 445 398 1 9103
8715 0.042363384971395135 399 1 399 0 9104
8716 0.014759297017008066 400 815 399 1 9157
8717 0.05145512998569757 400 1 400 0 9157
8718 0.008330201031640172 399 398 399 0 9169
8719 0.028773814963642508 399 1 399 0 9169
8720 0.015093849040567875 399 979 398 1 9216
8721 0.05681813496630639 399 1 399 0 9216
8722 0.010094651021063328 399 410 398 1 9198
8723 0.040443781996145844 399 1 399 0 9198
8724 0.010811988031491637 397 469 396 1 9098
8725 0.042239989968948066 397 1 397 0 9098
8726 0.014509582018945366 400 833 397 3 9154
8727 0.050714076962322 400 1 400 0 9154
8728 0.008327957999426872 400 399 400 0 9173
8729 0.029080976033583283 400 1 400 0 9173
8730 0.008624442969448864 397 396 397 0 9104
8731 0.028776579012628645 397 1 397 0 9104
8732 0.014767910004593432 398 793 395 3 9091
8733 0.050453244999516755 398 1 398 0 9091
8734 0.014603122021071613 399 951 397 2 9128
8735 0.056465495959855616 399 1 399 0 9128
8736 0.014335079002194107 396 662 395 1 9078
8737 0.04653284704545513 396 1 396 0 9078
8738 0.015556023980025202 398 1547 394 4 9136
8739 0.06963992200326174 398 1 398 0 9136
8740 0.01442592596868053 398 1012 396 2 9129
8741 0.056600768002681434 398 1 398 0 9129
8742 0.01496743899770081 396 967 394 2 9125
8743 0.05559030099539086 396 1 396 0 9125
8744 0.01530962303513661 399 1040 395 4 9172
8745 0.0615876279771328 399 1 399 0 9172
8746 0.014500568038783967 395 1072 394 1 9110
8747 0.06256372400093824 395 1 395 0 9111
8748 0.015865868947003037 397 2039 392 5 9157
8749 0.08451486204285175 397 1 397 0 9157
8750 0.014545715996064246 399 853 396 3 9166
8751 0.05091456801164895 399 1 399 0 9166
8752 0.014485735970083624 397 1162 396 1 9159
8753 0.0637341010151431 397 1 397 0 9159
8754 0.014769522997085005 398 627 395 3 9131
8755 0.04188243200769648 398 1 398 0 9131
8756 0.014632206002715975 396 904 394 2 9104
8757 0.0553604859742336 396 1 396 0 9104
8758 0.015116072027012706 400 1162 396 4 9181
8759 0.06025717000011355 400 1 400 0 9181
8760 0.008308248012326658 399 398 399 0 9176
8761 0.029168267967179418 399 1 399 0 9176
8762 0.010975032986607403 399 455 398 1 9193
8763 0.04230937402462587 399 1 399 0 9193
8764 0.01060837198747322 396 449 395 1 9114
8765 0.04238352598622441 396 1 396 0 9114
8766 0.015125557023566216 399 1290 395 4 9172
8767 0.06720278097782284 399 1 399 0 9172
8768 0.015065326006151736 394 981 393 1 9019
8769 0.05629075301112607 394 1 394 0 9019
8770 0.01468116999603808 400 3368 394 6 9230
8771 0.1211993980105035 400 1 400 0 9230
8772 0.008449390006717294 393 392 393 0 9071
8773 0.029013143968768418 393 1 393 0 9071
8774 0.015457645989954472 398 2640 391 7 9184
8775 0.10245344403665513 398 1 398 0 9184
8776 0.014365835988428444 399 1675 397 2 9271
8777 0.0746983690187335 399 1 399 0 9271
8778 0.010836143977940083 396 406 395 1 9160
8779 0.0403412880259566 396 1 396 0 9161
8780 0.014762871956918389 397 1521 393 4 9217
8781 0.06926788302371278 397 1 397 0 9217
8782 0.015170274011325091 395 574 392 3 9110
8783 0.041645477002020925 395 1 395 0 9110
8784 0.014717423997353762 399 948 394 5 9117
8785 0.05572881898842752 399 1 399 0 9117
8786 0.014482730999588966 397 768 396 1 9088
8787 0.047304627019912004 397 1 397 0 9088
8788 0.015115711954422295 400 983 397 3 9145
8789 0.05621834303019568 400 1 400 0 9145
8790 0.008714377996511757 398 397 398 0 9130
8791 0.028502677974756807 398 1 398 0 9130
8792 0.01536717003909871 400 1182 398 2 9201
8793 0.0612425499712117 400 1 400 0 9201
8794 0.008307567040901631 399 398 399 0 9206
8795 0.029139083984773606 399 1 399 0 9206
8796 0.01104996498906985 398 422 397 1 9190
8797 0.041358416026923805 398 1 398 0 9190
8798 0.01026409596670419 398 431 396 2 9166
8799 0.041804705979302526 398 1 398 0 9166
8800 0.015613510040566325 397 691 395 2 9139
8801 0.046207738982047886 397 1 397 0 9139
8802 0.014547267986927181 399 1449 396 3 9205
8803 0.06968765304191038 399 1 399 0 9205
8804 0.015150714956689626 398 1136 397 1 9224
8805 0.06307769502745941 398 1 398 0 9224
8806 0.011289276008028537 396 422 394 2 9135
8807 0.04176972300047055 396 1 396 0 9135
8808 0.015353989962022752 399 1650 395 4 9242
8809 0.06819542200537398 399 1 399 0 9242
8810 0.010508533043321222 396 411 395 1 9183
8811 0.04053137399023399 396 1 396 0 9184
8812 0.015103483980055898 399 1155 395 4 9231
8813 0.06137657002545893 399 1 399 0 9231
8814 0.010819389950484037 399 426 398 1 9237
8815 0.04206707002595067 399 1 399 0 9237
8816 0.010689924994949251 398 419 397 1 9224
8817 0.04193070501787588 398 1 398 0 9224
8818 0.015709044004324824 398 522 396 2 9222
8819 0.0412439740030095 398 1 398 0 9222
8820 0.01603928895201534 397 1422 395 2 9206
8821 0.06969566503539681 397 1 397 0 9206
8822 0.014447098015807569 397 1553 394 3 9222
8823 0.06955105799715966 397 1 397 0 9222
8824 0.014670022996142507 397 1019 394 3 9213
8825 0.055969899985939264 397 1 397 0 9213
8826 0.014895631989929825 398 2146 395 3 9316
8827 0.09346367203397676 398 1 398 0 9316
8828 0.014567188976798207 398 1197 396 2 9354
8829 0.0660452619777061 398 1 398 0 9354
8830 0.014635661034844816 397 1119 395 2 9318
8831 0.06171401799656451 397 1 397 0 9318
8832 0.014938325970433652 399 865 396 3 9328
8833 0.05094080703565851 399 1 399 0 9328
8834 0.014535259979311377 398 800 397 1 9300
8835 0.05163898703176528 398 1 398 0 9300
8836 0.014522550976835191 399 1196 397 2 9351
8837 0.06528248701943085 399 1 399 0 9351
8838 0.010684666980523616 399 420 398 1 9360
8839 0.042207670980133116 399 1 399 0 9360
8840 0.010957007005345076 399 412 398 1 9372
8841 0.040714317990932614 399 1 399 0 9372
8842 0.014762542035896331 398 744 397 1 9405
8843 0.04788990499218926 398 1 398 0 9406
8844 0.014782100974116474 400 1145 398 2 9478
8845 0.06240218202583492 400 1 400 0 9478
8846 0.008408298017457128 398 397 398 0 9436
8847 0.028949488943908364 398 1 398 0 9436
8848 0.015306348039302975 397 578 395 2 9398
8849 0.042537936998996884 397 1 397 0 9398
8850 0.021365608961787075 399 1478 396 3 9440
8851 0.06805517204338685 399 1 399 0 9440
8852 0.013068967964500189 398 411 397 1 9390
8853 0.040918054000940174 398 1 398 0 9390
8854 0.01510150101967156 398 1314 396 2 9436
8855 0.07004006300121546 398 1 398 0 9436
8856 0.015679378004278988 396 1467 394 2 9440
8857 0.06951957097044215 396 1 396 0 9440
8858 0.015031215036287904 398 2892 394 4 9561
8859 0.10917160398093984 398 1 398 0 9561
8860 0.014647248026449233 398 903 396 2 9567
8861 0.05686643795343116 398 1 398 0 9567
8862 0.01497096405364573 400 1175 398 2 9636
8863 0.06380955496570095 400 1 400 0 9636
8864 0.008584533003158867 395 394 395 0 9551
8865 0.029550431994721293 395 1 395 0 9551
8866 0.015778848028276116 398 2610 393 5 9658
8867 0.10336901899427176 398 1 398 0 9658
8868 0.014894308988004923 396 1202 394 2 9586
8869 0.0661466249730438 396 1 396 0 9586
8870 0.015090384054929018 398 1239 394 4 9637
8871 0.06467180995969102 398 1 398 0 9637
8872 0.010878609027713537 397 469 395 2 9577
8873 0.04331232997355983 397 1 397 0 9577
8874 0.015130454034078866 399 524 396 3 9560
8875 0.04265044699423015 399 1 399 0 9561
8876 0.010520399955566972 399 427 398 1 9579
8877 0.04297367203980684 399 1 399 0 9579
8878 0.015152167004998773 398 724 397 1 9555
8879 0.047935382986906916 398 1 398 0 9555
8880 0.014867470017634332 396 1087 394 2 9430
8881 0.06168460298795253 396 1 396 0 9430
8882 0.014966427988838404 397 995 393 4 9433
8883 0.05638333200477064 397 1 397 0 9433
8884 0.014990433992352337 399 610 396 3 9462
8885 0.04258188302628696 399 1 399 0 9462
8886 0.015100408985745162 398 910 397 1 9464
8887 0.0568683699821122 398 1 398 0 9464
8888 0.015616293996572495 397 687 395 2 9412
8889 0.04691005399217829 397 1 397 0 9412
8890 0.01658326602773741 398 980 395 3 9442
8891 0.05642219999572262 398 1 398 0 9442
8892 0.014720158011186868 398 883 396 2 9430
8893 0.051076210977043957 398 1 398 0 9430
8894 0.01474627701099962 397 1177 395 2 9456
8895 0.06245634297374636 397 1 397 0 9456
8896 0.01477933704154566 397 1195 394 3 9444
8897 0.06427790800807998 397 1 397 0 9444
8898 0.01470195094589144 397 924 394 3 9341
8899 0.055584802001249045 397 1 397 0 9341
8900 0.014765716041438282 396 1440 393 3 9324
8901 0.06929051701445132 396 1 396 0 9324
8902 0.01595653494587168 397 1289 393 4 9366
8903 0.06700185005320236 397 1 397 0 9366
8904 0.016060240974184126 397 1540 394 3 9410
8905 0.06881221797084436 397 1 397 0 9410
8906 0.015143053024075925 396 722 393 3 9326
8907 0.04693250800482929 396 1 396 0 9327
8908 0.017078428994864225 397 795 393 4 9295
8909 0.05054570402717218 397 1 397 0 9295
8910 0.017838421976193786 396 1339 393 3 9270
8911 0.0671326260198839 396 1 396 0 9270
8912 0.015867900976445526 399 2061 395 4 9374
8913 0.09243809198960662 399 1 399 0 9374
8914 0.01233477599453181 400 458 399 1 9403
8915 0.04225699504604563 400 1 400 0 9403
8916 0.010004645970184356 398 397 398 0 9385
8917 0.028859985002782196 398 1 398 0 9385
8918 0.016888974991161376 397 1367 395 2 9421
8919 0.06908673100406304 397 1 397 0 9421
8920 0.01923407701542601 400 862 397 3 9471
8921 0.049137718975543976 400 1 400 0 9471
8922 0.00992486602626741 397 396 397 0 9419
8923 0.029093234974425286 397 1 397 0 9419
8924 0.01643986103590578 395 1536 392 3 9395
8925 0.06939218996558338 395 1 395 0 9395
8926 0.01505715399980545 400 961 395 5 9454
8927 0.056591934990137815 400 1 400 0 9454
8928 0.008600126020610332 398 397 398 0 9409
8929 0.029040015011560172 398 1 398 0 9409
8930 0.01651205896632746 398 1200 396 2 9397
8931 0.0629434940055944 398 1 398 0 9397
8932 0.01573007501428947 399 687 397 2 9407
8933 0.047068141982890666 399 1 399 0 9407
8934 0.01593544299248606 398 1169 397 1 9443
8935 0.06353316002059728 398 1 398 0 9443
8936 0.017992012028116733 399 1180 397 2 9515
8937 0.06383751699468121 399 1 399 0 9515
8938 0.011044416984077543 397 410 396 1 9490
8939 0.04087978700408712 397 1 397 0 9491
8940 0.015281411004252732 399 1266 396 3 9541
8941 0.06406487798085436 399 1 399 0 9541
8942 0.015577897022012621 398 795 397 1 9559
8943 0.05199244699906558 398 1 398 0 9559
8944 0.01543297799071297 399 641 397 2 9566
8945 0.04707913799211383 399 1 399 0 9566
8946 0.012013663013931364 400 461 399 1 9596
8947 0.04254657099954784 400 1 400 0 9596
8948 0.00856099696829915 398 397 398 0 9516
8949 0.0290798950009048 398 1 398 0 9516
8950 0.016024577023927122 400 843 398 2 9573
8951 0.051873417978640646 400 1 400 0 9573
8952 0.00923847605008632 398 397 398 0 9532
8953 0.028929588967002928 398 1 398 0 9532
8954 0.015515531995333731 400 873 398 2 9590
8955 0.05175901699112728 400 1 400 0 9590
8956 0.0084624890005216 397 396 397 0 9453
8957 0.0291731950128451 397 1 397 0 9453
8958 0.015220910019706935 398 870 395 3 9473
8959 0.05073670099955052 398 1 398 0 9473
8960 0.015483274008147418 399 1419 397 2 9563
8961 0.06961123895598575 399 1 399 0 9563
8962 0.015145136043429375 395 516 394 1 9499
8963 0.042290164972655475 395 1 395 0 9499
8964 0.015323654981330037 396 1417 391 5 9499
8965 0.06882674002554268 396 1 396 0 9499
8966 0.017971031018532813 397 518 393 4 9469
8967 0.03839356196112931 397 1 397 0 9469
8968 0.017419503012206405 400 1972 397 3 9602
8969 0.08624736301135272 400 1 400 0 9602
8970 0.008371623989660293 398 397 398 0 9593
8971 0.029425763990730047 398 1 398 0 9594
8972 0.011283687024842948 400 428 398 2 9626
8973 0.04251591401407495 400 1 400 0 9626
8974 0.00836761697428301 399 398 399 0 9634
8975 0.029722160019446164 399 1 399 0 9634
8976 0.015296573983505368 396 632 395 1 9570
8977 0.042883887013886124 396 1 396 0 9570
8978 0.014966006972827017 399 907 395 4 9607
8979 0.05627359700156376 399 1 399 0 9607
8980 0.010625257040373981 397 442 396 1 9545
8981 0.04283235996263102 397 1 397 0 9545
8982 0.014836263027973473 395 592 392 3 9376
8983 0.04213868698570877 395 1 395 0 9376
8984 0.015529674012213945 399 1590 394 5 9458
8985 0.07025464496109635 399 1 399 0 9458
8986 0.014283282042015344 398 672 397 1 9439
8987 0.04795144696254283 398 1 398 0 9439
8988 0.014910905039869249 395 1535 393 2 9377
8989 0.07020202599233016 395 1 395 0 9377
8990 0.01482777897035703 397 1303 392 5 9413
8991 0.0677491319947876 397 1 397 0 9413
8992 0.014819427044130862 399 897 396 3 9435
8993 0.05530092597473413 399 1 399 0 9435
8994 0.011391960026230663 397 472 396 1 9400
8995 0.042788863996975124 397 1 397 0 9400
8996 0.015410955995321274 397 1182 394 3 9396
8997 0.06333063496276736 397 1 397 0 9396
8998 0.015341821999754757 399 1306 396 3 9459
8999 0.07022781402338296 399 1 399 0 9459
9000 0.014872257015667856 398 701 397 1 9450
9001 0.0473682819865644 398 1 398 0 9450
9002 0.014991265023127198 397 701 395 2 9424
9003 0.04733716498594731 397 1 397 0 9425
9004 0.015609273978043348 396 646 393 3 9337
9005 0.046636613027658314 396 1 396 0 9337
9006 0.01549263799097389 396 815 392 4 9245
9007 0.05106600496219471 396 1 396 0 9245
9008 0.0148714060196653 396 588 392 4 9149
9009 0.041372977022547275 396 1 396 0 9149
9010 0.015092086978256702 397 709 393 4 9094
9011 0.04582507401937619 397 1 397 0 9094
9012 0.015678066993132234 398 1247 395 3 9116
9013 0.06340350501704961 398 1 398 0 9116
9014 0.015518366999458522 395 912 393 2 9069
9015 0.05517465597949922 395 1 395 0 9069
9016 0.015097355004400015 399 1527 394 5 9133
9017 0.06819639296736568 399 1 399 0 9133
9018 0.014697324018925428 397 1171 396 1 9117
9019 0.06334234302630648 397 1 397 0 9117
9020 0.015626438951585442 399 753 396 3 9121
9021 0.04660949303070083 399 1 399 0 9121
9022 0.01044507697224617 397 431 396 1 9078
9023 0.04164163104724139 397 1 397 0 9078
9024 0.015076352981850505 400 1110 397 3 9154
9025 0.06096462201094255 400 1 400 0 9154
9026 0.008499234972987324 398 397 398 0 9102
9027 0.02869831200223416 398 1 398 0 9102
9028 0.011785541020799428 397 437 395 2 9017
9029 0.04094528499990702 397 1 397 0 9017
9030 0.014594508975278586 400 594 397 3 9055
9031 0.041389282036107033 400 1 400 0 9055
9032 0.008553005987778306 398 397 398 0 9051
9033 0.028804039990063757 398 1 398 0 9051
9034 0.016102995024994016 395 561 393 2 8899
9035 0.04027883498929441 395 1 395 0 8900
9036 0.014788480999413878 398 1453 393 5 8983
9037 0.06813920696731657 398 1 398 0 8983
9038 0.01503397902706638 398 946 396 2 9007
9039 0.055863410991150886 398 1 398 0 9007
9040 0.014559416973497719 398 582 396 2 8958
9041 0.04145429900381714 398 1 398 0 8958
9042 0.014776543015614152 395 1401 393 2 8939
9043 0.06888570898445323 395 1 395 0 8939
9044 0.01827092102030292 398 1668 393 5 9005
9045 0.06988742301473394 398 1 398 0 9005
9046 0.010874463012441993 397 439 395 2 8988
9047 0.0413540989975445 397 1 397 0 8988
9048 0.010761161975096911 400 498 397 3 9025
9049 0.0425326990080066 400 1 400 0 9025
9050 0.008443030994385481 399 398 399 0 9026
9051 0.028767464973498136 399 1 399 0 9026
9052 0.0104580870247446 397 415 396 1 8950
9053 0.04020887898514047 397 1 397 0 8950
9054 0.014694620040245354 396 1930 393 3 8957
9055 0.08376324397977442 396 1 396 0 8957
9056 0.015859909006394446 399 1288 395 4 8983
9057 0.0662603959790431 399 1 399 0 8983
9058 0.009996353997848928 398 413 397 1 8933
9059 0.040259174013044685 398 1 398 0 8933
9060 0.01638806302798912 396 570 394 2 8870
9061 0.04041607095859945 396 1 396 0 8870
9062 0.014588400023058057 399 1414 395 4 8934
9063 0.0677349409670569 399 1 399 0 8934
9064 0.010196854011155665 397 419 396 1 8863
9065 0.04176781099522486 397 1 397 0 8863
9066 0.010486559011042118 399 496 396 3 8881
9067 0.04222991497954354 399 1 399 0 8882
9068 0.01459877600427717 398 848 397 1 8914
9069 0.05150268104625866 398 1 398 0 8914
9070 0.015613058989401907 399 927 397 2 8946
9071 0.05562563397688791 399 1 399 0 8946
9072 0.014878224988933653 397 717 396 1 8907
9073 0.04621152504114434 397 1 397 0 8907
9074 0.014846878009848297 397 1248 394 3 8921
9075 0.06435593595961109 397 1 397 0 8921
9076 0.014217403018847108 398 804 395 3 8935
9077 0.05074556398903951 398 1 398 0 8935
9078 0.015308281988836825 397 586 395 2 8902
9079 0.04098957101814449 397 1 397 0 8902
9080 0.01081893901573494 398 470 395 3 8914
9081 0.04189933795714751 398 1 398 0 8914
9082 0.01480865100165829 400 1078 398 2 8987
9083 0.060285412007942796 400 1 400 0 8987
9084 0.007980966998729855 395 394 395 0 8866
9085 0.02866510202875361 395 1 395 0 8866
9086 0.014928450982552022 399 1451 394 5 8933
9087 0.06793288700282574 399 1 399 0 8933
9088 0.01435628201579675 398 686 397 1 8956
9089 0.0466125370003283 398 1 398 0 8956
9090 0.010395582998171449 399 454 397 2 8968
9091 0.04189482098445296 399 1 399 0 8968
9092 0.014729332004208118 397 710 396 1 8888
9093 0.045947919017635286 397 1 397 0 8888
9094 0.014678845996968448 400 1397 397 3 8977
9095 0.06891932897269726 400 1 400 0 8977
9096 0.008384012035094202 398 397 398 0 8942
9097 0.028725732991006225 398 1 398 0 8942
9098 0.014872447005473077 397 811 395 2 8855
9099 0.05023605900350958 397 1 397 0 8856
9100 0.014692195982206613 400 1648 397 3 8966
9101 0.06811742397258058 400 1 400 0 8966
9102 0.008341138018295169 395 394 395 0 8894
9103 0.028498090978246182 395 1 395 0 8894
9104 0.014785906998440623 393 1320 388 5 8895
9105 0.06685831403592601 393 1 393 0 8895
9106 0.014595951011870056 400 524 393 7 8930
9107 0.04091556096682325 400 1 400 0 8930
9108 0.008142568985931575 397 396 397 0 8831
9109 0.028645432030316442 397 1 397 0 8831
9110 0.014889612968545407 399 1216 396 3 8876
9111 0.06258874101331457 399 1 399 0 8876
9112 0.0103723380016163 399 480 398 1 8896
9113 0.04213315004017204 399 1 399 0 8896
9114 0.01461828500032425 400 657 399 1 8942
9115 0.04591939598321915 400 1 400 0 8942
9116 0.008692474977578968 398 397 398 0 8896
9117 0.028340113000012934 398 1 398 0 8896
9118 0.015017224999610335 398 1261 396 2 8919
9119 0.06440986599773169 398 1 398 0 8919
9120 0.01798756601056084 399 705 397 2 8938
9121 0.04381340299732983 399 1 399 0 8938
9122 0.012457709992304444 399 439 398 1 8937
9123 0.040836932021193206 399 1 399 0 8937
9124 0.009599658020306379 400 416 399 1 8965
9125 0.040085383981931955 400 1 400 0 8965
9126 0.012004479009192437 399 398 399 0 8952
9127 0.02864984900224954 399 1 399 0 8952
9128 0.01687341195065528 398 897 397 1 8996
9129 0.055209909041877836 398 1 398 0 8996
9130 0.016721774998586625 399 1970 397 2 9106
9131 0.0859625960001722 399 1 399 0 9107
9132 0.013552012969739735 397 821 396 1 9093
9133 0.052568232000339776 397 1 397 0 9093
9134 0.01887699100188911 398 889 395 3 9096
9135 0.05066540400730446 398 1 398 0 9096
9136 0.015177755034528673 400 797 398 2 9151
9137 0.05093863495858386 400 1 400 0 9151
9138 0.010154540999792516 398 397 398 0 9133
9139 0.028469457989558578 398 1 398 0 9133
9140 0.010901082016061991 398 447 396 2 9085
9141 0.04180080001242459 398 1 398 0 9085
9142 0.01601169799687341 396 1363 394 2 9067
9143 0.06839101598598063 396 1 396 0 9067
9144 0.016065839037764817 396 1075 392 4 9013
9145 0.05978628195589408 396 1 396 0 9013
9146 0.015009683032985777 397 812 393 4 8968
9147 0.05089518899330869 397 1 397 0 8968
9148 0.018672674021217972 399 1356 396 3 9026
9149 0.06561304396018386 399 1 399 0 9026
9150 0.010701482009608299 399 450 398 1 8993
9151 0.04228684102417901 399 1 399 0 8993
9152 0.011715063999872655 398 495 397 1 8948
9153 0.04150396498152986 398 1 398 0 8948
9154 0.015693570021539927 399 1176 397 2 8976
9155 0.06268903199816123 399 1 399 0 8976
9156 0.010484736994840205 398 419 397 1 8931
9157 0.04099428898189217 398 1 398 0 8931
9158 0.015059838013257831 398 690 396 2 8870
9159 0.04552911000791937 398 1 398 0 8870
9160 0.010754832008387893 400 428 398 2 8902
9161 0.04106929199770093 400 1 400 0 8902
9162 0.008548067999072373 395 394 395 0 8761
9163 0.028321466001216322 395 1 395 0 8762
9164 0.015192716964520514 399 1247 394 5 8830
9165 0.061784334015101194 399 1 399 0 8830
9166 0.011028332985006273 397 406 396 1 8767
9167 0.039097811037208885 397 1 397 0 8767
9168 0.015067188942339271 400 765 397 3 8822
9169 0.04596545500680804 400 1 400 0 8822
9170 0.008493186032865196 399 398 399 0 8832
9171 0.02823559701209888 399 1 399 0 8832
9172 0.016174661985132843 397 652 396 1 8820
9173 0.044711401977110654 397 1 397 0 8820
9174 0.014408770017325878 396 1263 393 3 8776
9175 0.06346853298600763 396 1 396 0 8776
9176 0.014907739998307079 397 1012 393 4 8769
9177 0.054521774989552796 397 1 397 0 8769
9178 0.014787530002649873 395 1185 392 3 8767
9179 0.0622499420423992 395 1 395 0 8767
9180 0.01543395995395258 397 1020 392 5 8708
9181 0.055210801016073674 397 1 397 0 8708
9182 0.016282014024909586 399 1623 396 3 8796
9183 0.06893115700222552 399 1 399 0 8796
9184 0.011995415959972888 397 411 396 1 8745
9185 0.039227245026268065 397 1 397 0 8745
9186 0.017733764019794762 399 2006 396 3 8823
9187 0.0845283719827421 399 1 399 0 8823
9188 0.015586678986437619 400 741 399 1 8869
9189 0.046906849020160735 400 1 400 0 8869
9190 0.011451909958850592 399 398 399 0 8874
9191 0.028121175011619925 399 1 399 0 8874
9192 0.010580150003079325 399 405 398 1 8860
9193 0.03943240299122408 399 1 399 0 8860
9194 0.016240141005255282 400 422 399 1 8884
9195 0.040662390005309135 400 1 400 0 8885
9196 0.00970900198444724 400 399 400 0 8916
9197 0.028079603041987866 400 1 400 0 8916
9198 0.010680100007448345 399 398 399 0 8919
9199 0.027664138993714005 399 1 399 0 8919
9200 0.014733336982317269 400 466 399 1 8955
9201 0.04159548197640106 400 1 400 0 8955
9202 0.010685549001209438 397 396 397 0 8914
9203 0.02871309401234612 397 1 397 0 8914
9204 0.01683976099593565 398 1252 395 3 8945
9205 0.06286780099617317 398 1 398 0 8945
9206 0.018505543004721403 399 764 397 2 8956
9207 0.042861494002863765 399 1 399 0 8956
9208 0.015759839036036283 400 753 399 1 9006
9209 0.0464239539578557 400 1 400 0 9006
9210 0.013743701041676104 397 396 397 0 8921
9211 0.02859609795268625 397 1 397 0 8921
9212 0.018123800051398575 398 1019 395 3 8950
9213 0.055900756968185306 398 1 398 0 8950
9214 0.010913670994341373 398 468 396 2 8894
9215 0.041398086003027856 398 1 398 0 8894
9216 0.010884847026318312 399 446 397 2 8900
9217 0.0416050769854337 399 1 399 0 8900
9218 0.010552147985436022 397 411 396 1 8814
9219 0.04015600000275299 397 1 397 0 8814
9220 0.015543774992693216 399 780 396 3 8817
9221 0.04913311201380566 399 1 399 0 8817
9222 0.011339309974573553 399 506 398 1 8768
9223 0.042183846002444625 399 1 399 0 8768
9224 0.015527210023719817 398 1019 397 1 8782
9225 0.05586334102554247 398 1 398 0 8782
9226 0.01504334295168519 397 1144 395 2 8799
9227 0.0619046040228568 397 1 397 0 8800
9228 0.016090747027192265 397 1349 394 3 8854
9229 0.06673035095445812 397 1 397 0 8854
9230 0.015083264035638422 398 1685 395 3 8915
9231 0.07417120697209612 398 1 398 0 8915
9232 0.015078586002346128 400 1834 398 2 9034
9233 0.08190743601880968 400 1 400 0 9034
9234 0.008149979985319078 399 398 399 0 9041
9235 0.02858036500401795 399 1 399 0 9041
9236 0.010459900018759072 399 415 398 1 9028
9237 0.040222598996479064 399 1 399 0 9028
9238 0.010631607961840928 397 418 396 1 8934
9239 0.04107642301823944 397 1 397 0 8934
9240 0.015237223997246474 398 1355 395 3 8977
9241 0.06863325001904741 398 1 398 0 8977
9242 0.014922290982212871 399 891 397 2 8997
9243 0.051349941990338266 399 1 399 0 8997
9244 0.01645765802823007 397 726 396 1 8991
9245 0.04633853497216478 397 1 397 0 8991
9246 0.016878800000995398 397 1511 394 3 9018
9247 0.0680240549845621 397 1 397 0 9018
9248 0.01664478803286329 399 1550 396 3 9105
9249 0.06953569501638412 399 1 399 0 9105
9250 0.016390406992286444 399 829 398 1 9134
9251 0.05182263196911663 399 1 399 0 9134
9252 0.010749965033028275 398 411 397 1 9118
9253 0.0402458049939014 398 1 398 0 9118
9254 0.015816964965779334 398 1516 396 2 9108
9255 0.06863238901132718 398 1 398 0 9108
9256 0.017312241019681096 393 1173 391 2 8988
9257 0.05933878000359982 393 1 393 0 8988
9258 0.015355042007286102 394 1341 387 7 8966
9259 0.0688011419842951 394 1 394 0 8967
9260 0.020564966020174325 398 1239 392 6 8991
9261 0.06095675996039063 398 1 398 0 8991
9262 0.013952195004094392 395 1404 393 2 8961
9263 0.06919966998975724 395 1 395 0 8961
9264 0.016821654047816992 398 877 393 5 8974
9265 0.049755286949221045 398 1 398 0 8974
9266 0.01679764804430306 400 738 398 2 9018
9267 0.04472175700357184 400 1 400 0 9018
9268 0.010154552001040429 398 397 398 0 8941
9269 0.028218341001775116 398 1 398 0 8941
9270 0.013589769951067865 397 544 395 2 8883
9271 0.04097443900536746 397 1 397 0 8883
9272 0.013618934026453644 396 686 393 3 8815
9273 0.04609866498503834 396 1 396 0 8815
9274 0.013317461998667568 397 1847 393 4 8840
9275 0.08093918103259057 397 1 397 0 8840
9276 0.013470651989337057 396 1041 393 3 8863
9277 0.06210628600092605 396 1 396 0 8863
9278 0.018905474978964776 396 1720 392 4 8874
9279 0.07128512201597914 396 1 396 0 8874
9280 0.0175366880139336 397 1787 393 4 8855
9281 0.07352001895196736 397 1 397 0 8855
9282 0.017413353023584932 397 827 394 3 8862
9283 0.05025449697859585 397 1 397 0 8862
9284 0.016949186043348163 398 1051 395 3 8849
9285 0.061074366967659444 398 1 398 0 8849
9286 0.017002305015921593 398 1279 396 2 8847
9287 0.06341118697309867 398 1 398 0 8847
9288 0.017550599004607648 395 751 393 2 8779
9289 0.04362952703377232 395 1 395 0 8779
9290 0.01565404998837039 398 1960 393 5 8855
9291 0.08267614099895582 398 1 398 0 8856
9292 0.014501649013254791 397 737 395 2 8795
9293 0.04634927195729688 397 1 397 0 8795
9294 0.015070995024871081 399 656 396 3 8826
9295 0.04531762201804668 399 1 399 0 8826
9296 0.014953128003980964 397 834 396 1 8781
9297 0.05071812297683209 397 1 397 0 8781
9298 0.015048992005176842 400 1193 397 3 8850
9299 0.06462061300408095 400 1 400 0 8850
9300 0.008913737023249269 399 398 399 0 8841
9301 0.027882416965439916 399 1 399 0 8841
9302 0.016741914034355432 396 896 395 1 8809
9303 0.049843910965137184 396 1 396 0 8809
9304 0.01681728701805696 396 1549 392 4 8756
9305 0.06704509496921673 396 1 396 0 8756
9306 0.020609763043466955 398 797 394 4 8740
9307 0.04913171095540747 398 1 398 0 8740
9308 0.015042211045511067 395 560 393 2 8616
9309 0.04066479398170486 395 1 395 0 8616
9310 0.015862313972320408 395 2245 390 5 8628
9311 0.0958757140324451 395 1 395 0 8628
9312 0.014759348006919026 397 2333 392 5 8693
9313 0.10137684596702456 397 1 397 0 8693
9314 0.014811675995588303 397 1561 394 3 8665
9315 0.067512046021875 397 1 397 0 8665
9316 0.014774698996916413 399 1031 396 3 8710
9317 0.06116003601346165 399 1 399 0 8710
9318 0.010563576011918485 398 411 397 1 8696
9319 0.03877073898911476 398 1 398 0 8696
9320 0.014655930979643017 400 854 398 2 8751
9321 0.05089075298747048 400 1 400 0 8751
9322 0.00827403599396348 399 398 399 0 8754
9323 0.02828051504911855 399 1 399 0 8755
9324 0.010436423995997757 398 413 397 1 8714
9325 0.0393919829512015 398 1 398 0 8714
9326 0.011263686057645828 394 435 392 2 8639
9327 0.04090662795351818 394 1 394 0 8639
9328 0.01518895203480497 400 1493 394 6 8737
9329 0.06869105598889291 400 1 400 0 8737
9330 0.008101447019726038 395 394 395 0 8638
9331 0.028394715976901352 395 1 395 0 8638
9332 0.015354620991274714 396 2338 391 5 8627
9333 0.09965205698972568 396 1 396 0 8627
9334 0.014444814005400985 398 1627 394 4 8684
9335 0.06929001602111384 398 1 398 0 8684
9336 0.014701590000186116 399 718 397 2 8698
9337 0.04534545401111245 399 1 399 0 8698
9338 0.01448264200007543 397 775 396 1 8690
9339 0.0500452519627288 397 1 397 0 8690
9340 0.014656933024525642 398 1011 395 3 8680
9341 0.05621612101094797 398 1 398 0 8680
9342 0.014487607986666262 396 1010 394 2 8671
9343 0.055468797974754125 396 1 396 0 8671
9344 0.014555141038727015 398 919 394 4 8687
9345 0.053490586986299604 398 1 398 0 8687
9346 0.014357402978930622 396 1258 394 2 8652
9347 0.0645806230022572 396 1 396 0 8652
9348 0.01459478901233524 399 1072 395 4 8721
9349 0.05969321302836761 399 1 399 0 8721
9350 0.010164906969293952 398 417 397 1 8616
9351 0.040938255027867854 398 1 398 0 8616
9352 0.014634738967288285 399 932 397 2 8651
9353 0.054637350025586784 399 1 399 0 8651
9354 0.01429329696111381 399 1165 398 1 8717
9355 0.06202767801005393 399 1 399 0 8718
9356 0.010110195027664304 398 430 397 1 8684
9357 0.04084356199018657 398 1 398 0 8684
9358 0.010759219992905855 397 486 395 2 8683
9359 0.041476893005892634 397 1 397 0 8683
9360 0.010442844009958208 399 509 396 3 8698
9361 0.04156227200292051 399 1 399 0 8698
9362 0.014591604995075613 397 1147 396 1 8689
9363 0.062128279998432845 397 1 397 0 8689
9364 0.014458124001976103 398 690 395 3 8655
9365 0.045072695007547736 398 1 398 0 8655
9366 0.015007088950369507 400 702 398 2 8695
9367 0.04579342604847625 400 1 400 0 8695
9368 0.008623291971161962 398 397 398 0 8682
9369 0.028549987997394055 398 1 398 0 8682
9370 0.015790665987879038 395 686 393 2 8484
9371 0.044713515031617135 395 1 395 0 8484
9372 0.015598007012158632 399 1164 394 5 8529
9373 0.060126953991129994 399 1 399 0 8529
9374 0.014490912959445268 399 1059 398 1 8571
9375 0.06142812903271988 399 1 399 0 8571
9376 0.01425027201185003 399 1173 398 1 8630
9377 0.06220014800783247 399 1 399 0 8630
9378 0.010238357004709542 400 410 399 1 8658
9379 0.03883235197281465 400 1 400 0 8658
9380 0.008397581987082958 399 398 399 0 8678
9381 0.028344831021968275 399 1 399 0 8678
9382 0.01038301398511976 400 441 399 1 8705
9383 0.04075074300635606 400 1 400 0 8705
9384 0.008246776007581502 398 397 398 0 8700
9385 0.028629397973418236 398 1 398 0 8700
9386 0.01491320802597329 398 635 396 2 8738
9387 0.04114400397520512 398 1 398 0 8739
9388 0.014353236998431385 394 669 392 2 8664
9389 0.04549218399915844 394 1 394 0 8664
9390 0.014679157000500709 399 1740 393 6 8756
9391 0.07297014200594276 399 1 399 0 8756
9392 0.01431679300731048 399 521 398 1 8769
9393 0.040108277986291796 399 1 399 0 8769
9394 0.010144035040866584 399 410 398 1 8772
9395 0.03955763200065121 399 1 399 0 8772
9396 0.011499750951770693 397 409 396 1 8745
9397 0.039489237999077886 397 1 397 0 8745
9398 0.015286309004295617 396 938 393 3 8695
9399 0.05317679501604289 396 1 396 0 8695
9400 0.0161766359815374 399 1541 395 4 8747
9401 0.0666520040249452 399 1 399 0 8747
9402 0.014233396970666945 398 623 397 1 8749
9403 0.04185328900348395 398 1 398 0 8749
9404 0.014406297006644309 398 538 396 2 8707
9405 0.04070482403039932 398 1 398 0 8707
9406 0.015258275961969048 398 1083 396 2 8749
9407 0.060650430037640035 398 1 398 0 8749
9408 0.014461860002484173 398 975 396 2 8789
9409 0.0546937040053308 398 1 398 0 8789
9410 0.014531584980431944 398 955 396 2 8800
9411 0.054570398991927505 398 1 398 0 8800
9412 0.014527779014315456 399 624 397 2 8834
9413 0.04150542599381879 399 1 399 0 8834
9414 0.014310543017927557 397 804 396 1 8826
9415 0.050841618969570845 397 1 397 0 8826
9416 0.015020549006294459 399 704 396 3 8844
9417 0.04551561898551881 399 1 399 0 8844
9418 0.014229381049517542 399 1111 398 1 8909
9419 0.06236604694277048 399 1 399 0 8910
9420 0.014397424005437642 398 853 397 1 8901
9421 0.05106084799626842 398 1 398 0 8901
9422 0.014580989023670554 398 1062 396 2 8954
9423 0.0612355989869684 398 1 398 0 8954
9424 0.014341850008349866 397 871 395 2 8905
9425 0.05077281501144171 397 1 397 0 8905
9426 0.0145817999728024 397 1493 394 3 8912
9427 0.06865654501598328 397 1 397 0 8912
9428 0.014593848027288914 399 1384 396 3 8976
9429 0.06984571099746972 399 1 399 0 8976
9430 0.015317243989557028 398 799 397 1 8956
9431 0.050412654993124306 398 1 398 0 8956
9432 0.014504463993944228 398 621 396 2 8975
9433 0.04184105002786964 398 1 398 0 8975
9434 0.014568289974704385 396 759 394 2 8931
9435 0.04630944202654064 396 1 396 0 8931
9436 0.014764494961127639 399 1777 395 4 9028
9437 0.07341133599402383 399 1 399 0 9028
9438 0.010422233026474714 398 456 397 1 8998
9439 0.04195634298957884 398 1 398 0 8998
9440 0.0153851070208475 395 646 393 2 8928
9441 0.045478903979528695 395 1 395 0 8928
9442 0.01442719902843237 399 1764 394 5 9026
9443 0.07288184994831681 399 1 399 0 9026
9444 0.010245568002574146 398 435 397 1 8916
9445 0.04173895705025643 398 1 398 0 8916
9446 0.01452319195959717 392 598 390 2 8799
9447 0.041481901018414646 392 1 392 0 8799
9448 0.014797934971284121 397 2164 389 8 8860
9449 0.09138192603131756 397 1 397 0 8860
9450 0.01465259597171098 399 700 396 3 8879
9451 0.04629266704432666 399 1 399 0 8880
9452 0.01485302799846977 396 513 395 1 8832
9453 0.04043922497658059 396 1 396 0 8832
9454 0.01458065799670294 399 1680 395 4 8889
9455 0.07226440403610468 399 1 399 0 8889
9456 0.014927959942724556 397 790 396 1 8844
9457 0.050975539023056626 397 1 397 0 8844
9458 0.015020910010207444 398 1821 395 3 8908
9459 0.07976131298346445 398 1 398 0 8908
9460 0.014883644005749375 397 965 395 2 8880
9461 0.054252961999736726 397 1 397 0 8880
9462 0.014618405024521053 395 874 392 3 8792
9463 0.049937760981265455 395 1 395 0 8792
9464 0.014954049023799598 398 1420 393 5 8850
9465 0.0687193589983508 398 1 398 0 8850
9466 0.011938259995076805 398 431 396 2 8821
9467 0.041132035956252366 398 1 398 0 8821
9468 0.014377683051861823 396 758 394 2 8778
9469 0.045883331971708685 396 1 396 0 8778
9470 0.014593417989090085 399 1413 395 4 8843
9471 0.06981705699581653 399 1 399 0 8843
9472 0.010353300021961331 398 409 397 1 8844
9473 0.03983423701720312 398 1 398 0 8844
9474 0.010554982000030577 397 480 395 2 8781
9475 0.04145845596212894 397 1 397 0 8781
9476 0.017920375044923276 399 910 396 3 8805
9477 0.05134649598039687 399 1 399 0 8805
9478 0.014452096016611904 399 936 398 1 8842
9479 0.05561308498727158 399 1 399 0 8842
9480 0.015734601009171456 399 777 398 1 8847
9481 0.04869415395660326 399 1 399 0 8847
9482 0.014613027044106275 400 1173 399 1 8925
9483 0.06301715399604291 400 1 400 0 8926
9484 0.008508689003065228 399 398 399 0 8930
9485 0.0287386630079709 399 1 399 0 8930
9486 0.015714250970631838 399 516 398 1 8948
9487 0.04140857100719586 398 0 398 0 8898
9488 0.021288793010171503 398 724 396 2 8895
9489 0.04494527296628803 398 0 398 0 8895
9490 0.021614152006804943 395 828 393 2 8808
9491 0.04928708402439952 395 0 395 0 8808
9492 0.01476872101193294 394 701 393 1 8795
9493 0.046411193965468556 394 0 394 0 8795
9494 0.013303611020091921 394 394 394 0 8814
9495 0.028522186970803887 394 0 394 0 8814
9496 0.008185845043044537 388 388 388 0 8689
9497 0.02901952399406582 388 0 388 0 8689
9498 0.008404521970078349 387 387 387 0 8701
9499 0.029629950993694365 387 0 387 0 8701
9500 0.012900666042696685 383 383 383 0 8626
9501 0.027998229954391718 383 0 383 0 8626
9502 0.012960816035047174 383 383 383 0 8649
9503 0.02801383298356086 383 0 383 0 8649
9504 0.012609908997546881 380 380 380 0 8569
9505 0.028241575986612588 380 0 380 0 8569
9506 0.01288703503087163 378 378 378 0 8543
9507 0.028124389005824924 378 0 378 0 8543
9508 0.010234761983156204 376 376 376 0 8493
9509 0.02816272701602429 376 0 376 0 8493
9510 0.007732823956757784 375 375 375 0 8482
9511 0.028395567031111568 375 0 375 0 8482
9512 0.00811233400600031 375 375 375 0 8507
9513 0.028075036010704935 375 0 375 0 8507
9514 0.008127515960950404 373 373 373 0 8479
9515 0.028182526992168278 373 0 373 0 8479
9516 0.007909199048299342 371 371 371 0 8476
9517 0.02821746899280697 371 0 371 0 8476
9518 0.008087786962278187 369 369 369 0 8486
9519 0.028368116007186472 369 0 369 0 8486
9520 0.007969609985593706 368 368 368 0 8461
9521 0.02820902701932937 368 0 368 0 8461
9522 0.012386291986331344 367 367 367 0 8478
9523 0.02781970304204151 367 0 367 0 8478
9524 0.009268689958844334 366 366 366 0 8485
9525 0.028318171040154994 366 0 366 0 8485
9526 0.007622928998898715 366 366 366 0 8503
9527 0.028585571970324963 366 0 366 0 8503
9528 0.007274565985426307 365 365 365 0 8514
9529 0.028667866019532084 365 0 365 0 8514
9530 0.007255086035002023 362 362 362 0 8482
9531 0.02870358998188749 362 0 362 0 8482
9532 0.007226602989248931 360 360 360 0 8459
9533 0.028790690994355828 360 0 360 0 8459
9534 0.007085842022206634 359 359 359 0 8472
9535 0.028412432002369314 359 0 359 0 8472
9536 0.010947762988507748 357 357 357 0 8393
9537 0.027968765993136913 357 0 357 0 8393
9538 0.010729184024967253 356 356 356 0 8404
9539 0.027980052982456982 356 0 356 0 8404
9540 0.008434486982878298 355 355 355 0 8407
9541 0.02807460498297587 355 0 355 0 8407
9542 0.007489198003895581 352 352 352 0 8350
9543 0.028479183034505695 352 0 352 0 8350
9544 0.007382097013760358 349 349 349 0 8327
9545 0.028406382945831865 349 0 349 0 8327
9546 0.00787416601087898 347 347 347 0 8313
9547 0.02799243200570345 347 0 347 0 8313
9548 0.007889269036240876 345 345 345 0 8281
9549 0.028394053981173784 345 0 345 0 8281
9550 0.007795458019245416 344 344 344 0 8296
9551 0.028287364984862506 344 0 344 0 8296
9552 0.00734924798598513 343 343 343 0 8293
9553 0.028199361986480653 343 0 343 0 8293
9554 0.00945971702458337 343 343 343 0 8311
9555 0.027938400977291167 343 0 343 0 8311
9556 0.010142743005417287 342 342 342 0 8313
9557 0.028102627024054527 342 0 342 0 8313
9558 0.0074780109571293 338 338 338 0 8212
9559 0.02794654300669208 338 0 338 0 8212
9560 0.007167845033109188 336 336 336 0 8197
9561 0.02783880097558722 336 0 336 0 8197
9562 0.007154785038437694 335 335 335 0 8169
9563 0.027838380949106067 335 0 335 0 8169
9564 0.006998260039836168 333 333 333 0 8134
9565 0.02793174097314477 333 0 333 0 8134
9566 0.007498721999581903 333 333 333 0 8153
9567 0.027651389013044536 333 0 333 0 8153
9568 0.006926433008629829 329 329 329 0 8074
9569 0.0282729429891333 329 0 329 0 8074
9570 0.007614155998453498 328 328 328 0 8069
9571 0.027965190005488694 328 0 328 0 8069
9572 0.009060497977770865 325 325 325 0 8025
9573 0.026972149033099413 325 0 325 0 8025
9574 0.008409600995946676 323 323 323 0 8021
9575 0.027404107968322933 323 0 323 0 8021
9576 0.006878520012833178 323 323 323 0 8041
9577 0.027483997982926667 323 0 323 0 8041
9578 0.006786643003579229 322 322 322 0 8038
9579 0.027635556005407125 322 0 322 0 8038
9580 0.006873303034808487 321 321 321 0 8055
9581 0.02783035801257938 321 0 321 0 8055
9582 0.007788516988512129 320 320 320 0 8050
9583 0.026883856975473464 320 0 320 0 8050
9584 0.007336948998272419 318 318 318 0 7984
9585 0.026652169006410986 318 0 318 0 7984
9586 0.008513045031577349 317 317 317 0 7932
9587 0.026046739949379116 317 0 317 0 7932
9588 0.007220805040560663 316 316 316 0 7934
9589 0.026407650962937623 316 0 316 0 7934
9590 0.008283641014713794 315 315 315 0 7891
9591 0.025835431995801628 315 0 315 0 7891
9592 0.007621816999744624 314 314 314 0 7862
9593 0.02652361599029973 314 0 314 0 7862
9594 0.009151373989880085 312 312 312 0 7845
9595 0.026079489034600556 312 0 312 0 7845
9596 0.008014976978302002 312 312 312 0 7862
9597 0.02624318504240364 312 0 312 0 7862
9598 0.007063027995172888 312 312 312 0 7879
9599 0.026634762005414814 312 0 312 0 7879
9600 0.006079960963688791 308 308 308 0 7794
9601 0.02669893903657794 308 0 308 0 7794
9602 0.006140852987300605 307 307 307 0 7794
9603 0.026467301009688526 307 0 307 0 7794
9604 0.006278549961280078 305 305 305 0 7775
9605 0.026601563033182174 305 0 305 0 7775
9606 0.006323616951704025 303 303 303 0 7714
9607 0.026605859049595892 303 0 303 0 7714
9608 0.006279441004153341 302 302 302 0 7728
9609 0.026580630976241082 302 0 302 0 7728
9610 0.006207612983416766 302 302 302 0 7751
9611 0.02629631501622498 302 0 302 0 7751
9612 0.006004057009704411 295 295 295 0 7561
9613 0.02613920799922198 295 0 295 0 7561
9614 0.0061612839926965535 294 294 294 0 7551
9615 0.02631547302007675 294 0 294 0 7551
9616 0.006070436968002468 294 294 294 0 7566
9617 0.02620063000358641 294 0 294 0 7566
9618 0.006045048998203129 293 293 293 0 7573
9619 0.026089163031429052 293 0 293 0 7573
9620 0.006083838001359254 292 292 292 0 7582
9621 0.02626817097188905 292 0 292 0 7582
9622 0.005948434001766145 291 291 291 0 7574
9623 0.026382634008768946 291 0 291 0 7574
9624 0.006038679974153638 291 291 291 0 7597
9625 0.02630330401007086 291 0 291 0 7597
9626 0.006001744011882693 290 290 290 0 7596
9627 0.026150785968638957 290 0 290 0 7596
9628 0.006028724019415677 290 290 290 0 7612
9629 0.026095642999280244 290 0 290 0 7612
9630 0.00595302099827677 290 290 290 0 7628
9631 0.026141552021726966 290 0 290 0 7628
9632 0.006215734989382327 290 290 290 0 7648
9633 0.0261289729969576 290 0 290 0 7648
9634 0.00605518399970606 290 290 290 0 7668
9635 0.0261078110197559 290 0 290 0 7668
9636 0.006195274996571243 287 287 287 0 7607
9637 0.02685187797760591 287 0 287 0 7607
9638 0.006165630999021232 286 286 286 0 7608
9639 0.027285018004477024 286 0 286 0 7608
9640 0.006114454008638859 286 286 286 0 7628
9641 0.027069816016592085 286 0 286 0 7628
9642 0.006086199951823801 286 286 286 0 7648
9643 0.02757399302208796 286 0 286 0 7648
9644 0.006786021986044943 285 285 285 0 7613
9645 0.026811468007508665 285 0 285 0 7613
9646 0.0059789399965666234 285 285 285 0 7633
9647 0.027213331020902842 285 0 285 0 7633
9648 0.006173001020215452 285 285 285 0 7647
9649 0.027276997978333384 285 0 285 0 7647
9650 0.0060182479792274535 285 285 285 0 7662
9651 0.027372541022486985 285 0 285 0 7662
9652 0.0060143329901620746 284 284 284 0 7646
9653 0.026819919992703944 284 0 284 0 7646
9654 0.00603180902544409 284 284 284 0 7659
9655 0.0272018049727194 284 0 284 0 7659
9656 0.006100742029957473 282 282 282 0 7596
9657 0.027088293980341405 282 0 282 0 7596
9658 0.006094151991419494 279 279 279 0 7547
9659 0.026924258039798588 279 0 279 0 7547
9660 0.006078398961108178 279 279 279 0 7563
9661 0.026949875988066196 279 0 279 0 7563
9662 0.0062558650388382375 278 278 278 0 7541
9663 0.026817346981260926 278 0 278 0 7541
9664 0.006809165992308408 278 278 278 0 7561
9665 0.027094624005258083 278 0 278 0 7561
9666 0.006482905999291688 273 273 273 0 7410
9667 0.0267744529992342 273 0 273 0 7410
9668 0.0065268719918094575 271 271 271 0 7330
9669 0.027012590027879924 271 0 271 0 7330
9670 0.0058859100099653006 270 270 270 0 7335
9671 0.027158578974194825 270 0 270 0 7335
9672 0.005825349013321102 267 267 267 0 7215
9673 0.026847432018257678 267 0 267 0 7215
9674 0.006011698977090418 266 266 266 0 7207
9675 0.026685499004088342 266 0 266 0 7207
9676 0.005807091016322374 264 264 264 0 7187
9677 0.026774211961310357 264 0 264 0 7187
9678 0.005840793019160628 261 261 261 0 7132
9679 0.026672808977309614 261 0 261 0 7132
9680 0.005696906009688973 261 261 261 0 7145
9681 0.0264931499841623 261 0 261 0 7145
9682 0.005598879011813551 260 260 260 0 7134
9683 0.02697371202521026 260 0 260 0 7134
9684 0.0057475019712001085 259 259 259 0 7128
9685 0.026613130001351237 259 0 259 0 7128
9686 0.005569805041886866 259 259 259 0 7138
9687 0.026544676977209747 259 0 259 0 7138
9688 0.005595404014457017 259 259 259 0 7154
9689 0.026532688993029296 259 0 259 0 7154
9690 0.005729644966777414 259 259 259 0 7168
9691 0.026962916017509997 259 0 259 0 7168
9692 0.005695354018826038 258 258 258 0 7122
9693 0.026574010960757732 258 0 258 0 7122
9694 0.005606880993582308 258 258 258 0 7137
9695 0.026564036030322313 258 0 258 0 7137
9696 0.005534090974833816 257 257 257 0 7104
9697 0.026584478036966175 257 0 257 0 7104
9698 0.005847732012625784 255 255 255 0 7060
9699 0.01907176396343857 255 0 255 0 7060
9700 0.005950607010163367 255 255 255 0 7077
9701 0.019594458979554474 255 0 255 0 7077
9702 0.005569525004830211 254 254 254 0 7062
9703 0.01970654702745378 254 0 254 0 7062
9704 0.006116695993114263 249 249 249 0 6951
9705 0.019225033989641815 249 0 249 0 6951
9706 0.005682814982719719 245 245 245 0 6865
9707 0.01922703703166917 245 0 245 0 6865
9708 0.005562564008869231 244 244 244 0 6806
9709 0.01926425297278911 244 0 244 0 6806
9710 0.00532720098271966 242 242 242 0 6741
9711 0.018938373017590493 242 0 242 0 6741
9712 0.005212738993577659 242 242 242 0 6752
9713 0.018855930014979094 242 0 242 0 6752
9714 0.005168873001821339 242 242 242 0 6764
9715 0.018878503004088998 242 0 242 0 6764
9716 0.005192489014007151 242 242 242 0 6779
9717 0.018857532006222755 242 0 242 0 6779
9718 0.005325147998519242 241 241 241 0 6742
9719 0.018668757984414697 241 0 241 0 6742
9720 0.008846686978358775 240 240 240 0 6728
9721 0.018800435995217413 240 0 240 0 6728
9722 0.00583923002704978 240 240 240 0 6738
9723 0.019159014977049083 240 0 240 0 6738
9724 0.005254691990558058 239 239 239 0 6732
9725 0.019000296015292406 239 0 239 0 6732
9726 0.005196593992877752 239 239 239 0 6745
9727 0.01896481402218342 239 0 239 0 6745
9728 0.005169653974007815 238 238 238 0 6752
9729 0.018964943010360003 238 0 238 0 6752
9730 0.005280370998661965 237 237 237 0 6704
9731 0.01876923901727423 237 0 237 0 6704
9732 0.005198578000999987 237 237 237 0 6721
9733 0.018857181014027447 237 0 237 0 6721
9734 0.0052219529752619565 235 235 235 0 6615
9735 0.018773476011119783 235 0 235 0 6615
9736 0.005266449006740004 234 234 234 0 6613
9737 0.018777752004098147 234 0 234 0 6613
9738 0.005373970954678953 232 232 232 0 6584
9739 0.018861358053982258 232 0 232 0 6584
9740 0.005142973968759179 232 232 232 0 6603
9741 0.018896020017564297 232 0 232 0 6603
9742 0.005045027006417513 231 231 231 0 6604
9743 0.018773224961478263 231 0 231 0 6604
9744 0.005057325994130224 230 230 230 0 6569
9745 0.018894758017268032 230 0 230 0 6569
9746 0.005075242021121085 230 230 230 0 6579
9747 0.018980396969709545 230 0 230 0 6579
9748 0.005112669023219496 228 228 228 0 6534
9749 0.018870741012506187 228 0 228 0 6534
9750 0.005101070972159505 227 227 227 0 6521
9751 0.019024874025490135 227 0 227 0 6521
9752 0.005237756005953997 226 226 226 0 6506
9753 0.018752273987047374 226 0 226 0 6506
9754 0.005295933980960399 224 224 224 0 6468
9755 0.018692313984502107 224 0 224 0 6468
9756 0.005051717045716941 223 223 223 0 6436
9757 0.018778162950184196 223 0 223 0 6436
9758 0.004943725012708455 222 222 222 0 6434
9759 0.018893375003244728 222 0 222 0 6434
9760 0.005028493003919721 220 220 220 0 6413
9761 0.0184769700281322 220 0 220 0 6413
9762 0.004920178966131061 220 220 220 0 6431
9763 0.018698783998843282 220 0 220 0 6431
9764 0.0048340000212192535 220 220 220 0 6447
9765 0.018523269973229617 220 0 220 0 6447
9766 0.005286029016133398 219 219 219 0 6440
9767 0.018708168005105108 219 0 219 0 6440
9768 0.004905777983367443 218 218 218 0 6432
9769 0.018819485034327954 218 0 218 0 6432
9770 0.0051152719534002244 216 216 216 0 6375
9771 0.018449740018695593 216 0 216 0 6375
9772 0.004818535991944373 215 215 215 0 6285
9773 0.01859746203990653 215 0 215 0 6285
9774 0.004796452994924039 214 214 214 0 6276
9775 0.018500606005545706 214 0 214 0 6276
9776 0.004736834962386638 214 214 214 0 6285
9777 0.01846270903479308 214 0 214 0 6285
9778 0.00485364900669083 213 213 213 0 6275
9779 0.018278091971296817 213 0 213 0 6275
9780 0.0047635239898227155 212 212 212 0 6271
9781 0.018476560013368726 212 0 212 0 6271
9782 0.004715682007372379 211 211 211 0 6250
9783 0.01850183797068894 211 0 211 0 6250
9784 0.0047537400387227535 211 211 211 0 6265
9785 0.0185753779951483 211 0 211 0 6265
9786 0.0046823619632050395 209 209 209 0 6195
9787 0.01848304003942758 209 0 209 0 6195
9788 0.0050222029676660895 208 208 208 0 6190
9789 0.018157310027163476 208 0 208 0 6190
9790 0.004733318986836821 205 205 205 0 6132
9791 0.018241646990645677 205 0 205 0 6132
9792 0.004676423035562038 204 204 204 0 6109
9793 0.018271312001161277 204 0 204 0 6109
9794 0.004650574992410839 203 203 203 0 6101
9795 0.018222557962872088 203 0 203 0 6101
9796 0.004544054041616619 203 203 203 0 6116
9797 0.018332162988372147 203 0 203 0 6116
9798 0.004539807967375964 202 202 202 0 6071
9799 0.018063880037516356 202 0 202 0 6071
9800 0.004678496974520385 201 201 201 0 6040
9801 0.018092623038683087 201 0 201 0 6040
9802 0.004546207957901061 201 201 201 0 6056
9803 0.01824361999752 201 0 201 0 6056
9804 0.0046969440300017595 199 199 199 0 6031
9805 0.01795658899936825 199 0 199 0 6031
9806 0.00460123096127063 199 199 199 0 6046
9807 0.018094505998305976 199 0 199 0 6046
9808 0.004455702030099928 199 199 199 0 6054
9809 0.018256529001519084 199 0 199 0 6054
9810 0.00450717902276665 197 197 197 0 5994
9811 0.017951430985704064 197 0 197 0 5994
9812 0.00451107497792691 197 197 197 0 6005
9813 0.01791343401418999 197 0 197 0 6005
9814 0.00469607301056385 196 196 196 0 5979
9815 0.01792516198474914 196 0 196 0 5979
9816 0.004519006994087249 195 195 195 0 5972
9817 0.018128837982658297 195 0 195 0 5972
9818 0.004501160001382232 194 194 194 0 5956
9819 0.017945322033483535 194 0 194 0 5956
9820 0.004577444982714951 193 193 193 0 5946
9821 0.018047986028250307 193 0 193 0 5946
9822 0.004497704969253391 193 193 193 0 5958
9823 0.017887304013129324 193 0 193 0 5958
9824 0.004396603966597468 193 193 193 0 5972
9825 0.018102097033988684 193 0 193 0 5972
9826 0.004407530010212213 192 192 192 0 5957
9827 0.017735255998559296 192 0 192 0 5957
9828 0.004451765969861299 188 188 188 0 5857
9829 0.017555306025315076 188 0 188 0 5857
9830 0.004359357990324497 187 187 187 0 5848
9831 0.01723754801787436 187 0 187 0 5848
9832 0.0043376649846322834 186 186 186 0 5841
9833 0.01744163502007723 186 0 186 0 5841
9834 0.004360739956609905 184 184 184 0 5801
9835 0.017764120013453066 184 0 184 0 5801
9836 0.004300719010643661 182 182 182 0 5722
9837 0.0174332219758071 182 0 182 0 5722
9838 0.004420720040798187 181 181 181 0 5691
9839 0.01772455999162048 181 0 181 0 5691
9840 0.004131575988139957 177 177 177 0 5538
9841 0.017561896005645394 177 0 177 0 5538
9842 0.00405046297237277 174 174 174 0 5457
9843 0.017006001027766615 174 0 174 0 5457
9844 0.004094338975846767 173 173 173 0 5440
9845 0.016916026012040675 173 0 173 0 5440
9846 0.003947458986658603 173 173 173 0 5447
9847 0.017013052012771368 173 0 173 0 5447
9848 0.003999796987045556 172 172 172 0 5430
9849 0.016727102047298104 172 0 172 0 5430
9850 0.004048420989420265 171 171 171 0 5394
9851 0.0168500259751454 171 0 171 0 5394
9852 0.0038693720125593245 167 167 167 0 5268
9853 0.01668893499299884 167 0 167 0 5268
9854 0.0038725060294382274 167 167 167 0 5279
9855 0.01661677594529465 167 0 167 0 5279
9856 0.003890083055011928 166 166 166 0 5275
9857 0.016692509991116822 166 0 166 0 5275
9858 0.0038400570047087967 165 165 165 0 5269
9859 0.016630397003609687 165 0 165 0 5269
9860 0.0038030119612812996 164 164 164 0 5251
9861 0.016599801019765437 164 0 164 0 5251
9862 0.003814438998233527 164 164 164 0 5259
9863 0.016651969985105097 164 0 164 0 5259
9864 0.00373414799105376 164 164 164 0 5271
9865 0.016520252043846995 164 0 164 0 5271
9866 0.00375765300123021 164 164 164 0 5285
9867 0.016709134972188622 164 0 164 0 5285
9868 0.0037362619768828154 163 163 163 0 5208
9869 0.016637287044432014 163 0 163 0 5208
9870 0.003767167974729091 163 163 163 0 5220
9871 0.016507723019458354 163 0 163 0 5220
9872 0.003699605993460864 162 162 162 0 5195
9873 0.01638041198020801 162 0 162 0 5195
9874 0.0036958809942007065 161 161 161 0 5181
9875 0.01624111202545464 161 0 161 0 5181
9876 0.00410055898828432 161 161 161 0 5190
9877 0.01656897400971502 161 0 161 0 5190
9878 0.0036873280187137425 161 161 161 0 5196
9879 0.01661004696507007 161 0 161 0 5196
9880 0.004288561001885682 161 161 161 0 5206
9881 0.016556615999434143 161 0 161 0 5206
9882 0.003680947993416339 161 161 161 0 5214
9883 0.0165750440210104 161 0 161 0 5214
9884 0.003726235998328775 158 158 158 0 5161
9885 0.01673187001142651 158 0 158 0 5161
9886 0.003887308994308114 158 158 158 0 5172
9887 0.01673606497934088 158 0 158 0 5172
9888 0.0037036630092188716 157 157 157 0 5153
9889 0.016746501030866057 157 0 157 0 5153
9890 0.0038363519706763327 156 156 156 0 5088
9891 0.01657909998903051 156 0 156 0 5088
9892 0.0036112230154685676 156 156 156 0 5099
9893 0.016535724978893995 156 0 156 0 5099
9894 0.0035264359903521836 156 156 156 0 5106
9895 0.016612561012152582 156 0 156 0 5106
9896 0.0036218090099282563 155 155 155 0 5084
9897 0.016277546994388103 155 0 155 0 5084
9898 0.0037393260281533003 155 155 155 0 5098
9899 0.016490186972077936 155 0 155 0 5098
9900 0.003740096988622099 154 154 154 0 5059
9901 0.016536566021386534 154 0 154 0 5059
9902 0.0036587250069715083 154 154 154 0 5070
9903 0.016573411994613707 154 0 154 0 5070
9904 0.003609260020311922 154 154 154 0 5076
9905 0.016544968995731324 154 0 154 0 5076
9906 0.0034536870080046356 154 154 154 0 5082
9907 0.016600090952124447 154 0 154 0 5082
9908 0.003412716032471508 154 154 154 0 5091
9909 0.016580161987803876 154 0 154 0 5091
9910 0.003432073979638517 154 154 154 0 5097
9911 0.016671319026499987 154 0 154 0 5097
9912 0.0034364010207355022 153 153 153 0 5055
9913 0.016553310968447477 153 0 153 0 5055
9914 0.0034071779809892178 152 152 152 0 5042
9915 0.016533952031750232 152 0 152 0 5042
9916 0.0034325249725952744 152 152 152 0 5051
9917 0.016637177031952888 152 0 152 0 5051
9918 0.0035373729770071805 151 151 151 0 5042
9919 0.016641583992168307 151 0 151 0 5042
9920 0.003659987007267773 150 150 150 0 5033
9921 0.016526310006156564 150 0 150 0 5033
9922 0.003698033979162574 149 149 149 0 5028
9923 0.016546451020985842 149 0 149 0 5028
9924 0.0035514840274117887 147 147 147 0 4980
9925 0.016391908982768655 147 0 147 0 4980
9926 0.003516901982948184 146 146 146 0 4950
9927 0.016407582035753876 146 0 146 0 4950
9928 0.0035097819636575878 145 145 145 0 4937
9929 0.016485429019667208 145 0 145 0 4937
9930 0.00336695701116696 143 143 143 0 4884
9931 0.01641821797238663 143 0 143 0 4884
9932 0.0032351090339943767 141 141 141 0 4840
9933 0.016167260997463018 141 0 141 0 4840
9934 0.0032560699619352818 140 140 140 0 4820
9935 0.016246140003204346 140 0 140 0 4820
9936 0.003217722987756133 140 140 140 0 4825
9937 0.01622722204774618 140 0 140 0 4825
9938 0.0031688089948147535 139 139 139 0 4813
9939 0.016244857979472727 139 0 139 0 4813
9940 0.003184842993505299 139 139 139 0 4822
9941 0.016342865012120456 139 0 139 0 4822
9942 0.00320456299232319 138 138 138 0 4768
9943 0.01601747702807188 138 0 138 0 4768
9944 0.0032083179685287178 138 138 138 0 4778
9945 0.016308574005961418 138 0 138 0 4778
9946 0.0031301610288210213 134 134 134 0 4685
9947 0.016126710979733616 134 0 134 0 4685
9948 0.0031220890232361853 132 132 132 0 4649
9949 0.01601629494689405 132 0 132 0 4649
9950 0.003101437003351748 132 132 132 0 4657
9951 0.0160165760316886 132 0 132 0 4657
9952 0.0030528249917551875 131 131 131 0 4648
9953 0.015978657989762723 131 0 131 0 4648
9954 0.003084702999331057 130 130 130 0 4640
9955 0.015908533008769155 130 0 130 0 4640
9956 0.0030706109828315675 130 130 130 0 4651
9957 0.01593786699231714 130 0 130 0 4651
9958 0.003061017021536827 130 130 130 0 4657
9959 0.015946049999911338 130 0 130 0 4657
9960 0.0030367409926839173 130 130 130 0 4663
9961 0.016001051990315318 130 0 130 0 4663
9962 0.0031433100230060518 129 129 129 0 4656
9963 0.015922844992019236 129 0 129 0 4656
9964 0.0031839419971220195 129 129 129 0 4664
9965 0.016015122993849218 129 0 129 0 4664
9966 0.003257031028624624 129 129 129 0 4672
9967 0.015983194985892624 129 0 129 0 4672
9968 0.0032879679929465055 129 129 129 0 4677
9969 0.016063446004409343 129 0 129 0 4677
9970 0.003312153974547982 128 128 128 0 4601
9971 0.015004315006081015 128 0 128 0 4601
9972 0.0030539570143446326 126 126 126 0 4491
9973 0.014936683000996709 126 0 126 0 4491
9974 0.0030189940007403493 124 124 124 0 4421
9975 0.014807249011937529 124 0 124 0 4421
9976 0.0029921039822511375 124 124 124 0 4431
9977 0.014916713000275195 124 0 124 0 4431
9978 0.002918423037044704 121 121 121 0 4326
9979 0.01457715395372361 121 0 121 0 4326
9980 0.0029222190496511757 121 121 121 0 4334
9981 0.01466643699677661 121 0 121 0 4334
9982 0.002928307978436351 121 121 121 0 4342
9983 0.014740789018105716 121 0 121 0 4342
9984 0.0029440209618769586 121 121 121 0 4352
9985 0.014758486009668559 121 0 121 0 4352
9986 0.0030199860339052975 120 120 120 0 4334
9987 0.01472421397920698 120 0 120 0 4334
9988 0.003280417004134506 119 119 119 0 4305
9989 0.014574169006664306 119 0 119 0 4305
9990 0.0030209269607439637 118 118 118 0 4283
9991 0.014560127048753202 118 0 118 0 4283
9992 0.002924622967839241 117 117 117 0 4267
9993 0.01462257100502029 117 0 117 0 4267
9994 0.00297345599392429 115 115 115 0 4234
9995 0.014497734024189413 115 0 115 0 4234
9996 0.0028522139764390886 114 114 114 0 4221
9997 0.014533607987686992 114 0 114 0 4221
9998 0.0028647520230151713 113 113 113 0 4179
9999 0.014400398009456694 113 0 113 0 4179
10000 0.0027914230013266206 113 113 113 0 4182
10001 0.014554449007846415 113 0 113 0 4182
10002 0.0027981119928881526 111 111 111 0 4143
10003 0.014134878991171718 111 0 111 0 4143
10004 0.0029305919888429344 110 110 110 0 4115
10005 0.014071272977162153 110 0 110 0 4115
10006 0.0029016680200584233 110 110 110 0 4120
10007 0.014288910024333745 110 0 110 0 4120
10008 0.00337670196313411 110 110 110 0 4130
10009 0.014469151035882533 110 0 110 0 4130
10010 0.002832733967807144 107 107 107 0 4055
10011 0.01429592102067545 107 0 107 0 4055
10012 0.0028868759982287884 107 107 107 0 4063
10013 0.014214047987479717 107 0 107 0 4063
10014 0.002830812009051442 106 106 106 0 4048
10015 0.014196851989254355 106 0 106 0 4048
10016 0.0028261340339668095 106 106 106 0 4057
10017 0.014255970949307084 106 0 106 0 4057
10018 0.0033749890280887485 105 105 105 0 4028
10019 0.01423913601320237 105 0 105 0 4028
10020 0.00331247498979792 105 105 105 0 4038
10021 0.014225515013094991 105 0 105 0 4038
10022 0.0027707809931598604 105 105 105 0 4044
10023 0.014279516995884478 105 0 105 0 4044
10024 0.002796560002025217 104 104 104 0 4012
10025 0.014098724001087248 104 0 104 0 4012
10026 0.003522621002048254 104 104 104 0 4017
10027 0.013912534981500357 104 0 104 0 4017
10028 0.0027872060309164226 102 102 102 0 3960
10029 0.014153787982650101 102 0 102 0 3960
10030 0.0027528139762580395 102 102 102 0 3968
10031 0.0141775929951109 102 0 102 0 3968
10032 0.0032375830342061818 101 101 101 0 3919
10033 0.014104233006946743 101 0 101 0 3919
10034 0.002733464993070811 100 100 100 0 3887
10035 0.014091142977122217 100 0 100 0 3887
10036 0.0027157290023751557 99 99 99 0 3846
10037 0.013910371984820813 99 0 99 0 3846
10038 0.0031606670236214995 99 99 99 0 3851
10039 0.013711112027522177 99 0 99 0 3851
10040 0.0027036009705625474 98 98 98 0 3816
10041 0.013991323008667678 98 0 98 0 3816
10042 0.0026878470089286566 97 97 97 0 3801
10043 0.013827817980200052 97 0 97 0 3801
10044 0.0026347769889980555 97 97 97 0 3809
10045 0.014018715010024607 97 0 97 0 3809
10046 0.002630561008118093 96 96 96 0 3794
10047 0.012819844007026404 96 0 96 0 3794
10048 0.0026162989670410752 96 96 96 0 3802
10049 0.012875357002485543 96 0 96 0 3802
10050 0.0026119130197912455 96 96 96 0 3810
10051 0.012825893994886428 96 0 96 0 3810
10052 0.002595357014797628 96 96 96 0 3820
10053 0.01292721601203084 96 0 96 0 3820
10054 0.002616638957988471 96 96 96 0 3825
10055 0.012861978029832244 96 0 96 0 3825
10056 0.0025747870095074177 96 96 96 0 3829
10057 0.012948706978932023 96 0 96 0 3829
10058 0.0026005260297097266 96 96 96 0 3834
10059 0.012874095002189279 96 0 96 0 3834
10060 0.0026163799921050668 96 96 96 0 3840
10061 0.012939332984387875 96 0 96 0 3840
10062 0.0025565199903212488 96 96 96 0 3846
10063 0.012888287019450217 96 0 96 0 3846
10064 0.0026248919893987477 96 96 96 0 3849
10065 0.012974867015145719 96 0 96 0 3849
10066 0.0025978820049203932 95 95 95 0 3805
10067 0.012790018983650953 95 0 95 0 3805
10068 0.0026245719636790454 95 95 95 0 3813
10069 0.01269091002177447 95 0 95 0 3813
10070 0.0025823790347203612 95 95 95 0 3817
10071 0.012674835976213217 95 0 95 0 3817
10072 0.0026354779838584363 95 95 95 0 3825
10073 0.012901357025839388 95 0 95 0 3825
10074 0.0031176719930954278 95 95 95 0 3831
10075 0.012705611996352673 95 0 95 0 3831
10076 0.0026372610009275377 93 93 93 0 3761
10077 0.012539363000541925 93 0 93 0 3761
10078 0.002586824994068593 93 93 93 0 3766
10079 0.012763438979163766 93 0 93 0 3766
10080 0.002532404032535851 92 92 92 0 3746
10081 0.012859333015512675 92 0 92 0 3746
10082 0.0025701900012791157 91 91 91 0 3720
10083 0.012792242981959134 91 0 91 0 3720
10084 0.002506815013475716 91 91 91 0 3729
10085 0.01283590798266232 91 0 91 0 3729
10086 0.0025265939766541123 90 90 90 0 3688
10087 0.01269579801009968 90 0 90 0 3688
10088 0.002460465009789914 90 90 90 0 3691
10089 0.012730880989693105 90 0 90 0 3691
10090 0.0024675659951753914 90 90 90 0 3696
10091 0.012832723034080118 90 0 90 0 3696
10092 0.0024658030015416443 88 88 88 0 3627
10093 0.012572822975926101 88 0 88 0 3627
10094 0.0024191639968194067 88 88 88 0 3632
10095 0.01259253203170374 88 0 88 0 3632
10096 0.0024311619927175343 88 88 88 0 3635
10097 0.012675095989834517 88 0 88 0 3635
10098 0.002471791987773031 87 87 87 0 3609
10099 0.01232134597375989 87 0 87 0 3609
10100 0.0024653830332681537 87 87 87 0 3617
10101 0.012604860996361822 87 0 87 0 3617
10102 0.0024704299867153168 87 87 87 0 3621
10103 0.012592533021233976 87 0 87 0 3621
10104 0.002466684964019805 87 87 87 0 3629
10105 0.012592812010552734 87 0 87 0 3629
10106 0.0024576520081609488 87 87 87 0 3635
10107 0.012627214018721133 87 0 87 0 3635
10108 0.002455679001286626 87 87 87 0 3643
10109 0.01233351300470531 87 0 87 0 3643
10110 0.0024984219926409423 87 87 87 0 3647
10111 0.012318812019657344 87 0 87 0 3647
10112 0.002439283998683095 87 87 87 0 3654
10113 0.01233395398594439 87 0 87 0 3654
10114 0.0024204549845308065 87 87 87 0 3660
10115 0.012369306990876794 87 0 87 0 3660
10116 0.002416939998511225 86 86 86 0 3582
10117 0.01225078001152724 86 0 86 0 3582
10118 0.0024237899924628437 86 86 86 0 3587
10119 0.012240995012689382 86 0 86 0 3587
10120 0.0023960580001585186 86 86 86 0 3590
10121 0.012296727974899113 86 0 86 0 3590
10122 0.002505734039004892 86 86 86 0 3594
10123 0.012543277989607304 86 0 86 0 3594
10124 0.002394796989392489 86 86 86 0 3600
10125 0.012559543014504015 86 0 86 0 3600
10126 0.0024613369605503976 86 86 86 0 3605
10127 0.012354966020211577 86 0 86 0 3605
10128 0.002517240005545318 84 84 84 0 3539
10129 0.01249861199175939 84 0 84 0 3539
10130 0.0023955280194059014 84 84 84 0 3540
10131 0.01249737897887826 84 0 84 0 3540
10132 0.0024011770146898925 84 84 84 0 3548
10133 0.012551900988910347 84 0 84 0 3548
10134 0.002422098012175411 83 83 83 0 3481
10135 0.01230127498274669 83 0 83 0 3481
10136 0.0024019270204007626 83 83 83 0 3489
10137 0.012431461014784873 83 0 83 0 3489
10138 0.0023934149648994207 83 83 83 0 3495
10139 0.012401374988257885 83 0 83 0 3495
10140 0.002897622005548328 83 83 83 0 3503
10141 0.01214815501589328 83 0 83 0 3503
10142 0.002349139016587287 83 83 83 0 3507
10143 0.012164488958660513 83 0 83 0 3507
10144 0.0023442310048267245 83 83 83 0 3513
10145 0.012156568001955748 83 0 83 0 3513
10146 0.002387646003626287 83 83 83 0 3519
10147 0.012149477028287947 83 0 83 0 3519
10148 0.0023665339685976505 83 83 83 0 3527
10149 0.012227614992298186 83 0 83 0 3527
10150 0.0023363090003840625 81 81 81 0 3449
10151 0.012071069038938731 81 0 81 0 3449
10152 0.002361677004955709 81 81 81 0 3452
10153 0.012144019012339413 81 0 81 0 3452
10154 0.0028338359552435577 79 79 79 0 3400
10155 0.01182537100976333 79 0 79 0 3400
10156 0.002282017027027905 79 79 79 0 3406
10157 0.011862044979352504 79 0 79 0 3406
10158 0.0022633899934589863 78 78 78 0 3351
10159 0.011811979988124222 78 0 78 0 3351
10160 0.002253124024719 78 78 78 0 3354
10161 0.011821153981145471 78 0 78 0 3354
10162 0.0022338349954225123 77 77 77 0 3325
10163 0.011748786026146263 77 0 77 0 3325
10164 0.0022463530185632408 77 77 77 0 3332
10165 0.011732571001630276 77 0 77 0 3332
10166 0.0022183319670148194 77 77 77 0 3335
10167 0.011775005026720464 77 0 77 0 3335
10168 0.002224199997726828 76 76 76 0 3305
10169 0.01174988696584478 76 0 76 0 3305
10170 0.002218011999502778 76 76 76 0 3311
10171 0.011750287027098238 76 0 76 0 3311
10172 0.002242988965008408 76 76 76 0 3318
10173 0.011721624003257602 76 0 76 0 3318
10174 0.0022164490073919296 76 76 76 0 3321
10175 0.011783468013163656 76 0 76 0 3321
10176 0.0021906199981458485 74 74 74 0 3180
10177 0.011631398985628039 74 0 74 0 3180
10178 0.002162237011361867 72 72 72 0 3115
10179 0.011370597989298403 72 0 72 0 3115
10180 0.0021273450111038983 72 72 72 0 3122
10181 0.011515835009049624 72 0 72 0 3122
10182 0.0022933449945412576 68 68 68 0 2941
10183 0.011232258984819055 68 0 68 0 2941
10184 0.0020318219903856516 68 68 68 0 2944
10185 0.011256977042648941 68 0 68 0 2944
10186 0.0020182610023766756 68 68 68 0 2948
10187 0.011314903968013823 68 0 68 0 2948
10188 0.002004429989028722 66 66 66 0 2843
10189 0.011118007998447865 66 0 66 0 2843
10190 0.0019836490391753614 66 66 66 0 2846
10191 0.011103386001195759 66 0 66 0 2846
10192 0.0019683169666677713 66 66 66 0 2849
10193 0.01119311002548784 66 0 66 0 2849
10194 0.0019716210081242025 65 65 65 0 2786
10195 0.011065809987485409 65 0 65 0 2786
10196 0.0019547860138118267 64 64 64 0 2742
10197 0.010409082984551787 64 0 64 0 2742
10198 0.001903349009808153 64 64 64 0 2744
10199 0.010415672964882106 64 0 64 0 2744
10200 0.0019758970011025667 63 63 63 0 2721
10201 0.010399239021353424 63 0 63 0 2721
10202 0.001962307025678456 62 62 62 0 2671
10203 0.010312608967069536 62 0 62 0 2671
10204 0.0019192019826732576 62 62 62 0 2677
10205 0.010549344005994499 62 0 62 0 2677
10206 0.0019276150269433856 62 62 62 0 2678
10207 0.010542002972215414 62 0 62 0 2678
10208 0.0019182410323992372 62 62 62 0 2683
10209 0.010348201962187886 62 0 62 0 2683
10210 0.001902788004372269 62 62 62 0 2688
10211 0.010564226016867906 62 0 62 0 2688
10212 0.0019068940309807658 62 62 62 0 2694
10213 0.010567290999460965 62 0 62 0 2694
10214 0.0018859219853766263 62 62 62 0 2696
10215 0.010628833959344774 62 0 62 0 2696
10216 0.0019069340196438134 61 61 61 0 2672
10217 0.010535343026276678 61 0 61 0 2672
10218 0.0019027969683520496 61 61 61 0 2675
10219 0.010566170036327094 61 0 61 0 2675
10220 0.0018726419657468796 61 61 61 0 2680
10221 0.010558688023593277 61 0 61 0 2680
10222 0.0018843699945136905 61 61 61 0 2683
10223 0.01054015097906813 61 0 61 0 2683
10224 0.0018632379942573607 61 61 61 0 2686
10225 0.010589154029730707 61 0 61 0 2686
10226 0.0018976599676534534 60 60 60 0 2653
10227 0.010502173041459173 60 0 60 0 2653
10228 0.0019065029919147491 60 60 60 0 2660
10229 0.010545427969191223 60 0 60 0 2660
10230 0.0018710500444285572 60 60 60 0 2662
10231 0.010563354997429997 60 0 60 0 2662
10232 0.0019023969653062522 59 59 59 0 2628
10233 0.010484125989023596 59 0 59 0 2628
10234 0.00186147604836151 59 59 59 0 2631
10235 0.010500631004106253 59 0 59 0 2631
10236 0.0018530129455029964 59 59 59 0 2637
10237 0.010488943022210151 59 0 59 0 2637
10238 0.001838330994360149 59 59 59 0 2638
10239 0.01051316998200491 59 0 59 0 2638
10240 0.001843158039264381 59 59 59 0 2643
10241 0.010538958013057709 59 0 59 0 2643
10242 0.001877800968941301 58 58 58 0 2614
10243 0.010532669024541974 58 0 58 0 2614
10244 0.00184782495489344 56 56 56 0 2556
10245 0.010231847001705319 56 0 56 0 2556
10246 0.0017857120255939662 56 56 56 0 2556
10247 0.01032507698982954 56 0 56 0 2556
10248 0.0017932130140252411 55 55 55 0 2524
10249 0.010212748020421714 55 0 55 0 2524
10250 0.0017841599765233696 55 55 55 0 2527
10251 0.010232838976662606 55 0 55 0 2527
10252 0.0017831880250014365 55 55 55 0 2532
10253 0.010253029002342373 55 0 55 0 2532
10254 0.0018004340236075222 55 55 55 0 2535
10255 0.010249433980789036 55 0 55 0 2535
10256 0.0017836989718489349 55 55 55 0 2537
10257 0.010308932047337294 55 0 55 0 2537
10258 0.0017759979818947613 54 54 54 0 2489
10259 0.010223424003925174 54 0 54 0 2489
10260 0.0017691169632598758 53 53 53 0 2458
10261 0.010138787038158625 53 0 53 0 2458
10262 0.0017315410077571869 53 53 53 0 2460
10263 0.010164094972424209 53 0 53 0 2460
10264 0.0017642999882809818 53 53 53 0 2465
10265 0.010192728019319475 53 0 53 0 2465
10266 0.0017483760020695627 53 53 53 0 2468
10267 0.010141792008653283 53 0 53 0 2468
10268 0.0017577899852767587 53 53 53 0 2474
10269 0.010187460982706398 53 0 53 0 2474
10270 0.001780534046702087 52 52 52 0 2445
10271 0.010111505980603397 52 0 52 0 2445
10272 0.0017528829630464315 52 52 52 0 2450
10273 0.01011495100101456 52 0 52 0 2450
10274 0.0017782910144887865 52 52 52 0 2455
10275 0.009942523029167205 52 0 52 0 2455
10276 0.0017457619542255998 52 52 52 0 2460
10277 0.010124015039764345 52 0 52 0 2460
10278 0.0017137440154328942 52 52 52 0 2460
10279 0.010144815954845399 52 0 52 0 2460
10280 0.001729488023556769 52 52 52 0 2462
10281 0.010141971986740828 52 0 52 0 2462
10282 0.001755415985826403 52 52 52 0 2465
10283 0.01016048004385084 52 0 52 0 2465
10284 0.0017877049976959825 52 52 52 0 2469
10285 0.010151195980142802 52 0 52 0 2469
10286 0.0017372589791193604 52 52 52 0 2472
10287 0.010145077016204596 52 0 52 0 2472
10288 0.001736448029987514 52 52 52 0 2474
10289 0.010203794983681291 52 0 52 0 2474
10290 0.00172900699544698 51 51 51 0 2435
10291 0.010102853004354984 51 0 51 0 2435
10292 0.00172725401353091 51 51 51 0 2441
10293 0.010140589962247759 51 0 51 0 2441
10294 0.0017350660054944456 51 51 51 0 2443
10295 0.010107329988386482 51 0 51 0 2443
10296 0.0017250110395252705 51 51 51 0 2448
10297 0.010138075973372906 51 0 51 0 2448
10298 0.0017163080046884716 51 51 51 0 2450
10299 0.010115723009221256 51 0 51 0 2450
10300 0.001722316024824977 51 51 51 0 2456
10301 0.009910093969665468 51 0 51 0 2456
10302 0.0017071239999495447 51 51 51 0 2456
10303 0.009904135018587112 51 0 51 0 2456
10304 0.0017322420026175678 51 51 51 0 2461
10305 0.009918395953718573 51 0 51 0 2461
10306 0.0017350560519844294 51 51 51 0 2466
10307 0.00990322296274826 51 0 51 0 2466
10308 0.0017024879925884306 51 51 51 0 2471
10309 0.009952707041520625 51 0 51 0 2471
10310 0.0016942949732765555 50 50 50 0 2421
10311 0.009886318002827466 50 0 50 0 2421
10312 0.0016729329945519567 50 50 50 0 2423
10313 0.00989023398142308 50 0 50 0 2423
10314 0.0016980800428427756 50 50 50 0 2426
10315 0.01005716499639675 50 0 50 0 2426
10316 0.001732551958411932 50 50 50 0 2430
10317 0.010043744056019932 50 0 50 0 2430
10318 0.0018280259682796896 50 50 50 0 2432
10319 0.009946107980795205 50 0 50 0 2432
10320 0.001703268033452332 50 50 50 0 2434
10321 0.010217665985692292 50 0 50 0 2434
10322 0.0026577109820209444 49 49 49 0 2394
10323 0.010046099021565169 49 0 49 0 2394
10324 0.0017077039810828865 49 49 49 0 2400
10325 0.010047540999948978 49 0 49 0 2400
10326 0.0017283160123042762 49 49 49 0 2402
10327 0.010087098984513432 49 0 49 0 2402
10328 0.0017226870404556394 48 48 48 0 2374
10329 0.009925057005602866 48 0 48 0 2374
10330 0.0017499579698778689 48 48 48 0 2376
10331 0.00986881199060008 48 0 48 0 2376
10332 0.0016701280255801976 48 48 48 0 2382
10333 0.009928100975230336 48 0 48 0 2382
10334 0.0023850520374253392 48 48 48 0 2382
10335 0.009759648004546762 48 0 48 0 2382
10336 0.001754895958583802 48 48 48 0 2387
10337 0.009936643997207284 48 0 48 0 2387
10338 0.0016998130013234913 48 48 48 0 2392
10339 0.009864013991318643 48 0 48 0 2392
10340 0.001671060046646744 48 48 48 0 2397
10341 0.009936803951859474 48 0 48 0 2397
10342 0.00165230204584077 48 48 48 0 2397
10343 0.009948760969564319 48 0 48 0 2397
10344 0.001673524035140872 48 48 48 0 2399
10345 0.009943554003257304 48 0 48 0 2399
10346 0.001664779963903129 48 48 48 0 2402
10347 0.01002237299690023 48 0 48 0 2402
10348 0.0016855010180734098 46 46 46 0 2337
10349 0.009802483022212982 46 0 46 0 2337
10350 0.0016377889551222324 46 46 46 0 2339
10351 0.009891366004012525 46 0 46 0 2339
10352 0.001682255999185145 46 46 46 0 2341
10353 0.00987826701020822 46 0 46 0 2341
10354 0.001634364016354084 46 46 46 0 2341
10355 0.009880749974399805 46 0 46 0 2341
10356 0.001650208025239408 46 46 46 0 2346
10357 0.009887079999316484 46 0 46 0 2346
10358 0.0016562769887968898 46 46 46 0 2348
10359 0.009718446002807468 46 0 46 0 2348
10360 0.001682707981672138 46 46 46 0 2353
10361 0.009705926990136504 46 0 46 0 2353
10362 0.0016574790352024138 46 46 46 0 2355
10363 0.009882822982035577 46 0 46 0 2355
10364 0.001658171007875353 46 46 46 0 2361
10365 0.009890414017718285 46 0 46 0 2361
10366 0.0016449299873784184 46 46 46 0 2361
10367 0.009901640994939953 46 0 46 0 2361
10368 0.001674234983511269 46 46 46 0 2366
10369 0.009905766986776143 46 0 46 0 2366
10370 0.0016543850069865584 46 46 46 0 2371
10371 0.009950845036655664 46 0 46 0 2371
10372 0.0016755170072428882 45 45 45 0 2343
10373 0.009879858000203967 45 0 45 0 2343
10374 0.0016167379799298942 45 45 45 0 2343
10375 0.00986410496989265 45 0 45 0 2343
10376 0.0016437090234830976 45 45 45 0 2345
10377 0.00989644299261272 45 0 45 0 2345
10378 0.0016107390401884913 45 45 45 0 2348
10379 0.009878916956949979 45 0 45 0 2348
10380 0.0016478649922646582 45 45 45 0 2350
10381 0.009936113026924431 45 0 45 0 2350
10382 0.0016372890095226467 44 44 44 0 2321
10383 0.009859457961283624 44 0 44 0 2321
10384 0.0016269840416498482 44 44 44 0 2323
10385 0.009753968974109739 44 0 44 0 2323
10386 0.0016030879924073815 43 43 43 0 2232
10387 0.009754760016221553 43 0 43 0 2232
10388 0.0015983210178092122 43 43 43 0 2236
10389 0.009760949993506074 43 0 43 0 2236
10390 0.0015762869734317064 43 43 43 0 2238
10391 0.009791376010980457 43 0 43 0 2238
10392 0.0015791910118423402 43 43 43 0 2243
10393 0.009782392007764429 43 0 43 0 2243
10394 0.001577419985551387 43 43 43 0 2245
10395 0.009638745978008956 43 0 43 0 2245
10396 0.0016064430237747729 43 43 43 0 2250
10397 0.009800148021895438 43 0 43 0 2250
10398 0.0016089470009319484 43 43 43 0 2250
10399 0.00978866097284481 43 0 43 0 2250
10400 0.00161911197938025 43 43 43 0 2255
10401 0.009815221012104303 43 0 43 0 2255
10402 0.0016027180245146155 43 43 43 0 2260
10403 0.009842341998592019 43 0 43 0 2260
10404 0.0016345339827239513 42 42 42 0 2218
10405 0.009728602017275989 42 0 42 0 2218
10406 0.0015836379607208073 42 42 42 0 2218
10407 0.009796724014449865 42 0 42 0 2218
10408 0.0015568379894830287 42 42 42 0 2220
10409 0.009686097037047148 42 0 42 0 2220
10410 0.001601475989446044 41 41 41 0 2173
10411 0.009717473993077874 41 0 41 0 2173
10412 0.0015472039813175797 41 41 41 0 2174
10413 0.009788341005332768 41 0 41 0 2174
10414 0.0015442190342582762 40 40 40 0 2140
10415 0.00966235197847709 40 0 40 0 2140
10416 0.0014955559745430946 40 40 40 0 2141
10417 0.009636734030209482 40 0 40 0 2141
10418 0.0015057009877637029 40 40 40 0 2141
10419 0.00968700903467834 40 0 40 0 2141
10420 0.0016136029735207558 39 39 39 0 2068
10421 0.009494439989794046 39 0 39 0 2068
10422 0.001535837014671415 39 39 39 0 2070
10423 0.009576011972967535 39 0 39 0 2070
10424 0.0015671330038458109 39 39 39 0 2074
10425 0.009592287009581923 39 0 39 0 2074
10426 0.0014920009998604655 39 39 39 0 2076
10427 0.009441589994821697 39 0 39 0 2076
10428 0.0018637790344655514 39 39 39 0 2081
10429 0.009458346001338214 39 0 39 0 2081
10430 0.002216708962805569 38 38 38 0 2045
10431 0.009584193991031498 38 0 38 0 2045
10432 0.0015337340300902724 38 38 38 0 2050
10433 0.009616282011847943 38 0 38 0 2050
10434 0.0014826669939793646 37 37 37 0 1987
10435 0.009473958984017372 37 0 37 0 1987
10436 0.0014474940253421664 36 36 36 0 1950
10437 0.00939482997637242 36 0 36 0 1950
10438 0.001427092996891588 36 36 36 0 1950
10439 0.009375941997859627 36 0 36 0 1950
10440 0.0014653109828941524 36 36 36 0 1951
10441 0.009472987032495439 36 0 36 0 1951
10442 0.0014203829923644662 34 34 34 0 1844
10443 0.009268770983908325 34 0 34 0 1844
10444 0.001365340023767203 34 34 34 0 1845
10445 0.009321100020315498 34 0 34 0 1845
10446 0.0013930919812992215 34 34 34 0 1847
10447 0.009107207995839417 34 0 34 0 1847
10448 0.001405089977197349 34 34 34 0 1848
10449 0.009149983001407236 34 0 34 0 1848
10450 0.0017059220117516816 33 33 33 0 1802
10451 0.00909617100842297 33 0 33 0 1802
10452 0.0013700780109502375 33 33 33 0 1804
10453 0.00906944100279361 33 0 33 0 1804
10454 0.0013821159955114126 33 33 33 0 1806
10455 0.009127749013714492 33 0 33 0 1806
10456 0.0018598929746076465 32 32 32 0 1734
10457 0.008454999013338238 32 0 32 0 1734
10458 0.0013374779955483973 32 32 32 0 1736
10459 0.008342479995917529 32 0 32 0 1736
10460 0.0013298870180733502 31 31 31 0 1696
10461 0.008294506988022476 31 0 31 0 1696
10462 0.0012738039949908853 30 30 30 0 1598
10463 0.008155517978593707 30 0 30 0 1598
10464 0.0012738039949908853 30 30 30 0 1602
10465 0.008204171026591212 30 0 30 0 1602
10466 0.0012704780092462897 29 29 29 0 1571
10467 0.008108348003588617 29 0 29 0 1571
10468 0.0012763270060531795 29 29 29 0 1575
10469 0.008145753992721438 29 0 29 0 1575
10470 0.0012638879707083106 29 29 29 0 1575
10471 0.008114277035929263 29 0 29 0 1575
10472 0.0012700679944828153 29 29 29 0 1575
10473 0.00817449699388817 29 0 29 0 1575
10474 0.0012578690075315535 28 28 28 0 1487
10475 0.007986565004102886 28 0 28 0 1487
10476 0.0012008629855699837 28 28 28 0 1487
10477 0.007992794970050454 28 0 28 0 1487
10478 0.0012199320481158793 28 28 28 0 1489
10479 0.008009208948351443 28 0 28 0 1489
10480 0.0012095670099370182 28 28 28 0 1490
10481 0.008033825026359409 28 0 28 0 1490
10482 0.001186462992336601 27 27 27 0 1424
10483 0.007932072971016169 27 0 27 0 1424
10484 0.0011854300391860306 26 26 26 0 1381
10485 0.00786325999069959 26 0 26 0 1381
10486 0.001184288994409144 26 26 26 0 1383
10487 0.007852373004425317 26 0 26 0 1383
10488 0.0011726510128937662 26 26 26 0 1387
10489 0.007873174967244267 26 0 26 0 1387
10490 0.0011459109955467284 26 26 26 0 1388
10491 0.007869789027608931 26 0 26 0 1388
10492 0.0011810539872385561 26 26 26 0 1391
10493 0.007910731015726924 26 0 26 0 1391
10494 0.0011695059947669506 25 25 25 0 1349
10495 0.007863491016905755 25 0 25 0 1349
10496 0.0011518299579620361 25 25 25 0 1350
10497 0.007980655995197594 25 0 25 0 1350
10498 0.0011590600479394197 25 25 25 0 1354
10499 0.007985053001902997 25 0 25 0 1354
10500 0.0011790510034188628 25 25 25 0 1357
10501 0.007973865955136716 25 0 25 0 1357
10502 0.0011628560023382306 25 25 25 0 1357
10503 0.007984781987033784 25 0 25 0 1357
10504 0.0011799230123870075 25 25 25 0 1357
10505 0.007990310026798397 25 0 25 0 1357
10506 0.001351649989373982 25 25 25 0 1359
10507 0.007980184978805482 25 0 25 0 1359
10508 0.0011687060468830168 25 25 25 0 1359
10509 0.007986584969330579 25 0 25 0 1359
10510 0.0011573780211620033 25 25 25 0 1361
10511 0.007996529981028289 25 0 25 0 1361
10512 0.0011688959784805775 25 25 25 0 1362
10513 0.007872193004004657 25 0 25 0 1362
10514 0.0011795310419984162 25 25 25 0 1362
10515 0.008001246955245733 25 0 25 0 1362
10516 0.0011813140008598566 25 25 25 0 1364
10517 0.008003671013284475 25 0 25 0 1364
10518 0.001174624019768089 25 25 25 0 1366
10519 0.007966134988237172 25 0 25 0 1366
10520 0.001178729988168925 25 25 25 0 1370
10521 0.008021446992643178 25 0 25 0 1370
10522 0.0011566770263016224 24 24 24 0 1324
10523 0.007760416017845273 24 0 24 0 1324
10524 0.001130527991335839 24 24 24 0 1327
10525 0.007767515955492854 24 0 24 0 1327
10526 0.0011046890285797417 24 24 24 0 1327
10527 0.007794847013428807 24 0 24 0 1327
10528 0.0011228660005144775 23 23 23 0 1276
10529 0.007721856993157417 23 0 23 0 1276
10530 0.0017647609929554164 23 23 23 0 1280
10531 0.007731931982561946 23 0 23 0 1280
10532 0.0011225870111957192 23 23 23 0 1283
10533 0.007861947000492364 23 0 23 0 1283
10534 0.0011675540008582175 23 23 23 0 1283
10535 0.007706264033913612 23 0 23 0 1283
10536 0.0011101769632659853 23 23 23 0 1283
10537 0.007702268019784242 23 0 23 0 1283
10538 0.0011234869598411024 23 23 23 0 1285
10539 0.007691222010180354 23 0 23 0 1285
10540 0.0011163160088472068 23 23 23 0 1285
10541 0.0076701799989677966 23 0 23 0 1285
10542 0.0011301880003884435 23 23 23 0 1287
10543 0.007699894020333886 23 0 23 0 1287
10544 0.0011256400030106306 23 23 23 0 1288
10545 0.007700245012529194 23 0 23 0 1288
10546 0.0011220359592698514 23 23 23 0 1288
10547 0.0077012660331092775 23 0 23 0 1288
10548 0.0011479139793664217 23 23 23 0 1290
10549 0.007711452024523169 23 0 23 0 1290
10550 0.00112416798947379 23 23 23 0 1292
10551 0.007725503004621714 23 0 23 0 1292
10552 0.0011428059660829604 23 23 23 0 1294
10553 0.007662989024538547 23 0 23 0 1294
10554 0.0011380299692973495 23 23 23 0 1295
10555 0.007737370033282787 23 0 23 0 1295
10556 0.0011471629841253161 22 22 22 0 1247
10557 0.007786604983266443 22 0 22 0 1247
10558 0.0010849990067072213 22 22 22 0 1247
10559 0.007818503014277667 22 0 22 0 1247
10560 0.001101604022551328 22 22 22 0 1247
10561 0.007674185966607183 22 0 22 0 1247
10562 0.00111635698704049 22 22 22 0 1251
10563 0.007680125010665506 22 0 22 0 1251
10564 0.00110911502270028 22 22 22 0 1254
10565 0.0077155379694886506 22 0 22 0 1254
10566 0.0011077939998358488 21 21 21 0 1197
10567 0.007594145019538701 21 0 21 0 1197
10568 0.0010712789953686297 21 21 21 0 1197
10569 0.0076180920004844666 21 0 21 0 1197
10570 0.0010864920332096517 21 21 21 0 1199
10571 0.007635146961547434 21 0 21 0 1199
10572 0.0010914290323853493 21 21 21 0 1199
10573 0.007624020974617451 21 0 21 0 1199
10574 0.0011401019874028862 21 21 21 0 1200
10575 0.007614906004164368 21 0 21 0 1200
10576 0.0010906090028584003 21 21 21 0 1201
10577 0.00776424101786688 21 0 21 0 1201
10578 0.0010774880065582693 21 21 21 0 1201
10579 0.007787075010128319 21 0 21 0 1201
10580 0.001091660000383854 21 21 21 0 1203
10581 0.007810059993062168 21 0 21 0 1203
10582 0.0010572070023044944 20 20 20 0 1156
10583 0.007733685954008251 20 0 20 0 1156
10584 0.0010867020464502275 20 20 20 0 1158
10585 0.007673865009564906 20 0 20 0 1158
10586 0.001040352974087 20 20 20 0 1159
10587 0.0077265939908102155 20 0 20 0 1159
10588 0.0010638380190357566 20 20 20 0 1162
10589 0.007726373965851963 20 0 20 0 1162
10590 0.0010868320241570473 20 20 20 0 1162
10591 0.007736789993941784 20 0 20 0 1162
10592 0.0010846590157598257 20 20 20 0 1162
10593 0.007740425004158169 20 0 20 0 1162
10594 0.0010508889681659639 20 20 20 0 1166
10595 0.007610959990415722 20 0 20 0 1166
10596 0.0010525310062803328 20 20 20 0 1169
10597 0.007706164033152163 20 0 20 0 1169
10598 0.0010460009798407555 20 20 20 0 1169
10599 0.007715288025792688 20 0 20 0 1169
10600 0.0010576079948805273 20 20 20 0 1169
10601 0.0076915419776923954 20 0 20 0 1169
10602 0.0010535219917073846 20 20 20 0 1171
10603 0.00770589301828295 20 0 20 0 1171
10604 0.001059120986610651 20 20 20 0 1171
10605 0.00775135203730315 20 0 20 0 1171
10606 0.0010212939814664423 19 19 19 0 1120
10607 0.007694675994571298 19 0 19 0 1120
10608 0.0010384700144641101 19 19 19 0 1121
10609 0.007753764977678657 19 0 19 0 1121
10610 0.0011357159819453955 18 18 18 0 1047
10611 0.0074667540029622614 18 0 18 0 1047
10612 0.0010926210088655353 18 18 18 0 1049
10613 0.0075848320266231894 18 0 18 0 1049
10614 0.0013662920100614429 18 18 18 0 1049
10615 0.007571621972601861 18 0 18 0 1049
10616 0.001047543017193675 18 18 18 0 1051
10617 0.007568336965050548 18 0 18 0 1051
10618 0.001002035045530647 18 18 18 0 1052
10619 0.0075847909902222455 18 0 18 0 1052
10620 0.0010475429589860141 18 18 18 0 1055
10621 0.007460285036358982 18 0 18 0 1055
10622 0.0010075729805976152 18 18 18 0 1055
10623 0.007569609035272151 18 0 18 0 1055
10624 0.000995855953078717 18 18 18 0 1055
10625 0.007540324004366994 18 0 18 0 1055
10626 0.0010065920068882406 18 18 18 0 1058
10627 0.007571351015940309 18 0 18 0 1058
10628 0.0010002430062741041 18 18 18 0 1061
10629 0.007614835980348289 18 0 18 0 1061
10630 0.0010184500133618712 18 18 18 0 1061
10631 0.007579232973512262 18 0 18 0 1061
10632 0.0010198320378549397 18 18 18 0 1061
10633 0.0075916419737041 18 0 18 0 1061
10634 0.0010202319826930761 18 18 18 0 1063
10635 0.007621627009939402 18 0 18 0 1063
10636 0.0009858600096777081 18 18 18 0 1063
10637 0.007637882023118436 18 0 18 0 1063
10638 0.000995925976894796 17 17 17 0 1005
10639 0.007504701032303274 17 0 17 0 1005
10640 0.0009631859720684588 17 17 17 0 1006
10641 0.007516579004004598 17 0 17 0 1006
10642 0.0009899269789457321 17 17 17 0 1006
10643 0.0074300990090705454 17 0 17 0 1006
10644 0.0009686950361356139 17 17 17 0 1008
10645 0.007508066948503256 17 0 17 0 1008
10646 0.0009773070341907442 17 17 17 0 1008
10647 0.007528696965891868 17 0 17 0 1008
10648 0.0009878840064629912 17 17 17 0 1010
10649 0.007503859989810735 17 0 17 0 1010
10650 0.0009987200028263032 17 17 17 0 1011
10651 0.007536760007496923 17 0 17 0 1011
10652 0.0009693450410850346 17 17 17 0 1014
10653 0.007513975957408547 17 0 17 0 1014
10654 0.0009691049926914275 17 17 17 0 1014
10655 0.007543329033069313 17 0 17 0 1014
10656 0.000966341991443187 17 17 17 0 1014
10657 0.007502878026571125 17 0 17 0 1014
10658 0.0009760760003700852 17 17 17 0 1017
10659 0.00752798595931381 17 0 17 0 1017
10660 0.0010016050073318183 17 17 17 0 1020
10661 0.007514445984270424 17 0 17 0 1020
10662 0.0009779480169527233 17 17 17 0 1020
10663 0.007537020021118224 17 0 17 0 1020
10664 0.0009689449798315763 17 17 17 0 1020
10665 0.007516729005146772 17 0 17 0 1020
10666 0.0009922210010699928 17 17 17 0 1022
10667 0.007580444973427802 17 0 17 0 1022
10668 0.000975094037130475 16 16 16 0 932
10669 0.007330269960220903 16 0 16 0 932
10670 0.0009330610046163201 16 16 16 0 932
10671 0.007331601053010672 16 0 16 0 932
10672 0.0009412839426659048 16 16 16 0 933
10673 0.007348046055994928 16 0 16 0 933
10674 0.0009653199813328683 16 16 16 0 933
10675 0.007324219972360879 16 0 16 0 933
10676 0.0009727409924380481 16 16 16 0 935
10677 0.007381306029856205 16 0 16 0 935
10678 0.0009267510031349957 16 16 16 0 935
10679 0.007381305971648544 16 0 16 0 935
10680 0.0009450000361539423 16 16 16 0 937
10681 0.0074306899914518 16 0 16 0 937
10682 0.0009661309886723757 15 15 15 0 844
10683 0.007311119989026338 15 0 15 0 844
10684 0.0009161659982055426 14 14 14 0 800
10685 0.00719891203334555 14 0 14 0 800
10686 0.0008846489945426583 14 14 14 0 800
10687 0.0072597929975017905 14 0 14 0 800
10688 0.0008970180060714483 13 13 13 0 745
10689 0.007195115962531418 13 0 13 0 745
10690 0.0008663810440339148 13 13 13 0 748
10691 0.0072248909855261445 13 0 13 0 748
10692 0.0008489150204695761 12 12 12 0 710
10693 0.0070880959974601865 12 0 12 0 710
10694 0.0008385489927604795 12 12 12 0 710
10695 0.007060884963721037 12 0 12 0 710
10696 0.0008803420350886881 12 12 12 0 710
10697 0.007091831008438021 12 0 12 0 710
10698 0.0008364659734070301 12 12 12 0 711
10699 0.007093103020451963 12 0 12 0 711
10700 0.0008457810035906732 12 12 12 0 711
10701 0.00709045899566263 12 0 12 0 711
10702 0.0008645979687571526 12 12 12 0 711
10703 0.007197369995992631 12 0 12 0 711
10704 0.0008503870340064168 12 12 12 0 712
10705 0.007142707007005811 12 0 12 0 712
10706 0.0008456409559585154 12 12 12 0 712
10707 0.007179643027484417 12 0 12 0 712
10708 0.000849274976644665 12 12 12 0 713
10709 0.007142757996916771 12 0 12 0 713
10710 0.0012507479987107217 12 12 12 0 713
10711 0.007124511001165956 12 0 12 0 713
10712 0.0008543130243197083 12 12 12 0 714
10713 0.007126222015358508 12 0 12 0 714
10714 0.0008516800007782876 12 12 12 0 715
10715 0.007029857952147722 12 0 12 0 715
10716 0.0008575080428272486 12 12 12 0 716
10717 0.007157508982345462 12 0 12 0 716
10718 0.0008783190278336406 12 12 12 0 716
10719 0.007135858002584428 12 0 12 0 716
10720 0.0008589799981564283 12 12 12 0 716
10721 0.007119813002645969 12 0 12 0 716
10722 0.0008866519783623517 12 12 12 0 719
10723 0.007065211015287787 12 0 12 0 719
10724 0.0008545430027879775 12 12 12 0 722
10725 0.0071584119577892125 12 0 12 0 722
10726 0.0008303460199385881 12 12 12 0 722
10727 0.0072016469785012305 12 0 12 0 722
10728 0.0008645980269648135 12 12 12 0 722
10729 0.007168395968619734 12 0 12 0 722
10730 0.0008625260088592768 12 12 12 0 723
10731 0.007161395042203367 12 0 12 0 723
10732 0.0008499569958075881 12 12 12 0 723
10733 0.007150018005631864 12 0 12 0 723
10734 0.0008574279490858316 12 12 12 0 723
10735 0.007140735047869384 12 0 12 0 723
10736 0.0008705869549885392 12 12 12 0 724
10737 0.00714443001197651 12 0 12 0 724
10738 0.000854132988024503 12 12 12 0 724
10739 0.007150318997446448 12 0 12 0 724
10740 0.0008512590429745615 12 12 12 0 725
10741 0.007184821006376296 12 0 12 0 725
10742 0.0008660599705763161 11 11 11 0 675
10743 0.007032883004285395 11 0 11 0 675
10744 0.0007786190253682435 11 11 11 0 676
10745 0.007050999964121729 11 0 11 0 676
10746 0.0007600410026498139 11 11 11 0 676
10747 0.007046654005534947 11 0 11 0 676
10748 0.0007807930232957006 11 11 11 0 677
10749 0.0070433279615826905 11 0 11 0 677
10750 0.0009326310246251523 11 11 11 0 677
10751 0.007105030003003776 11 0 11 0 677
10752 0.0008354950114153326 11 11 11 0 677
10753 0.00709086999995634 11 0 11 0 677
10754 0.0008383590029552579 11 11 11 0 680
10755 0.007028655963949859 11 0 11 0 680
10756 0.0008374780300073326 11 11 11 0 683
10757 0.00710205698851496 11 0 11 0 683
10758 0.0008325999951921403 11 11 11 0 683
10759 0.007089768012519926 11 0 11 0 683
10760 0.0008198519935831428 11 11 11 0 683
10761 0.007100143004208803 11 0 11 0 683
10762 0.0008223059703595936 11 11 11 0 684
10763 0.007104419986717403 11 0 11 0 684
10764 0.0008157650008797646 11 11 11 0 684
10765 0.007121766044292599 11 0 11 0 684
10766 0.0008038569940254092 11 11 11 0 684
10767 0.007094123982824385 11 0 11 0 684
10768 0.000809405988547951 11 11 11 0 685
10769 0.007107825018465519 11 0 11 0 685
10770 0.0008331320132128894 11 11 11 0 685
10771 0.00711105001391843 11 0 11 0 685
10772 0.0008696959703229368 11 11 11 0 686
10773 0.0071198230143636465 11 0 11 0 686
10774 0.0008700569742359221 11 11 11 0 686
10775 0.007151691010221839 11 0 11 0 686
10776 0.000909395981580019 10 10 10 0 637
10777 0.006891700031701475 10 0 10 0 637
10778 0.000773050996940583 10 10 10 0 637
10779 0.006997018994297832 10 0 10 0 637
10780 0.0007909280247986317 10 10 10 0 638
10781 0.007090920000337064 10 0 10 0 638
10782 0.000802644994109869 9 9 9 0 580
10783 0.006868695956654847 9 0 9 0 580
10784 0.0007452490390278399 9 9 9 0 580
10785 0.006922958011273295 9 0 9 0 580
10786 0.0012081039603799582 9 9 9 0 583
10787 0.006719442026223987 9 0 9 0 583
10788 0.000800772977527231 9 9 9 0 585
10789 0.00698398903477937 9 0 9 0 585
10790 0.0007667819736525416 9 9 9 0 585
10791 0.00699821999296546 9 0 9 0 585
10792 0.0007798310252837837 9 9 9 0 585
10793 0.006985401967540383 9 0 9 0 585
10794 0.0007787300273776054 9 9 9 0 585
10795 0.006982196005992591 9 0 9 0 585
10796 0.0007766259950585663 9 9 9 0 585
10797 0.006979612982831895 9 0 9 0 585
10798 0.0007864609942771494 9 9 9 0 585
10799 0.006980053032748401 9 0 9 0 585
10800 0.0007890349952504039 9 9 9 0 586
10801 0.007001875957939774 9 0 9 0 586
10802 0.0008548840414732695 9 9 9 0 586
10803 0.006981515965890139 9 0 9 0 586
10804 0.0007796110003255308 9 9 9 0 587
10805 0.006985391024500132 9 0 9 0 587
10806 0.000821433961391449 9 9 9 0 587
10807 0.006994595052674413 9 0 9 0 587
10808 0.0008060609688982368 9 9 9 0 588
10809 0.007002026017289609 9 0 9 0 588
10810 0.0007681329734623432 9 9 9 0 588
10811 0.006994866009335965 9 0 9 0 588
10812 0.0007909180130809546 9 9 9 0 589
10813 0.006992993003223091 9 0 9 0 589
10814 0.0007789689698256552 9 9 9 0 589
10815 0.00704367901198566 9 0 9 0 589
10816 0.000782545015681535 8 8 8 0 500
10817 0.006883608992211521 8 0 8 0 500
10818 0.0007281230064108968 8 8 8 0 502
10819 0.006874856015201658 8 0 8 0 502
10820 0.0007752839592285454 8 8 8 0 504
10821 0.006880253029521555 8 0 8 0 504
10822 0.0007756859995424747 8 8 8 0 504
10823 0.006912070966791362 8 0 8 0 504
10824 0.0007831760449334979 8 8 8 0 504
10825 0.0068781699519604445 8 0 8 0 504
10826 0.0007677230169065297 8 8 8 0 504
10827 0.006861675996333361 8 0 8 0 504
10828 0.0007886739913374186 8 8 8 0 504
10829 0.006936507998034358 8 0 8 0 504
10830 0.0007172570331022143 7 7 7 0 452
10831 0.006799452006816864 7 0 7 0 452
10832 0.0007169469608925283 7 7 7 0 453
10833 0.006842105998657644 7 0 7 0 453
10834 0.0007229260518215597 7 7 7 0 453
10835 0.0068214149796403944 7 0 7 0 453
10836 0.0007309680222533643 7 7 7 0 454
10837 0.006840693997219205 7 0 7 0 454
10838 0.000706391001585871 7 7 7 0 454
10839 0.006833642954006791 7 0 7 0 454
10840 0.0007182090193964541 7 7 7 0 455
10841 0.0068442089832387865 7 0 7 0 455
10842 0.0007311280351132154 7 7 7 0 455
10843 0.0068565079709514976 7 0 7 0 455
10844 0.0007217440288513899 7 7 7 0 455
10845 0.006877328967675567 7 0 7 0 455
10846 0.0006929500377736986 6 6 6 0 398
10847 0.006706051994115114 6 0 6 0 398
10848 0.0006853489903733134 6 6 6 0 398
10849 0.006760032963939011 6 0 6 0 398
10850 0.0006962360348552465 6 6 6 0 400
10851 0.006773643021006137 6 0 6 0 400
10852 0.0007063609664328396 6 6 6 0 402
10853 0.006758750998415053 6 0 6 0 402
10854 0.0006792499916628003 6 6 6 0 402
10855 0.006773623987101018 6 0 6 0 402
10856 0.0006932210526429117 6 6 6 0 402
10857 0.006706261949148029 6 0 6 0 402
10858 0.0006918690050952137 6 6 6 0 402
10859 0.006720523000694811 6 0 6 0 402
10860 0.0007024450460448861 6 6 6 0 402
10861 0.006782376964110881 6 0 6 0 402
10862 0.0007102169911377132 6 6 6 0 402
10863 0.006785390025470406 6 0 6 0 402
10864 0.0006993209826759994 6 6 6 0 402
10865 0.0067964670015499 6 0 6 0 402
10866 0.0006838469998911023 6 6 6 0 402
10867 0.006781676027458161 6 0 6 0 402
10868 0.0006851989892311394 6 6 6 0 403
10869 0.006806673016399145 6 0 6 0 403
10870 0.0006682229577563703 6 6 6 0 403
10871 0.006795766996219754 6 0 6 0 403
10872 0.0007009630207903683 6 6 6 0 404
10873 0.0066789109841920435 6 0 6 0 404
10874 0.0006971770199015737 6 6 6 0 404
10875 0.006733953021466732 6 0 6 0 404
10876 0.0007222349522635341 6 6 6 0 404
10877 0.0067093270481564105 6 0 6 0 404
10878 0.0007091339793987572 6 6 6 0 404
10879 0.006771220010705292 6 0 6 0 404
10880 0.0007088250131346285 6 6 6 0 404
10881 0.006751979992259294 6 0 6 0 404
10882 0.0007037569885142148 6 6 6 0 406
10883 0.0067720310180447996 6 0 6 0 406
10884 0.0007100069778971374 6 6 6 0 408
10885 0.0067364469869062304 6 0 6 0 408
10886 0.0007064510136842728 6 6 6 0 408
10887 0.0067568880040198565 6 0 6 0 408
10888 0.0006677730125375092 6 6 6 0 408
10889 0.0067573789856396616 6 0 6 0 408
10890 0.0006776379887014627 6 6 6 0 408
10891 0.0067781200050376356 6 0 6 0 408
10892 0.0006639769999310374 6 6 6 0 408
10893 0.0067705989931710064 6 0 6 0 408
10894 0.0009631660068407655 6 6 6 0 408
10895 0.006764539983123541 6 0 6 0 408
10896 0.0006633260054513812 6 6 6 0 408
10897 0.006793613021727651 6 0 6 0 408
10898 0.0007280139834620059 6 6 6 0 408
10899 0.006719290977343917 6 0 6 0 408
10900 0.0006855000392533839 6 6 6 0 409
10901 0.0068220559624023736 6 0 6 0 409
10902 0.0009510180098004639 5 5 5 0 361
10903 0.006665221008006483 5 0 5 0 361
10904 0.0006670210277661681 5 5 5 0 362
10905 0.006745802005752921 5 0 5 0 362
10906 0.0006998309982009232 5 5 5 0 362
10907 0.0067363769630901515 5 0 5 0 362
10908 0.0006885239854454994 5 5 5 0 362
10909 0.006752432032953948 5 0 5 0 362
10910 0.0006836070097051561 5 5 5 0 362
10911 0.006759051000699401 5 0 5 0 362
10912 0.0006372169591486454 4 4 4 0 312
10913 0.006598029052838683 4 0 4 0 312
10914 0.0006372369825839996 4 4 4 0 314
10915 0.006558610999491066 4 0 4 0 314
10916 0.0006340619875118136 4 4 4 0 315
10917 0.00661376299103722 4 0 4 0 315
10918 0.0006833859952166677 4 4 4 0 315
10919 0.006638580991420895 4 0 4 0 315
10920 0.0007507270202040672 4 4 4 0 315
10921 0.006631509982980788 4 0 4 0 315
10922 0.0005986090400256217 3 3 3 0 254
10923 0.006468624982517213 3 0 3 0 254
10924 0.0006103769992478192 3 3 3 0 254
10925 0.006453401991166174 3 0 3 0 254
10926 0.0005931110354140401 3 3 3 0 254
10927 0.006526000972371548 3 0 3 0 254
10928 0.0007219249964691699 3 3 3 0 254
10929 0.006490127008873969 3 0 3 0 254
10930 0.0005830959999002516 3 3 3 0 254
10931 0.006505861005280167 3 0 3 0 254
10932 0.0005803719977848232 3 3 3 0 254
10933 0.006547442986629903 3 0 3 0 254
10934 0.0006227660342119634 3 3 3 0 254
10935 0.006546430988237262 3 0 3 0 254
10936 0.0005923699936829507 3 3 3 0 255
10937 0.006548335019033402 3 0 3 0 255
10938 0.0006013629608787596 3 3 3 0 255
10939 0.006524569005705416 3 0 3 0 255
10940 0.0006052899989299476 3 3 3 0 255
10941 0.006529206002596766 3 0 3 0 255
10942 0.0006063299952074885 3 3 3 0 255
10943 0.006525231001432985 3 0 3 0 255
10944 0.0006656090263277292 2 2 2 0 154
10945 0.006101092963945121 2 0 2 0 154
10946 0.0005559450364671648 2 2 2 0 154
10947 0.006127903994638473 2 0 2 0 154
10948 0.000535144004970789 2 2 2 0 155
10949 0.006164016958791763 2 0 2 0 155
10950 0.0005791900330223143 2 2 2 0 155
10951 0.006144058017525822 2 0 2 0 155
10952 0.0005531299975700676 2 2 2 0 155
10953 0.006132019974756986 2 0 2 0 155
10954 0.0005414530169218779 2 2 2 0 155
10955 0.0061103570042178035 2 0 2 0 155
10956 0.0006134219584055245 2 2 2 0 155
10957 0.006127903005108237 2 0 2 0 155
10958 0.0005469010211527348 2 2 2 0 155
10959 0.006109106005169451 2 0 2 0 155
10960 0.0005625949706882238 2 2 2 0 155
10961 0.006149506021756679 2 0 2 0 155
10962 0.0005356739857234061 2 2 2 0 155
10963 0.0061431670328602195 2 0 2 0 155
10964 0.0005592999514192343 2 2 2 0 155
10965 0.006148624001070857 2 0 2 0 155
10966 0.0005449690506793559 2 2 2 0 155
10967 0.006132108974270523 2 0 2 0 155
10968 0.0005389699945226312 2 2 2 0 156
10969 0.006176996976137161 2 0 2 0 156
10970 0.0005918690003454685 2 2 2 0 156
10971 0.00617505400441587 2 0 2 0 156
10972 0.0005816839984618127 2 2 2 0 156
10973 0.006093121017329395 2 0 2 0 156
10974 0.0005682830233126879 2 2 2 0 156
10975 0.00615611596731469 2 0 2 0 156
10976 0.0005761560169048607 2 2 2 0 156
10977 0.006183766992762685 2 0 2 0 156
10978 0.000572810007724911 2 2 2 0 156
10979 0.006187163002323359 2 0 2 0 156
10980 0.0005973969819024205 2 2 2 0 157
10981 0.006174263020511717 2 0 2 0 157
10982 0.0006449189968407154 2 2 2 0 157
10983 0.006182164011988789 2 0 2 0 157
10984 0.0005514989607036114 2 2 2 0 157
10985 0.006172770052216947 2 0 2 0 157
10986 0.0005656899884343147 2 2 2 0 157
10987 0.0061751839821226895 2 0 2 0 157
10988 0.000582115026190877 2 2 2 0 157
10989 0.006155774986837059 2 0 2 0 157
10990 0.0005566159961745143 2 2 2 0 157
10991 0.006213351967744529 2 0 2 0 157
10992 0.0005831460002809763 2 2 2 0 157
10993 0.006180192052852362 2 0 2 0 157
10994 0.0005690039834007621 2 2 2 0 157
10995 0.006180942989885807 2 0 2 0 157
10996 0.0006062409956939518 2 2 2 0 157
10997 0.006161604018416256 2 0 2 0 157
10998 0.0005683740018866956 2 2 2 0 157
10999 0.006204337987583131 2 0 2 0 157
11000 0.0005790800205431879 2 2 2 0 158
11001 0.006177677947562188 2 0 2 0 158
11002 0.0005805020336993039 2 2 2 0 158
11003 0.006177027011290193 2 0 2 0 158
11004 0.0005857700016349554 2 2 2 0 158
11005 0.00616348598850891 2 0 2 0 158
11006 0.0005917989765293896 2 2 2 0 158
11007 0.006177158036734909 2 0 2 0 158
11008 0.0005717689637094736 2 2 2 0 158
11009 0.006120431993622333 2 0 2 0 158
11010 0.0005678930319845676 2 2 2 0 158
11011 0.00616668100701645 2 0 2 0 158
11012 0.0005867810104973614 2 2 2 0 159
11013 0.006161263969261199 2 0 2 0 159
11014 0.0005684440257027745 2 2 2 0 159
11015 0.0062002919730730355 2 0 2 0 159
11016 0.0006304070120677352 2 2 2 0 159
11017 0.0061757449875585735 2 0 2 0 159
11018 0.0005624350160360336 2 2 2 0 159
11019 0.006179129995871335 2 0 2 0 159
11020 0.0005882639670744538 2 2 2 0 159
11021 0.006158308999147266 2 0 2 0 159
11022 0.0005772370495833457 2 2 2 0 159
11023 0.006179499963764101 2 0 2 0 159
11024 0.0006235470063984394 2 2 2 0 159
11025 0.006181503995321691 2 0 2 0 159
11026 0.0005570169887505472 2 2 2 0 159
11027 0.00618075201055035 2 0 2 0 159
11028 0.0005859200027771294 2 2 2 0 159
11029 0.006168224033899605 2 0 2 0 159
11030 0.0006234069587662816 2 2 2 0 159
11031 0.006172319990582764 2 0 2 0 159
11032 0.0006149730179458857 2 2 2 0 160
11033 0.006201965035870671 2 0 2 0 160
11034 0.0005583789898082614 2 2 2 0 160
11035 0.0061755949864163995 2 0 2 0 160
11036 0.0005861200043000281 2 2 2 0 160
11037 0.0061894559767097235 2 0 2 0 160
11038 0.000650267000310123 2 2 2 0 160
11039 0.006172821042127907 2 0 2 0 160
11040 0.0005544519517570734 2 2 2 0 160
11041 0.006174403999466449 2 0 2 0 160
11042 0.0005706970114260912 2 2 2 0 160
11043 0.006176316004712135 2 0 2 0 160
11044 0.0006010630168020725 2 2 2 0 161
11045 0.006109575973823667 2 0 2 0 161
11046 0.0005903459968976676 2 2 2 0 161
11047 0.006181734031997621 2 0 2 0 161
11048 0.0005832060123793781 2 2 2 0 161
11049 0.006179170974064618 2 0 2 0 161
11050 0.0005616829730570316 2 2 2 0 161
11051 0.006171359040308744 2 0 2 0 161
11052 0.000575273996219039 2 2 2 0 161
11053 0.006199350988026708 2 0 2 0 161
11054 0.0006433660164475441 2 2 2 0 161
11055 0.006110376969445497 2 0 2 0 161
11056 0.0005815940094180405 2 2 2 0 161
11057 0.006172450026497245 2 0 2 0 161
11058 0.0005571369547396898 2 2 2 0 161
11059 0.0061793000204488635 2 0 2 0 161
11060 0.0005803119856864214 2 2 2 0 161
11061 0.006178760027978569 2 0 2 0 161
11062 0.000591898977290839 2 2 2 0 161
11063 0.0061942029860801995 2 0 2 0 161
11064 0.0005988790071569383 2 2 2 0 162
11065 0.006149726046714932 2 0 2 0 162
11066 0.0005666509969159961 2 2 2 0 162
11067 0.006218909984454513 2 0 2 0 162
11068 0.0005734119913540781 2 2 2 0 162
11069 0.006211579020600766 2 0 2 0 162
11070 0.0005795499891974032 2 2 2 0 162
11071 0.0062264520092867315 2 0 2 0 162
11072 0.0005612729582935572 2 2 2 0 162
11073 0.006203707016538829 2 0 2 0 162
11074 0.0005558150005526841 2 2 2 0 162
11075 0.006248463992960751 2 0 2 0 162
11076 0.0005649889935739338 2 2 2 0 163
11077 0.006215915025677532 2 0 2 0 163
11078 0.0006063610198907554 2 2 2 0 163
11079 0.0062059309566393495 2 0 2 0 163
11080 0.0005570760113187134 2 2 2 0 163
11081 0.006161323981359601 2 0 2 0 163
11082 0.0005690250545740128 2 2 2 0 163
11083 0.006149594963062555 2 0 2 0 163
11084 0.0005653800326399505 2 2 2 0 163
11085 0.006224217999260873 2 0 2 0 163
11086 0.0005878429510630667 2 2 2 0 163
11087 0.006228294048923999 2 0 2 0 163
11088 0.0005618039867840707 2 2 2 0 163
11089 0.006246922013815492 2 0 2 0 163
11090 0.0006166559760458767 2 2 2 0 163
11091 0.006230767990928143 2 0 2 0 163
11092 0.0005709170363843441 2 2 2 0 163
11093 0.006225119985174388 2 0 2 0 163
11094 0.0005747429677285254 2 2 2 0 163
11095 0.006187233026139438 2 0 2 0 163
11096 0.0006262200186029077 2 2 2 0 164
11097 0.006218088965397328 2 0 2 0 164
11098 0.0005536309909075499 2 2 2 0 164
11099 0.006258801033254713 2 0 2 0 164
11100 0.0007783079636283219 2 2 2 0 164
11101 0.00624487001914531 2 0 2 0 164
11102 0.0005886040162295103 2 2 2 0 164
11103 0.006226480996701866 2 0 2 0 164
11104 0.0005641669849865139 2 2 2 0 164
11105 0.006163807993289083 2 0 2 0 164
11106 0.0005758050247095525 2 2 2 0 164
11107 0.006201973999850452 2 0 2 0 164
11108 0.0005763059598393738 2 2 2 0 165
11109 0.0062336620176211 2 0 2 0 165
11110 0.0005822550156153738 2 2 2 0 165
11111 0.006246321019716561 2 0 2 0 165
11112 0.0006544129573740065 2 2 2 0 165
11113 0.006239801004994661 2 0 2 0 165
11114 0.0005698759923689067 2 2 2 0 165
11115 0.0062264210428111255 2 0 2 0 165
11116 0.0005643579643219709 2 2 2 0 165
11117 0.006238679983653128 2 0 2 0 165
11118 0.0005513280048035085 2 2 2 0 165
11119 0.006252671009860933 2 0 2 0 165
11120 0.0006960849859751761 2 2 2 0 165
11121 0.006234013009816408 2 0 2 0 165
11122 0.0005581380100920796 2 2 2 0 165
11123 0.00626342702889815 2 0 2 0 165
11124 0.0006383690051734447 2 2 2 0 165
11125 0.006233521969988942 2 0 2 0 165
11126 0.0005734210135415196 2 2 2 0 165
11127 0.006222645984962583 2 0 2 0 165
11128 0.0005767560214735568 2 2 2 0 166
11129 0.006232351006474346 2 0 2 0 166
11130 0.000551807985175401 2 2 2 0 166
11131 0.006174854002892971 2 0 2 0 166
11132 0.0005672819679602981 2 2 2 0 166
11133 0.006255475047510117 2 0 2 0 166
11134 0.0006591499550268054 2 2 2 0 166
11135 0.006242496019694954 2 0 2 0 166
11136 0.0005815529730170965 2 2 2 0 166
11137 0.006244368036277592 2 0 2 0 166
11138 0.000569936993997544 2 2 2 0 166
11139 0.006242905976250768 2 0 2 0 166
11140 0.0005636560381390154 2 2 2 0 167
11141 0.006260171998292208 2 0 2 0 167
11142 0.0005759249906986952 2 2 2 0 167
11143 0.006240371963940561 2 0 2 0 167
11144 0.0006058610160835087 2 2 2 0 167
11145 0.006239981041289866 2 0 2 0 167
11146 0.0005666109500452876 2 2 2 0 167
11147 0.006239722017198801 2 0 2 0 167
11148 0.0005680029862560332 2 2 2 0 167
11149 0.006225619988981634 2 0 2 0 167
11150 0.0005835260380990803 2 2 2 0 167
11151 0.006222956988494843 2 0 2 0 167
11152 0.0005724090151488781 2 2 2 0 167
11153 0.006251839979086071 2 0 2 0 167
11154 0.000586190028116107 2 2 2 0 167
11155 0.006239851994905621 2 0 2 0 167
11156 0.0005609020008705556 2 2 2 0 167
11157 0.006233261956367642 2 0 2 0 167
11158 0.0005918390234000981 2 2 2 0 167
11159 0.006213861983269453 2 0 2 0 167
11160 0.0005745730013586581 2 2 2 0 168
11161 0.006239191046915948 2 0 2 0 168
11162 0.0005547329783439636 2 2 2 0 168
11163 0.00625446398044005 2 0 2 0 168
11164 0.0007622439879924059 2 2 2 0 168
11165 0.006225571036338806 2 0 2 0 168
11166 0.0005800609942525625 2 2 2 0 168
11167 0.006229144986718893 2 0 2 0 168
11168 0.0005758749903179705 2 2 2 0 168
11169 0.00622796401148662 2 0 2 0 168
11170 0.0005713580176234245 2 2 2 0 168
11171 0.006221162970177829 2 0 2 0 168
11172 0.0005524700391106308 2 2 2 0 169
11173 0.006237818975932896 2 0 2 0 169
11174 0.0005968559999018908 2 2 2 0 169
11175 0.00622252601897344 2 0 2 0 169
11176 0.0006198209594003856 2 2 2 0 169
11177 0.0062415130087174475 2 0 2 0 169
11178 0.0005647990037687123 2 2 2 0 169
11179 0.006240663002245128 2 0 2 0 169
11180 0.0005716480081900954 2 2 2 0 169
11181 0.0062381490133702755 2 0 2 0 169
11182 0.0005833259783685207 2 2 2 0 169
11183 0.006228315003681928 2 0 2 0 169
11184 0.0005712870042771101 2 2 2 0 169
11185 0.00617020798381418 2 0 2 0 169
11186 0.0005592789966613054 2 2 2 0 169
11187 0.006242516043130308 2 0 2 0 169
11188 0.0005657299770973623 2 2 2 0 169
11189 0.006243726995307952 2 0 2 0 169
11190 0.0005987390177324414 2 2 2 0 169
11191 0.006228734971955419 2 0 2 0 169
11192 0.0005906070000492036 2 2 2 0 170
11193 0.006214594002813101 2 0 2 0 170
11194 0.0005496250232681632 2 2 2 0 170
11195 0.006277107982896268 2 0 2 0 170
11196 0.0005953240324743092 2 2 2 0 170
11197 0.006244197953492403 2 0 2 0 170
11198 0.0005828849971294403 2 2 2 0 170
11199 0.0062411740073002875 2 0 2 0 170
11200 0.0005754340090788901 2 2 2 0 170
11201 0.00624113401863724 2 0 2 0 170
11202 0.0005767960101366043 2 2 2 0 170
11203 0.006221022980753332 2 0 2 0 170
11204 0.0005573569796979427 2 2 2 0 171
11205 0.006259391026105732 2 0 2 0 171
11206 0.0005733210127800703 2 2 2 0 171
11207 0.00620817398885265 2 0 2 0 171
11208 0.0005683639901690185 2 2 2 0 171
11209 0.006229705992154777 2 0 2 0 171
11210 0.0005712680285796523 2 2 2 0 171
11211 0.006230507977306843 2 0 2 0 171
11212 0.0005613130051642656 2 2 2 0 171
11213 0.006236556975636631 2 0 2 0 171
11214 0.0005626350175589323 2 2 2 0 171
11215 0.0062587900320068 2 0 2 0 171
11216 0.000614912947639823 2 2 2 0 171
11217 0.006258420005906373 2 0 2 0 171
11218 0.0005640170420520008 2 2 2 0 171
11219 0.006243426993023604 2 0 2 0 171
11220 0.0005733509897254407 2 2 2 0 171
11221 0.006233011023141444 2 0 2 0 171
11222 0.0005706369993276894 2 2 2 0 171
11223 0.006248024001251906 2 0 2 0 171
11224 0.0005729809636250138 2 2 2 0 172
11225 0.006251959013752639 2 0 2 0 172
11226 0.0005745929665863514 2 2 2 0 172
11227 0.006246211007237434 2 0 2 0 172
11228 0.000554803991690278 2 2 2 0 172
11229 0.006246231030672789 2 0 2 0 172
11230 0.0005694749997928739 2 2 2 0 172
11231 0.006253081024624407 2 0 2 0 172
11232 0.0005802619853056967 2 2 2 0 172
11233 0.006232980987988412 2 0 2 0 172
11234 0.0005642980104312301 2 2 2 0 172
11235 0.006216075969859958 2 0 2 0 172
11236 0.0005565350293181837 2 2 2 0 173
11237 0.00624301697826013 2 0 2 0 173
11238 0.0005656889989040792 2 2 2 0 173
11239 0.006241144030354917 2 0 2 0 173
11240 0.0005697559681721032 2 2 2 0 173
11241 0.006242525007110089 2 0 2 0 173
11242 0.000583607004955411 2 2 2 0 173
11243 0.006229445978533477 2 0 2 0 173
11244 0.0005594700342044234 2 2 2 0 173
11245 0.006245369964744896 2 0 2 0 173
11246 0.000774062005802989 2 2 2 0 173
11247 0.006293132028076798 2 0 2 0 173
11248 0.000568924006074667 1 1 1 0 87
11249 0.005839750985614955 1 0 1 0 87
11250 0.0005306170205585659 1 1 1 0 87
11251 0.00585134798893705 1 0 1 0 87
11252 0.0005142120062373579 1 1 1 0 87
11253 0.005852369999047369 1 0 1 0 87
11254 0.0005239470046944916 1 1 1 0 87
11255 0.005828142981044948 1 0 1 0 87
11256 0.0005527900066226721 1 1 1 0 87
11257 0.0058505170163698494 1 0 1 0 87
11258 0.0006106779910624027 1 1 1 0 87
11259 0.005855133000295609 1 0 1 0 87
11260 0.0005342529620975256 1 1 1 0 87
11261 0.005852970003616065 1 0 1 0 87
11262 0.000516055035404861 1 1 1 0 87
11263 0.005813210969790816 1 0 1 0 87
11264 0.0005458900122903287 1 1 1 0 87
11265 0.00582807301543653 1 0 1 0 87
11266 0.0005345229874365032 1 1 1 0 87
11267 0.005766780988778919 1 0 1 0 87
11268 0.0005039160023443401 1 1 1 0 88
11269 0.005824438005220145 1 0 1 0 88
11270 0.0005051590269431472 1 1 1 0 88
11271 0.005801051971502602 1 0 1 0 88
11272 0.0005154649843461812 1 1 1 0 88
11273 0.0058117680018767715 1 0 1 0 88
11274 0.0005211129900999367 1 1 1 0 88
11275 0.005822925013490021 1 0 1 0 88
11276 0.0005165759939700365 1 1 1 0 88
11277 0.00581067701568827 1 0 1 0 88
11278 0.00048660102766007185 1 1 1 0 88
11279 0.005822674953378737 1 0 1 0 88
11280 0.0004977680509909987 1 1 1 0 88
11281 0.005822423961944878 1 0 1 0 88
11282 0.0005188290379010141 1 1 1 0 88
11283 0.005808854999486357 1 0 1 0 88
11284 0.0004963149549439549 1 1 1 0 88
11285 0.005809855996631086 1 0 1 0 88
11286 0.0004945530090481043 1 1 1 0 88
11287 0.005815793992951512 1 0 1 0 88
11288 0.000586670998018235 1 1 1 0 88
11289 0.0058225050452165306 1 0 1 0 88
11290 0.0005115079693496227 1 1 1 0 88
11291 0.005807963025290519 1 0 1 0 88
11292 0.0004952739691361785 1 1 1 0 88
11293 0.0058199510094709694 1 0 1 0 88
11294 0.0006298060179688036 1 1 1 0 88
11295 0.005858077958691865 1 0 1 0 88
11296 0.0005229150410741568 1 1 1 0 88
11297 0.005855144001543522 1 0 1 0 88
11298 0.000516125001013279 1 1 1 0 88
11299 0.005847021995577961 1 0 1 0 88
11300 0.000538688967935741 1 1 1 0 89
11301 0.005845730018336326 1 0 1 0 89
11302 0.0005206220084801316 1 1 1 0 89
11303 0.005852739966940135 1 0 1 0 89
11304 0.0005245479987934232 1 1 1 0 89
11305 0.005842955026309937 1 0 1 0 89
11306 0.0005247180233709514 1 1 1 0 89
11307 0.005785338988061994 1 0 1 0 89
11308 0.0005316190072335303 1 1 1 0 89
11309 0.005780030973255634 1 0 1 0 89
11310 0.0005368260317482054 1 1 1 0 89
11311 0.005826379987411201 1 0 1 0 89
11312 0.0006759960087947547 1 1 1 0 89
11313 0.005823676008731127 1 0 1 0 89
11314 0.0004933709860779345 1 1 1 0 89
11315 0.005844717961736023 1 0 1 0 89
11316 0.0005494049983099103 1 1 1 0 89
11317 0.005827673012390733 1 0 1 0 89
11318 0.0005037260125391185 1 1 1 0 89
11319 0.005821593978907913 1 0 1 0 89
11320 0.0004891850403510034 1 1 1 0 89
11321 0.005832859955262393 1 0 1 0 89
11322 0.0005566460313275456 1 1 1 0 89
11323 0.005820991995278746 1 0 1 0 89
11324 0.0004866510280407965 1 1 1 0 89
11325 0.0058119589812122285 1 0 1 0 89
11326 0.0005026250146329403 1 1 1 0 89
11327 0.005817857978399843 1 0 1 0 89
11328 0.0005695750005543232 1 1 1 0 89
11329 0.005824527994263917 1 0 1 0 89
11330 0.0004727100022137165 1 1 1 0 89
11331 0.005800402024760842 1 0 1 0 89
11332 0.0005569759523496032 1 1 1 0 90
11333 0.005797357007395476 1 0 1 0 90
11334 0.0006014940445311368 1 1 1 0 90
11335 0.0058699059882201254 1 0 1 0 90
11336 0.0005253090057522058 1 1 1 0 90
11337 0.005851767957210541 1 0 1 0 90
11338 0.0005345730460248888 1 1 1 0 90
11339 0.005847672990057617 1 0 1 0 90
11340 0.0005128799821250141 1 1 1 0 90
11341 0.005853681999724358 1 0 1 0 90
11342 0.0005781379877589643 1 1 1 0 90
11343 0.005850477027706802 1 0 1 0 90
11344 0.0008496959926560521 1 1 1 0 90
11345 0.005838798999320716 1 0 1 0 90
11346 0.000542284979019314 1 1 1 0 90
11347 0.0058535110438242555 1 0 1 0 90
11348 0.0005785089451819658 1 1 1 0 90
11349 0.005856335046701133 1 0 1 0 90
11350 0.0005317589966580272 1 1 1 0 90
11351 0.005851137975696474 1 0 1 0 90
11352 0.0005338310147635639 1 1 1 0 90
11353 0.005807311972603202 1 0 1 0 90
11354 0.0005068310420028865 1 1 1 0 90
11355 0.005851928959600627 1 0 1 0 90
11356 0.0005110779893584549 1 1 1 0 90
11357 0.005853862036019564 1 0 1 0 90
11358 0.0005356839974410832 1 1 1 0 90
11359 0.005863667000085115 1 0 1 0 90
11360 0.000533091020770371 1 1 1 0 90
11361 0.005845648993272334 1 0 1 0 90
11362 0.0005367359844967723 1 1 1 0 90
11363 0.0058509879745543 1 0 1 0 90
11364 0.0006244780379347503 1 1 1 0 91
11365 0.005852889968082309 1 0 1 0 91
11366 0.0005054690409451723 1 1 1 0 91
11367 0.00585763796698302 1 0 1 0 91
11368 0.0005495850346051157 1 1 1 0 91
11369 0.005852609989233315 1 0 1 0 91
11370 0.000515043968334794 1 1 1 0 91
11371 0.005854743008967489 1 0 1 0 91
11372 0.0005407420103438199 1 1 1 0 91
11373 0.005853200971614569 1 0 1 0 91
11374 0.000608834030572325 1 1 1 0 91
11375 0.00585521396715194 1 0 1 0 91
11376 0.0005274020368233323 1 1 1 0 91
11377 0.005860252014826983 1 0 1 0 91
11378 0.0005418629734776914 1 1 1 0 91
11379 0.005849856010172516 1 0 1 0 91
11380 0.0005048380116932094 1 1 1 0 91
11381 0.005856656993273646 1 0 1 0 91
11382 0.0005198100116103888 1 1 1 0 91
11383 0.005844728962983936 1 0 1 0 91
11384 0.0005295249866321683 1 1 1 0 91
11385 0.005872149020433426 1 0 1 0 91
11386 0.0006303570116870105 1 1 1 0 91
11387 0.0058499560109339654 1 0 1 0 91
11388 0.0005360149662010372 1 1 1 0 91
11389 0.005873351008631289 1 0 1 0 91
11390 0.0005175370024517179 1 1 1 0 91
11391 0.005851948983035982 1 0 1 0 91
11392 0.0005199810257181525 1 1 1 0 91
11393 0.005852359987329692 1 0 1 0 91
11394 0.000530546996742487 1 1 1 0 91
11395 0.0058554140268824995 1 0 1 0 91
11396 0.0005172370001673698 1 1 1 0 92
11397 0.005847291962709278 1 0 1 0 92
11398 0.0005389290163293481 1 1 1 0 92
11399 0.005834332027006894 1 0 1 0 92
11400 0.0006153750000521541 1 1 1 0 92
11401 0.005815363954752684 1 0 1 0 92
11402 0.0005343020311556756 1 1 1 0 92
11403 0.005846942018251866 1 0 1 0 92
11404 0.0005391289596445858 1 1 1 0 92
11405 0.005871459026820958 1 0 1 0 92
11406 0.0005154539830982685 1 1 1 0 92
11407 0.005866920982953161 1 0 1 0 92
11408 0.0005187400383874774 1 1 1 0 92
11409 0.00585382099961862 1 0 1 0 92
11410 0.0005259299650788307 1 1 1 0 92
11411 0.005852049042005092 1 0 1 0 92
11412 0.0005305369850248098 1 1 1 0 92
11413 0.005850426969118416 1 0 1 0 92
11414 0.000541613029781729 1 1 1 0 92
11415 0.0058658799971453846 1 0 1 0 92
11416 0.0005693850107491016 1 1 1 0 92
11417 0.005849484994541854 1 0 1 0 92
11418 0.0005172970122657716 1 1 1 0 92
11419 0.005850466957781464 1 0 1 0 92
11420 0.000559210020583123 1 1 1 0 92
11421 0.005831638991367072 1 0 1 0 92
11422 0.0005236460128799081 1 1 1 0 92
11423 0.005846059997566044 1 0 1 0 92
11424 0.0005311979912221432 1 1 1 0 92
11425 0.005866240011528134 1 0 1 0 92
11426 0.0005174879916012287 1 1 1 0 92
11427 0.005864137026946992 1 0 1 0 92
11428 0.0005517989629879594 1 1 1 0 93
11429 0.005833020026329905 1 0 1 0 93
11430 0.0005389699945226312 1 1 1 0 93
11431 0.005867752013728023 1 0 1 0 93
11432 0.000553381978534162 1 1 1 0 93
11433 0.005851958005223423 1 0 1 0 93
11434 0.0005151139921508729 1 1 1 0 93
11435 0.005859390017576516 1 0 1 0 93
11436 0.0005226049688644707 1 1 1 0 93
11437 0.005854793009348214 1 0 1 0 93
11438 0.000523185997735709 1 1 1 0 93
11439 0.005847733002156019 1 0 1 0 93
11440 0.0005351239815354347 1 1 1 0 93
11441 0.005850516026839614 1 0 1 0 93
11442 0.0005382890230976045 1 1 1 0 93
11443 0.005862905003596097 1 0 1 0 93
11444 0.0005264009814709425 1 1 1 0 93
11445 0.005846030020620674 1 0 1 0 93
11446 0.0005759549676440656 1 1 1 0 93
11447 0.005859359982423484 1 0 1 0 93
11448 0.0005184890469536185 1 1 1 0 93
11449 0.005862455000169575 1 0 1 0 93
11450 0.0005396899650804698 1 1 1 0 93
11451 0.005854443006683141 1 0 1 0 93
11452 0.0005159850115887821 1 1 1 0 93
11453 0.005878599011339247 1 0 1 0 93
11454 0.0006768259918317199 1 1 1 0 93
11455 0.005854582996107638 1 0 1 0 93
11456 0.0005067819729447365 1 1 1 0 93
11457 0.005860581004526466 1 0 1 0 93
11458 0.0005568769993260503 1 1 1 0 93
11459 0.005825609026942402 1 0 1 0 93
11460 0.0005225749919191003 1 1 1 0 94
11461 0.005849055014550686 1 0 1 0 94
11462 0.0005382279632613063 1 1 1 0 94
11463 0.00583959004143253 1 0 1 0 94
11464 0.0005292549612931907 1 1 1 0 94
11465 0.005839401041157544 1 0 1 0 94
11466 0.0005180069711059332 1 1 1 0 94
11467 0.005873381975106895 1 0 1 0 94
11468 0.000624978041741997 1 1 1 0 94
11469 0.005847612977959216 1 0 1 0 94
11470 0.0005230960086919367 1 1 1 0 94
11471 0.005792728974483907 1 0 1 0 94
11472 0.0005363360396586359 1 1 1 0 94
11473 0.005802374973427504 1 0 1 0 94
11474 0.0005726389936171472 1 1 1 0 94
11475 0.005838790035340935 1 0 1 0 94
11476 0.0005240769824013114 1 1 1 0 94
11477 0.005822274019010365 1 0 1 0 94
11478 0.0005299559561535716 1 1 1 0 94
11479 0.00581824901746586 1 0 1 0 94
11480 0.0004906760295853019 1 1 1 0 94
11481 0.005825148953590542 1 0 1 0 94
11482 0.0004960450460202992 1 1 1 0 94
11483 0.0058239869540557265 1 0 1 0 94
11484 0.0004998110234737396 1 1 1 0 94
11485 0.005823265993967652 1 0 1 0 94
11486 0.0005223150365054607 1 1 1 0 94
11487 0.005807180947158486 1 0 1 0 94
11488 0.0004838070017285645 1 1 1 0 94
11489 0.0057915180223062634 1 0 1 0 94
11490 0.0005111679784022272 1 1 1 0 94
11491 0.005813630996271968 1 0 1 0 94
11492 0.0005521190469153225 1 1 1 0 95
11493 0.005804938962683082 1 0 1 0 95
11494 0.0004860699991695583 1 1 1 0 95
11495 0.00582884403411299 1 0 1 0 95
11496 0.0005103359580971301 1 1 1 0 95
11497 0.005808925023302436 1 0 1 0 95
11498 0.0006254190229810774 1 1 1 0 95
11499 0.005798277969006449 1 0 1 0 95
11500 0.0005144529859535396 1 1 1 0 95
11501 0.00582260504597798 1 0 1 0 95
11502 0.0005088140023872256 1 1 1 0 95
11503 0.005811207985971123 1 0 1 0 95
11504 0.0005815529730170965 1 1 1 0 95
11505 0.005800232000183314 1 0 1 0 95
11506 0.000512880040332675 1 1 1 0 95
11507 0.005809795984532684 1 0 1 0 95
11508 0.0005064809811301529 1 1 1 0 95
11509 0.00581413198960945 1 0 1 0 95
11510 0.0005914079956710339 1 1 1 0 95
11511 0.005814763018861413 1 0 1 0 95
11512 0.0005167759954929352 1 1 1 0 95
11513 0.005825920030474663 1 0 1 0 95
11514 0.0005273919668979943 1 1 1 0 95
11515 0.005840502039063722 1 0 1 0 95
11516 0.0005396499764174223 1 1 1 0 95
11517 0.00584101298591122 1 0 1 0 95
11518 0.0005386490374803543 1 1 1 0 95
11519 0.0058075119741261005 1 0 1 0 95
11520 0.0005424050032161176 1 1 1 0 95
11521 0.005833861010614783 1 0 1 0 95
11522 0.0005262609920464456 1 1 1 0 95
11523 0.005834001989569515 1 0 1 0 95
11524 0.0005271920235827565 1 1 1 0 96
11525 0.005820861959364265 1 0 1 0 96
11526 0.0005367060075514019 1 1 1 0 96
11527 0.005812390008941293 1 0 1 0 96
11528 0.0004971669986844063 1 1 1 0 96
11529 0.00583601399557665 1 0 1 0 96
11530 0.0005035669892095029 1 1 1 0 96
11531 0.005834202049300075 1 0 1 0 96
11532 0.000526810996234417 1 1 1 0 96
11533 0.005782494961749762 1 0 1 0 96
11534 0.0005546630127355456 1 1 1 0 96
11535 0.005813580995891243 1 0 1 0 96
11536 0.0005436670035123825 1 1 1 0 96
11537 0.00581745698582381 1 0 1 0 96
11538 0.0005375370383262634 1 1 1 0 96
11539 0.005817907978780568 1 0 1 0 96
11540 0.0004839469911530614 1 1 1 0 96
11541 0.0058354539796710014 1 0 1 0 96
11542 0.0004787790239788592 1 1 1 0 96
11543 0.0058358749956823885 1 0 1 0 96
11544 0.0005257099983282387 1 1 1 0 96
11545 0.005824658030178398 1 0 1 0 96
11546 0.0004896050086244941 1 1 1 0 96
11547 0.005842684942763299 1 0 1 0 96
11548 0.0005117390537634492 1 1 1 0 96
11549 0.005830395966768265 1 0 1 0 96
11550 0.0005520900012925267 1 1 1 0 96
11551 0.005798758997116238 1 0 1 0 96
11552 0.00048123201122507453 1 1 1 0 96
11553 0.005831478978507221 1 0 1 0 96
11554 0.0005023840349167585 1 1 1 0 96
11555 0.005805599968880415 1 0 1 0 96
11556 0.0005181680317036808 1 1 1 0 97
11557 0.005809305002912879 1 0 1 0 97
11558 0.0005439369706436992 1 1 1 0 97
11559 0.005812840012367815 1 0 1 0 97
11560 0.0005667610093951225 1 1 1 0 97
11561 0.0058372169733047485 1 0 1 0 97
11562 0.0005171369994059205 1 1 1 0 97
11563 0.005837207019794732 1 0 1 0 97
11564 0.0005366959958337247 1 1 1 0 97
11565 0.005844486993737519 1 0 1 0 97
11566 0.000541793997399509 1 1 1 0 97
11567 0.0058472020318731666 1 0 1 0 97
11568 0.0005244879866950214 1 1 1 0 97
11569 0.005825528991408646 1 0 1 0 97
11570 0.0005324300145730376 1 1 1 0 97
11571 0.0058272010064683855 1 0 1 0 97
11572 0.0005433069891296327 1 1 1 0 97
11573 0.0058203309890814126 1 0 1 0 97
11574 0.0006179880001582205 1 1 1 0 97
11575 0.005816365999635309 1 0 1 0 97
11576 0.0005591189838014543 1 1 1 0 97
11577 0.005803236039355397 1 0 1 0 97
11578 0.0005300559569150209 1 1 1 0 97
11579 0.005823515995871276 1 0 1 0 97
11580 0.0005600620061159134 1 1 1 0 97
11581 0.005824948020745069 1 0 1 0 97
11582 0.0005042870179750025 1 1 1 0 97
11583 0.00584325595991686 1 0 1 0 97
11584 0.000544077018275857 1 1 1 0 97
11585 0.005830026988405734 1 0 1 0 97
11586 0.0005238560261204839 1 1 1 0 97
11587 0.00581786799011752 1 0 1 0 97
11588 0.0005607529892586172 1 1 1 0 98
11589 0.005817927012685686 1 0 1 0 98
11590 0.0005246680229902267 1 1 1 0 98
11591 0.00581552495714277 1 0 1 0 98
11592 0.0005052980268374085 1 1 1 0 98
11593 0.00583513401215896 1 0 1 0 98
11594 0.0005436369683593512 1 1 1 0 98
11595 0.005794242024421692 1 0 1 0 98
11596 0.000539330008905381 1 1 1 0 98
11597 0.005790726980194449 1 0 1 0 98
11598 0.0005061599658802152 1 1 1 0 98
11599 0.005790216033346951 1 0 1 0 98
11600 0.0005112380022183061 1 1 1 0 98
11601 0.005839650984853506 1 0 1 0 98
11602 0.0005214629927650094 1 1 1 0 98
11603 0.005831377988215536 1 0 1 0 98
11604 0.0005355440080165863 1 1 1 0 98
11605 0.005782105028629303 1 0 1 0 98
11606 0.000546580005902797 1 1 1 0 98
11607 0.0058241779915988445 1 0 1 0 98
11608 0.0005018229712732136 1 1 1 0 98
11609 0.005857828014995903 1 0 1 0 98
11610 0.0005047679878771305 1 1 1 0 98
11611 0.0058585990336723626 1 0 1 0 98
11612 0.0005524999578483403 1 1 1 0 98
11613 0.00579814804950729 1 0 1 0 98
11614 0.000498858978971839 1 1 1 0 98
11615 0.0058493249816820025 1 0 1 0 98
11616 0.0005018340307287872 1 1 1 0 98
11617 0.005833230970893055 1 0 1 0 98
11618 0.000515755033120513 1 1 1 0 98
11619 0.005826690990943462 1 0 1 0 98
11620 0.0005308369873091578 1 1 1 0 99
11621 0.0058372970088385046 1 0 1 0 99
11622 0.0005333209992386401 1 1 1 0 99
11623 0.0058155839797109365 1 0 1 0 99
11624 0.0005693749990314245 1 1 1 0 99
11625 0.005848583998158574 1 0 1 0 99
11626 0.0006345830042846501 1 1 1 0 99
11627 0.005826221022289246 1 0 1 0 99
11628 0.000531708006747067 1 1 1 0 99
11629 0.005803446983918548 1 0 1 0 99
11630 0.0005290239932946861 1 1 1 0 99
11631 0.005831658025272191 1 0 1 0 99
11632 0.0005357349873520434 1 1 1 0 99
11633 0.005828674009535462 1 0 1 0 99
11634 0.0004911979776807129 1 1 1 0 99
11635 0.005813251016661525 1 0 1 0 99
11636 0.0005102059803903103 1 1 1 0 99
11637 0.005829886009451002 1 0 1 0 99
11638 0.0005245680222287774 1 1 1 0 99
11639 0.005826129985507578 1 0 1 0 99
11640 0.0005044469726271927 1 1 1 0 99
11641 0.005813472031150013 1 0 1 0 99
11642 0.0005075919907540083 1 1 1 0 99
11643 0.0058227250119671226 1 0 1 0 99
11644 0.0005351739819161594 1 1 1 0 99
11645 0.005826000007800758 1 0 1 0 99
11646 0.0005101159913465381 1 1 1 0 99
11647 0.00581598503049463 1 0 1 0 99
11648 0.0005208519869484007 1 1 1 0 99
11649 0.0058222750085406005 1 0 1 0 99
11650 0.0005642269970849156 1 1 1 0 99
11651 0.005820060963742435 1 0 1 0 99
11652 0.0004929110291413963 1 1 1 0 100
11653 0.005818739009555429 1 0 1 0 100
11654 0.0005321589997038245 1 1 1 0 100
11655 0.005808663961943239 1 0 1 0 100
11656 0.0005624750046990812 1 1 1 0 100
11657 0.0058230250142514706 1 0 1 0 100
11658 0.0004993699840269983 1 1 1 0 100
11659 0.005846581014338881 1 0 1 0 100
11660 0.0004921489744447172 1 1 1 0 100
11661 0.005841013044118881 1 0 1 0 100
11662 0.0005133909871801734 1 1 1 0 100
11663 0.0058304169797338545 1 0 1 0 100
11664 0.0005155440303497016 1 1 1 0 100
11665 0.0058389289770275354 1 0 1 0 100
11666 0.0005159950233064592 1 1 1 0 100
11667 0.005824317981023341 1 0 1 0 100
11668 0.000518108019605279 1 1 1 0 100
11669 0.00581835798220709 1 0 1 0 100
11670 0.0005391099839471281 1 1 1 0 100
11671 0.005861073033884168 1 0 1 0 100
11672 0.0005421040114015341 1 1 1 0 100
11673 0.005853951966855675 1 0 1 0 100
11674 0.0005332510336302221 1 1 1 0 100
11675 0.0058484229957684875 1 0 1 0 100
11676 0.0005299659678712487 1 1 1 0 100
11677 0.0058839269913733006 1 0 1 0 100
11678 0.0006147940293885767 1 1 1 0 100
11679 0.005861672980245203 1 0 1 0 100
11680 0.0005577779957093298 1 1 1 0 100
11681 0.005860742006916553 1 0 1 0 100
11682 0.0005370170110836625 1 1 1 0 100
11683 0.005803366017062217 1 0 1 0 100
11684 0.0005224639899097383 1 1 1 0 101
11685 0.005789295013528317 1 0 1 0 101
11686 0.0005702469497919083 1 1 1 0 101
11687 0.005846059997566044 1 0 1 0 101
11688 0.0005353040178306401 1 1 1 0 101
11689 0.005855554016306996 1 0 1 0 101
11690 0.0005402619717642665 1 1 1 0 101
11691 0.0058707770076580346 1 0 1 0 101
11692 0.0005303570069372654 1 1 1 0 101
11693 0.005883746023755521 1 0 1 0 101
11694 0.0005822549574077129 1 1 1 0 101
11695 0.005850617017131299 1 0 1 0 101
11696 0.000530627032276243 1 1 1 0 101
11697 0.005858297983650118 1 0 1 0 101
11698 0.0005398709909059107 1 1 1 0 101
11699 0.005854052025824785 1 0 1 0 101
11700 0.0005301960045471787 1 1 1 0 101
11701 0.005865178944077343 1 0 1 0 101
11702 0.0005256500444374979 1 1 1 0 101
11703 0.005881372955627739 1 0 1 0 101
11704 0.0005827250424772501 1 1 1 0 101
11705 0.005861622979864478 1 0 1 0 101
11706 0.0005384089890867472 1 1 1 0 101
11707 0.0058600110351108015 1 0 1 0 101
11708 0.0005384889664128423 1 1 1 0 101
11709 0.005865299026481807 1 0 1 0 101
11710 0.0005236369906924665 1 1 1 0 101
11711 0.005860220990143716 1 0 1 0 101
11712 0.0005213830154389143 1 1 1 0 101
11713 0.005877026997040957 1 0 1 0 101
11714 0.000589695991948247 1 1 1 0 101
11715 0.0058268309803679585 1 0 1 0 101
11716 0.0005419140215963125 1 1 1 0 102
11717 0.0058573869755491614 1 0 1 0 102
11718 0.000531558005604893 1 1 1 0 102
11719 0.0058633360313251615 1 0 1 0 102
11720 0.0005171769880689681 1 1 1 0 102
11721 0.005863015016075224 1 0 1 0 102
11722 0.0005215539713390172 1 1 1 0 102
11723 0.005858549033291638 1 0 1 0 102
11724 0.000532338977791369 1 1 1 0 102
11725 0.005861182988155633 1 0 1 0 102
11726 0.0005285440129227936 1 1 1 0 102
11727 0.005856967007275671 1 0 1 0 102
11728 0.0005261799669824541 1 1 1 0 102
11729 0.00588096200954169 1 0 1 0 102
11730 0.0005476530059240758 1 1 1 0 102
11731 0.005860692006535828 1 0 1 0 102
11732 0.0% 1 1 1 0 102
11733 0.005843937047757208 1 0 1 0 102
11734 0.0005306169623509049 1 1 1 0 102
11735 0.005860531993675977 1 0 1 0 102
11736 0.0005158950225450099 1 1 1 0 102
11737 0.00586528901476413 1 0 1 0 102
11738 0.0005179079598747194 1 1 1 0 102
11739 0.005877265997696668 1 0 1 0 102
11740 0.0005839470541104674 1 1 1 0 102
11741 0.005846921994816512 1 0 1 0 102
11742 0.0005393699975684285 1 1 1 0 102
11743 0.0058606420061551034 1 0 1 0 102
11744 0.0005327199469320476 1 1 1 0 102
11745 0.0058842270518653095 1 0 1 0 102
11746 0.000614953984040767 1 1 1 0 102
11747 0.0058483139728195965 1 0 1 0 102
11748 0.0005327099934220314 1 1 1 0 103
11749 0.0058780580293387175 1 0 1 0 103
11750 0.0005410119774751365 1 1 1 0 103
11751 0.00586211500922218 1 0 1 0 103
11752 0.0005150730139575899 1 1 1 0 103
11753 0.0058726099669002 1 0 1 0 103
11754 0.0005342530203051865 1 1 1 0 103
11755 0.005844687984790653 1 0 1 0 103
11756 0.000519149994943291 1 1 1 0 103
11757 0.0058647580444812775 1 0 1 0 103
11758 0.0005326700047589839 1 1 1 0 103
11759 0.005882694968022406 1 0 1 0 103
11760 0.0006066710338927805 1 1 1 0 103
11761 0.00587526400340721 1 0 1 0 103
11762 0.000520271947607398 1 1 1 0 103
11763 0.0058613220462575555 1 0 1 0 103
11764 0.000535554951056838 1 1 1 0 103
11765 0.005884428042918444 1 0 1 0 103
11766 0.0005422839894890785 1 1 1 0 103
11767 0.0058612030115909874 1 0 1 0 103
11768 0.0005580779979936779 1 1 1 0 103
11769 0.005857987969648093 1 0 1 0 103
11770 0.000596576021052897 1 1 1 0 103
11771 0.005872980982530862 1 0 1 0 103
11772 0.0005102560389786959 1 1 1 0 103
11773 0.005870716995559633 1 0 1 0 103
11774 0.0005437569925561547 1 1 1 0 103
11775 0.0058628550032153726 1 0 1 0 103
11776 0.0005272819544188678 1 1 1 0 103
11777 0.005870737018994987 1 0 1 0 103
11778 0.0005352339940145612 1 1 1 0 103
11779 0.0058725299895741045 1 0 1 0 103
11780 0.0005745330126956105 1 1 1 0 104
11781 0.0058659500209614635 1 0 1 0 104
11782 0.000528152973856777 1 1 1 0 104
11783 0.005854682996869087 1 0 1 0 104
11784 0.0005508580361492932 1 1 1 0 104
11785 0.0057922289706766605 1 0 1 0 104
11786 0.0005296450108289719 1 1 1 0 104
11787 0.00585162901552394 1 0 1 0 104
11788 0.0005372269661165774 1 1 1 0 104
11789 0.005803495994769037 1 0 1 0 104
11790 0.0006621950305998325 1 1 1 0 104
11791 0.005828613007906824 1 0 1 0 104
11792 0.0005516689852811396 1 1 1 0 104
11793 0.0058520890306681395 1 0 1 0 104
11794 0.0005433670012280345 1 1 1 0 104
11795 0.005862032994627953 1 0 1 0 104
11796 0.0005209929659031332 1 1 1 0 104
11797 0.005863355996552855 1 0 1 0 104
11798 0.0005239170277491212 1 1 1 0 104
11799 0.005862163961865008 1 0 1 0 104
11800 0.000525399053003639 1 1 1 0 104
11801 0.005873441987205297 1 0 1 0 104
11802 0.0005307070096023381 1 1 1 0 104
11803 0.0058614329900592566 1 0 1 0 104
11804 0.0005418139626272023 1 1 1 0 104
11805 0.005895194015465677 1 0 1 0 104
11806 0.0005322890356183052 1 1 1 0 104
11807 0.005874963942915201 1 0 1 0 104
11808 0.0005381680093705654 1 1 1 0 104
11809 0.005859089025761932 1 0 1 0 104
11810 0.0005551339709199965 1 1 1 0 104
11811 0.005855955008883029 1 0 1 0 104
11812 0.000529505021404475 1 1 1 0 105
11813 0.005865540006197989 1 0 1 0 105
11814 0.0005815629847347736 1 1 1 0 105
11815 0.005855844996403903 1 0 1 0 105
11816 0.0005063710268586874 1 1 1 0 105
11817 0.005878167983610183 1 0 1 0 105
11818 0.0005594909889623523 1 1 1 0 105
11819 0.0058542920160107315 1 0 1 0 105
11820 0.0005380879738368094 1 1 1 0 105
11821 0.0058778380043804646 1 0 1 0 105
11822 0.0005206920322962105 1 1 1 0 105
11823 0.005873510963283479 1 0 1 0 105
11824 0.0005328209954313934 1 1 1 0 105
11825 0.0058660299982875586 1 0 1 0 105
11826 0.0005409420118667185 1 1 1 0 105
11827 0.005854503018781543 1 0 1 0 105
11828 0.000547552015632391 1 1 1 0 105
11829 0.005789324990473688 1 0 1 0 105
11830 0.0005403319955803454 1 1 1 0 105
11831 0.005817627010401338 1 0 1 0 105
11832 0.0005142929730936885 1 1 1 0 105
11833 0.005867912026587874 1 0 1 0 105
11834 0.0005352739826776087 1 1 1 0 105
11835 0.005776075005996972 1 0 1 0 105
11836 0.000530326971784234 1 1 1 0 105
11837 0.0058430060162208974 1 0 1 0 105
11838 0.0005183480097912252 1 1 1 0 105
11839 0.0058556050062179565 1 0 1 0 105
11840 0.0005294349975883961 1 1 1 0 105
11841 0.005829164001625031 1 0 1 0 105
11842 0.0006560359615832567 1 1 1 0 105
11843 0.005870857043191791 1 0 1 0 105
11844 0.000559129985049367 1 1 1 0 106
11845 0.005819090001750737 1 0 1 0 106
11846 0.0005323090008459985 1 1 1 0 106
11847 0.005880201002582908 1 0 1 0 106
11848 0.0005384389660321176 1 1 1 0 106
11849 0.00586763204773888 1 0 1 0 106
11850 0.0005372469895519316 1 1 1 0 106
11851 0.005884738988243043 1 0 1 0 106
11852 0.0005645679775625467 1 1 1 0 106
11853 0.0058798500103875995 1 0 1 0 106
11854 0.0005337120383046567 1 1 1 0 106
11855 0.005881743971258402 1 0 1 0 106
11856 0.0005144620081409812 1 1 1 0 106
11857 0.0058826549793593585 1 0 1 0 106
11858 0.0005201520398259163 1 1 1 0 106
11859 0.0058589690015651286 1 0 1 0 106
11860 0.0005368969868868589 1 1 1 0 106
11861 0.005883545964024961 1 0 1 0 106
11862 0.0005906670121476054 1 1 1 0 106
11863 0.00586992601165548 1 0 1 0 106
11864 0.0005398810026235878 1 1 1 0 106
11865 0.005817056982778013 1 0 1 0 106
11866 0.0005266210064291954 1 1 1 0 106
11867 0.0058321389951743186 1 0 1 0 106
11868 0.0005195200210437179 1 1 1 0 106
11869 0.0058752240147441626 1 0 1 0 106
11870 0.0005777779733762145 1 1 1 0 106
11871 0.005879220028873533 1 0 1 0 106
11872 0.000624817970674485 1 1 1 0 106
11873 0.005868324020411819 1 0 1 0 106
11874 0.0005580979632213712 1 1 1 0 106
11875 0.00586237502284348 1 0 1 0 106
11876 0.0005148929776623845 1 1 1 0 107
11877 0.0058658100315369666 1 0 1 0 107
11878 0.0005602609599009156 1 1 1 0 107
11879 0.005818599020130932 1 0 1 0 107
11880 0.0005412030150182545 1 1 1 0 107
11881 0.0058764860150404274 1 0 1 0 107
11882 0.0005912879714742303 1 1 1 0 107
11883 0.00586619001114741 1 0 1 0 107
11884 0.0005209629889577627 1 1 1 0 107
11885 0.005873440997675061 1 0 1 0 107
11886 0.000534513033926487 1 1 1 0 107
11887 0.005873520975001156 1 0 1 0 107
11888 0.0005578480195254087 1 1 1 0 107
11889 0.005879239994101226 1 0 1 0 107
11890 0.0005402509705163538 1 1 1 0 107
11891 0.0058681530063040555 1 0 1 0 107
11892 0.0005357750342227519 1 1 1 0 107
11893 0.0058578779571689665 1 0 1 0 107
11894 0.0005341920186765492 1 1 1 0 107
11895 0.005863005993887782 1 0 1 0 107
11896 0.0005293249851092696 1 1 1 0 107
11897 0.005889245017897338 1 0 1 0 107
11898 0.0005180180305615067 1 1 1 0 107
11899 0.005884367972612381 1 0 1 0 107
11900 0.0005518280086107552 1 1 1 0 107
11901 0.00587328098481521 1 0 1 0 107
11902 0.0005569570348598063 1 1 1 0 107
11903 0.00586931494763121 1 0 1 0 107
11904 0.0005127100157551467 1 1 1 0 107
11905 0.005886800994630903 1 0 1 0 107
11906 0.0005194810219109058 1 1 1 0 107
11907 0.0058772359625436366 1 0 1 0 107
11908 0.0005601720185950398 1 1 1 0 108
11909 0.0058660299982875586 1 0 1 0 108
11910 0.0005238770390860736 1 1 1 0 108
11911 0.005890285945497453 1 0 1 0 108
11912 0.000562465051189065 1 1 1 0 108
11913 0.005816074961330742 1 0 1 0 108
11914 0.0005124700255692005 1 1 1 0 108
11915 0.00588389701442793 1 0 1 0 108
11916 0.0005080729606561363 1 1 1 0 108
11917 0.005884598009288311 1 0 1 0 108
11918 0.0005327300168573856 1 1 1 0 108
11919 0.005869194981642067 1 0 1 0 108
11920 0.0005203409818932414 1 1 1 0 108
11921 0.0058988400269299746 1 0 1 0 108
11922 0.0006063500186428428 1 1 1 0 108
11923 0.005884928978048265 1 0 1 0 108
11924 0.0005140519933775067 1 1 1 0 108
11925 0.005863847036380321 1 0 1 0 108
11926 0.0005198709550313652 1 1 1 0 108
11927 0.005813371040858328 1 0 1 0 108
11928 0.0005593199748545885 1 1 1 0 108
11929 0.005853882001247257 1 0 1 0 108
11930 0.0005343619850464165 1 1 1 0 108
11931 0.005830257025081664 1 0 1 0 108
11932 0.0005460999673232436 1 1 1 0 108
11933 0.0058201010106131434 1 0 1 0 108
11934 0.0004958650097250938 1 1 1 0 108
11935 0.005873801012057811 1 0 1 0 108
11936 0.0005398810026235878 1 1 1 0 108
11937 0.0058794699725694954 1 0 1 0 108
11938 0.0005798310157842934 1 1 1 0 108
11939 0.00587739801267162 1 0 1 0 108
11940 0.0005161449662409723 1 1 1 0 109
11941 0.00587606499902904 1 0 1 0 109
11942 0.0005562049918808043 1 1 1 0 109
11943 0.005848193017300218 1 0 1 0 109
11944 0.00055409298511222 1 1 1 0 109
11945 0.005864708044100553 1 0 1 0 109
11946 0.0005147129995748401 1 1 1 0 109
11947 0.005894913978409022 1 0 1 0 109
11948 0.0005390989826992154 1 1 1 0 109
